;abstract_lemma;abstract_pos
Padua;[('patient', 76183), ('study', 66829), ('use', 65111), ('result', 61111), ('show', 46270), ('high', 44842), ('model', 40124), ('cell', 38277), ('present', 34480), ('data', 34363), ('find', 34317), ('analysis', 34265), ('group', 33583), ('different', 32104), ('significant', 31047), ('increase', 31039), ('effect', 30868), ('method', 30309), ('low', 25265), ('level', 25224), ('system', 25021), ('time', 24179), ('test', 24058), ('control', 23794), ('case', 22967), ('treatment', 21225), ('year', 20612), ('compare', 20231), ('structure', 20054), ('experiment', 20011)];[(('patients', 'NNS'), 69770), (('results', 'NNS'), 50500), (('study', 'NN'), 35255), (('data', 'NNS'), 32398), (('different', 'JJ'), 31415), (('using', 'VBG'), 27361), (('analysis', 'NN'), 27297), (('model', 'NN'), 22676), (('group', 'NN'), 21901), (('high', 'JJ'), 19330), (('time', 'NN'), 19328), (('cells', 'NNS'), 18833), (('used', 'VBN'), 18677), (('treatment', 'NN'), 18557), (('may', 'MD'), 18526), (('methods', 'NNS'), 18083), (('compared', 'VBN'), 17950), (('new', 'JJ'), 17379), (('showed', 'VBD'), 17069), (('present', 'JJ'), 17004), (('significant', 'JJ'), 16468), (('based', 'VBN'), 16338), (('clinical', 'JJ'), 16175), (('system', 'NN'), 16131), (('effect', 'NN'), 15672), (('years', 'NNS'), 15387), (('effects', 'NNS'), 15169), (('found', 'VBD'), 15153), (('activity', 'NN'), 15020), (('associated', 'VBN'), 14984)]
Napoli;[('patient', 105751), ('study', 80251), ('use', 72521), ('result', 71521), ('show', 55316), ('cell', 54514), ('high', 52666), ('model', 43547), ('analysis', 42821), ('group', 41542), ('significant', 41381), ('increase', 38791), ('effect', 38215), ('data', 37318), ('present', 36621), ('method', 35938), ('find', 35788), ('different', 35738), ('level', 33694), ('treatment', 32161), ('system', 30266), ('control', 28867), ('case', 28382), ('low', 27948), ('test', 27524), ('disease', 27294), ('activity', 26014), ('compare', 25398), ('time', 25377), ('structure', 25289)];[(('patients', 'NNS'), 96736), (('results', 'NNS'), 59582), (('study', 'NN'), 44266), (('data', 'NNS'), 35159), (('different', 'JJ'), 34946), (('analysis', 'NN'), 34799), (('using', 'VBG'), 29092), (('treatment', 'NN'), 28542), (('group', 'NN'), 28189), (('cells', 'NNS'), 27621), (('model', 'NN'), 25659), (('showed', 'VBD'), 23107), (('compared', 'VBN'), 23019), (('methods', 'NNS'), 22376), (('significant', 'JJ'), 22140), (('high', 'JJ'), 21793), (('clinical', 'JJ'), 21722), (('activity', 'NN'), 21610), (('used', 'VBN'), 21397), (('levels', 'NNS'), 21225), (('may', 'MD'), 21203), (('new', 'JJ'), 20827), (('time', 'NN'), 20531), (('system', 'NN'), 19983), (('effects', 'NNS'), 19835), (('significantly', 'RB'), 19241), (('associated', 'VBN'), 19125), (('authors', 'NNS'), 19071), (('based', 'VBN'), 18569), (('effect', 'NN'), 18323)]
Frosinone;[('use', 3528), ('model', 3351), ('result', 2977), ('system', 2434), ('study', 2432), ('paper', 2288), ('propose', 2273), ('analysis', 2048), ('present', 1990), ('show', 1927), ('high', 1852), ('different', 1780), ('method', 1775), ('test', 1639), ('experiment', 1520), ('process', 1494), ('base', 1490), ('approach', 1417), ('performance', 1407), ('design', 1345), ('obtain', 1257), ('problem', 1245), ('effect', 1239), ('time', 1231), ('data', 1184), ('aim', 1151), ('numerical', 1127), ('condition', 1095), ('order', 1085), ('control', 1079)];[(('results', 'NNS'), 2475), (('paper', 'NN'), 2257), (('model', 'NN'), 2071), (('different', 'JJ'), 1754), (('analysis', 'NN'), 1654), (('system', 'NN'), 1548), (('proposed', 'VBN'), 1390), (('based', 'VBN'), 1385), (('study', 'NN'), 1380), (('using', 'VBG'), 1343), (('performance', 'NN'), 1186), (('data', 'NNS'), 1130), (('used', 'VBN'), 1127), (('time', 'NN'), 1066), (('approach', 'NN'), 1058), (('order', 'NN'), 1055), (('numerical', 'JJ'), 1040), (('experimental', 'JJ'), 1025), (('new', 'JJ'), 987), (('energy', 'NN'), 987), (('process', 'NN'), 979), (('method', 'NN'), 910), (('design', 'NN'), 906), (('power', 'NN'), 904), (('high', 'JJ'), 894), (('systems', 'NNS'), 886), (('conditions', 'NNS'), 882), (('control', 'NN'), 841), (('problem', 'NN'), 823), (('present', 'JJ'), 782)]
Siena;[('patient', 24798), ('study', 19391), ('use', 17523), ('result', 16934), ('cell', 14811), ('show', 14324), ('high', 12747), ('group', 11704), ('significant', 10929), ('analysis', 9557), ('data', 9507), ('find', 9500), ('increase', 9010), ('present', 8987), ('different', 8851), ('level', 8751), ('method', 8324), ('model', 8260), ('effect', 8013), ('treatment', 7948), ('case', 7159), ('low', 6879), ('activity', 6775), ('clinic', 6691), ('control', 6552), ('system', 6405), ('disease', 6245), ('test', 6212), ('observe', 6125), ('may', 6061)];[(('patients', 'NNS'), 22517), (('results', 'NNS'), 13726), (('study', 'NN'), 10402), (('data', 'NNS'), 8965), (('different', 'JJ'), 8647), (('analysis', 'NN'), 7968), (('cells', 'NNS'), 7655), (('group', 'NN'), 7592), (('treatment', 'NN'), 7168), (('using', 'VBG'), 6961), (('clinical', 'JJ'), 6367), (('showed', 'VBD'), 6257), (('may', 'MD'), 6054), (('significant', 'JJ'), 5964), (('methods', 'NNS'), 5614), (('levels', 'NNS'), 5563), (('activity', 'NN'), 5558), (('new', 'JJ'), 5550), (('used', 'VBN'), 5275), (('high', 'JJ'), 5009), (('significantly', 'RB'), 4965), (('model', 'NN'), 4870), (('species', 'NNS'), 4843), (('time', 'NN'), 4801), (('compared', 'VBN'), 4670), (('present', 'JJ'), 4619), (('found', 'VBD'), 4618), (('cell', 'NN'), 4600), (('observed', 'VBD'), 4453), (('years', 'NNS'), 4416)]
Perugia;[('patient', 26818), ('study', 24685), ('use', 24201), ('result', 22552), ('cell', 16403), ('show', 16381), ('high', 16082), ('model', 13374), ('data', 12670), ('analysis', 12238), ('increase', 12150), ('group', 11884), ('present', 11795), ('effect', 11733), ('different', 11492), ('significant', 11167), ('find', 11152), ('method', 10580), ('level', 9302), ('low', 9274), ('treatment', 9182), ('system', 9104), ('case', 8378), ('time', 8310), ('test', 8247), ('activity', 8116), ('observe', 7978), ('experiment', 7647), ('obtain', 7585), ('energy', 7583)];[(('patients', 'NNS'), 24681), (('results', 'NNS'), 18489), (('study', 'NN'), 13173), (('data', 'NNS'), 11968), (('different', 'JJ'), 11246), (('using', 'VBG'), 10387), (('analysis', 'NN'), 10037), (('cells', 'NNS'), 9219), (('treatment', 'NN'), 8058), (('group', 'NN'), 8014), (('model', 'NN'), 7894), (('used', 'VBN'), 6873), (('high', 'JJ'), 6864), (('activity', 'NN'), 6771), (('time', 'NN'), 6671), (('compared', 'VBN'), 6639), (('showed', 'VBD'), 6547), (('new', 'JJ'), 6500), (('energy', 'NN'), 6491), (('methods', 'NNS'), 6299), (('significant', 'JJ'), 6297), (('may', 'MD'), 6116), (('effect', 'NN'), 5957), (('based', 'VBN'), 5928), (('system', 'NN'), 5919), (('clinical', 'JJ'), 5878), (('effects', 'NNS'), 5743), (('observed', 'VBD'), 5708), (('present', 'JJ'), 5688), (('authors', 'NNS'), 5597)]
Vercelli;[('patient', 14171), ('study', 8970), ('use', 8652), ('cell', 8007), ('result', 7852), ('high', 5752), ('show', 5547), ('data', 5242), ('analysis', 4797), ('significant', 4596), ('model', 4583), ('present', 4129), ('increase', 4081), ('method', 3963), ('effect', 3909), ('group', 3834), ('level', 3737), ('find', 3735), ('treatment', 3636), ('different', 3504), ('observe', 3202), ('compare', 3134), ('disease', 3096), ('measure', 3064), ('low', 3014), ('case', 2929), ('clinic', 2918), ('time', 2867), ('conclusion', 2822), ('associate', 2801)];[(('patients', 'NNS'), 13036), (('results', 'NNS'), 6594), (('study', 'NN'), 4982), (('data', 'NNS'), 4941), (('analysis', 'NN'), 3991), (('cells', 'NNS'), 3982), (('using', 'VBG'), 3883), (('different', 'JJ'), 3423), (('treatment', 'NN'), 3266), (('compared', 'VBN'), 2821), (('model', 'NN'), 2809), (('clinical', 'JJ'), 2760), (('methods', 'NNS'), 2750), (('cell', 'NN'), 2639), (('significant', 'JJ'), 2544), (('authors', 'NNS'), 2501), (('group', 'NN'), 2431), (('production', 'NN'), 2401), (('observed', 'VBD'), 2396), (('associated', 'VBN'), 2390), (('used', 'VBN'), 2385), (('showed', 'VBD'), 2314), (('time', 'NN'), 2284), (('high', 'JJ'), 2278), (('new', 'JJ'), 2273), (('may', 'MD'), 2257), (('risk', 'NN'), 2228), (('effects', 'NNS'), 2169), (('collisions', 'NNS'), 2149), (('levels', 'NNS'), 2112)]
Benevento;[('use', 3404), ('result', 2887), ('model', 2769), ('system', 2609), ('study', 2536), ('analysis', 2251), ('show', 2068), ('paper', 1890), ('data', 1875), ('different', 1750), ('propose', 1685), ('present', 1670), ('high', 1662), ('effect', 1509), ('base', 1492), ('approach', 1476), ('energy', 1397), ('method', 1366), ('process', 1319), ('increase', 1304), ('experiment', 1281), ('cell', 1254), ('test', 1237), ('time', 1194), ('structure', 1173), ('performance', 1144), ('provide', 1134), ('find', 1126), ('elsevier', 1117), ('level', 1074)];[(('results', 'NNS'), 2379), (('paper', 'NN'), 1856), (('analysis', 'NN'), 1792), (('data', 'NNS'), 1771), (('different', 'JJ'), 1728), (('model', 'NN'), 1588), (('system', 'NN'), 1585), (('based', 'VBN'), 1378), (('energy', 'NN'), 1364), (('study', 'NN'), 1353), (('using', 'VBG'), 1285), (('approach', 'NN'), 1125), (('used', 'VBN'), 1043), (('systems', 'NNS'), 1024), (('time', 'NN'), 951), (('new', 'JJ'), 930), (('order', 'NN'), 906), (('performance', 'NN'), 902), (('proposed', 'VBN'), 871), (('effects', 'NNS'), 845), (('experimental', 'JJ'), 839), (('high', 'JJ'), 798), (('conditions', 'NNS'), 732), (('present', 'JJ'), 723), (('process', 'NN'), 720), (('rights', 'NNS'), 715), (('control', 'NN'), 714), (('water', 'NN'), 690), (('may', 'MD'), 672), (('authors', 'NNS'), 670)]
Modena;[('patient', 28449), ('study', 21337), ('use', 18927), ('result', 18627), ('show', 14659), ('cell', 14151), ('high', 14000), ('group', 11555), ('analysis', 10808), ('increase', 10446), ('different', 10258), ('significant', 10184), ('find', 10099), ('effect', 10081), ('method', 9936), ('present', 9892), ('data', 9134), ('level', 9008), ('treatment', 8754), ('model', 8703), ('case', 8040), ('low', 7738), ('system', 7238), ('control', 7088), ('structure', 7031), ('test', 7006), ('clinic', 6793), ('time', 6599), ('investigate', 6515), ('compare', 6251)];[(('patients', 'NNS'), 25991), (('results', 'NNS'), 15414), (('study', 'NN'), 11231), (('different', 'JJ'), 10026), (('analysis', 'NN'), 8862), (('data', 'NNS'), 8523), (('treatment', 'NN'), 7773), (('group', 'NN'), 7706), (('using', 'VBG'), 7699), (('cells', 'NNS'), 7117), (('clinical', 'JJ'), 6308), (('methods', 'NNS'), 6103), (('high', 'JJ'), 6101), (('may', 'MD'), 6033), (('levels', 'NNS'), 5881), (('showed', 'VBD'), 5564), (('compared', 'VBN'), 5557), (('used', 'VBN'), 5501), (('time', 'NN'), 5338), (('significant', 'JJ'), 5172), (('effect', 'NN'), 5164), (('present', 'JJ'), 5111), (('model', 'NN'), 5091), (('new', 'JJ'), 5088), (('significantly', 'RB'), 5012), (('found', 'VBD'), 4959), (('effects', 'NNS'), 4906), (('associated', 'VBN'), 4902), (('cell', 'NN'), 4844), (('system', 'NN'), 4676)]
Parma;[('patient', 21243), ('study', 21140), ('result', 18514), ('use', 18245), ('show', 15120), ('high', 13759), ('cell', 13698), ('group', 12632), ('different', 11467), ('effect', 10611), ('present', 10283), ('significant', 10158), ('increase', 10077), ('method', 9969), ('analysis', 9968), ('model', 9936), ('find', 9637), ('structure', 8753), ('data', 8620), ('level', 8199), ('case', 7959), ('system', 7935), ('test', 7920), ('low', 7884), ('treatment', 7216), ('complex', 7119), ('control', 7112), ('time', 6834), ('obtain', 6701), ('observe', 6448)];[(('patients', 'NNS'), 19336), (('results', 'NNS'), 15190), (('different', 'JJ'), 11215), (('study', 'NN'), 11183), (('group', 'NN'), 8558), (('analysis', 'NN'), 8139), (('data', 'NNS'), 8118), (('using', 'VBG'), 7119), (('cells', 'NNS'), 7112), (('treatment', 'NN'), 6316), (('model', 'NN'), 6119), (('may', 'MD'), 5959), (('showed', 'VBD'), 5734), (('high', 'JJ'), 5681), (('methods', 'NNS'), 5662), (('used', 'VBN'), 5524), (('effect', 'NN'), 5481), (('compared', 'VBN'), 5447), (('time', 'NN'), 5348), (('present', 'JJ'), 5308), (('system', 'NN'), 5295), (('significant', 'JJ'), 5273), (('levels', 'NNS'), 5191), (('effects', 'NNS'), 5115), (('activity', 'NN'), 5023), (('new', 'JJ'), 4944), (('clinical', 'JJ'), 4896), (('significantly', 'RB'), 4885), (('presence', 'NN'), 4650), (('observed', 'VBD'), 4642)]
Roma;[('patient', 251823), ('study', 169400), ('result', 154307), ('use', 152326), ('show', 115011), ('cell', 103810), ('high', 101039), ('group', 87882), ('model', 85206), ('analysis', 84086), ('find', 81428), ('significant', 81405), ('present', 81050), ('data', 80075), ('method', 78208), ('increase', 71871), ('different', 70925), ('effect', 69200), ('treatment', 65598), ('level', 64638), ('case', 63591), ('system', 59257), ('time', 58354), ('low', 56221), ('disease', 54605), ('control', 54588), ('test', 54532), ('clinic', 54123), ('year', 52231), ('compare', 49961)];[(('patients', 'NNS'), 229848), (('results', 'NNS'), 128621), (('study', 'NN'), 93028), (('data', 'NNS'), 75456), (('different', 'JJ'), 69394), (('analysis', 'NN'), 69279), (('using', 'VBG'), 63057), (('group', 'NN'), 60155), (('treatment', 'NN'), 59314), (('cells', 'NNS'), 54473), (('clinical', 'JJ'), 51371), (('model', 'NN'), 50873), (('methods', 'NNS'), 49491), (('may', 'MD'), 47565), (('time', 'NN'), 47561), (('significant', 'JJ'), 45067), (('compared', 'VBN'), 44704), (('showed', 'VBD'), 43323), (('high', 'JJ'), 43184), (('used', 'VBN'), 42838), (('new', 'JJ'), 42093), (('associated', 'VBN'), 40217), (('present', 'JJ'), 39729), (('system', 'NN'), 39446), (('years', 'NNS'), 39417), (('authors', 'NNS'), 38061), (('levels', 'NNS'), 38055), (('based', 'VBN'), 37576), (('significantly', 'RB'), 36338), (('found', 'VBD'), 36141)]
Bergamo;[('model', 2876), ('use', 2716), ('study', 2452), ('result', 2390), ('paper', 2096), ('show', 1854), ('different', 1691), ('process', 1553), ('analysis', 1551), ('test', 1437), ('system', 1429), ('high', 1379), ('data', 1352), ('present', 1347), ('find', 1335), ('effect', 1300), ('approach', 1264), ('base', 1227), ('provide', 1195), ('propose', 1165), ('method', 1137), ('new', 1119), ('performance', 1097), ('problem', 1085), ('time', 1074), ('research', 1016), ('case', 1000), ('design', 991), ('investigate', 973), ('structure', 961)];[(('paper', 'NN'), 2036), (('results', 'NNS'), 2014), (('different', 'JJ'), 1656), (('model', 'NN'), 1581), (('study', 'NN'), 1366), (('data', 'NNS'), 1278), (('analysis', 'NN'), 1217), (('based', 'VBN'), 1132), (('new', 'JJ'), 1115), (('using', 'VBG'), 1052), (('research', 'NN'), 999), (('performance', 'NN'), 962), (('time', 'NN'), 949), (('process', 'NN'), 937), (('approach', 'NN'), 907), (('system', 'NN'), 899), (('used', 'VBN'), 788), (('models', 'NNS'), 759), (('order', 'NN'), 746), (('authors', 'NNS'), 738), (('problem', 'NN'), 721), (('case', 'NN'), 705), (('effect', 'NN'), 687), (('patients', 'NNS'), 686), (('italian', 'JJ'), 647), (('role', 'NN'), 646), (('may', 'MD'), 644), (('design', 'NN'), 640), (('number', 'NN'), 633), (('present', 'JJ'), 632)]
Salerno;[('use', 16567), ('study', 13796), ('result', 13592), ('model', 12590), ('show', 10997), ('system', 9762), ('high', 9209), ('patient', 8898), ('analysis', 8737), ('different', 8169), ('method', 8150), ('present', 7630), ('data', 7324), ('effect', 7174), ('cell', 7022), ('process', 6876), ('paper', 6466), ('structure', 6390), ('find', 6317), ('obtain', 6267), ('time', 6067), ('propose', 6046), ('test', 5861), ('approach', 5843), ('base', 5794), ('increase', 5564), ('experiment', 5490), ('group', 5405), ('activity', 5378), ('significant', 5231)];[(('results', 'NNS'), 10963), (('patients', 'NNS'), 8124), (('different', 'JJ'), 8027), (('model', 'NN'), 7640), (('study', 'NN'), 7389), (('analysis', 'NN'), 7207), (('data', 'NNS'), 6927), (('using', 'VBG'), 6675), (('paper', 'NN'), 6310), (('system', 'NN'), 5963), (('based', 'VBN'), 5277), (('time', 'NN'), 5000), (('new', 'JJ'), 4968), (('used', 'VBN'), 4946), (('approach', 'NN'), 4290), (('high', 'JJ'), 4283), (('order', 'NN'), 4134), (('activity', 'NN'), 4098), (('properties', 'NNS'), 3969), (('process', 'NN'), 3910), (('systems', 'NNS'), 3798), (('authors', 'NNS'), 3718), (('methods', 'NNS'), 3707), (('compared', 'VBN'), 3602), (('effects', 'NNS'), 3591), (('rights', 'NNS'), 3578), (('effect', 'NN'), 3574), (('energy', 'NN'), 3554), (('method', 'NN'), 3493), (('conditions', 'NNS'), 3467)]
Milano;[('patient', 180923), ('study', 133329), ('use', 127956), ('result', 120915), ('show', 87942), ('high', 87439), ('model', 83349), ('cell', 82152), ('analysis', 70147), ('method', 67577), ('data', 65950), ('group', 65639), ('different', 64782), ('increase', 64225), ('significant', 63858), ('present', 61947), ('effect', 59869), ('find', 59557), ('system', 53013), ('level', 53008), ('treatment', 51392), ('control', 50645), ('low', 49276), ('case', 48615), ('test', 48011), ('time', 47771), ('clinic', 43072), ('year', 42822), ('compare', 42289), ('disease', 42284)];[(('patients', 'NNS'), 165035), (('results', 'NNS'), 100054), (('study', 'NN'), 72157), (('different', 'JJ'), 63380), (('data', 'NNS'), 62187), (('analysis', 'NN'), 56051), (('using', 'VBG'), 51599), (('model', 'NN'), 46947), (('treatment', 'NN'), 45513), (('group', 'NN'), 43246), (('cells', 'NNS'), 42169), (('methods', 'NNS'), 41401), (('clinical', 'JJ'), 40390), (('time', 'NN'), 38878), (('compared', 'VBN'), 37931), (('may', 'MD'), 37579), (('high', 'JJ'), 37233), (('used', 'VBN'), 36928), (('system', 'NN'), 35135), (('based', 'VBN'), 34611), (('new', 'JJ'), 34119), (('associated', 'VBN'), 33836), (('significant', 'JJ'), 33774), (('risk', 'NN'), 32587), (('showed', 'VBD'), 32436), (('years', 'NNS'), 31861), (('levels', 'NNS'), 31641), (('authors', 'NNS'), 30534), (('effect', 'NN'), 30211), (('significantly', 'RB'), 30084)]
Bolzano;[('use', 3468), ('study', 3034), ('model', 2756), ('result', 2580), ('show', 2153), ('high', 2054), ('system', 2050), ('different', 2000), ('data', 1855), ('analysis', 1676), ('process', 1591), ('effect', 1422), ('find', 1407), ('increase', 1384), ('present', 1379), ('plant', 1368), ('approach', 1365), ('paper', 1340), ('method', 1310), ('research', 1240), ('time', 1237), ('base', 1234), ('author', 1225), ('provide', 1148), ('work', 1064), ('soil', 1059), ('propose', 1045), ('performance', 1016), ('significant', 990), ('change', 980)];[(('results', 'NNS'), 2031), (('different', 'JJ'), 1950), (('data', 'NNS'), 1760), (('study', 'NN'), 1694), (('model', 'NN'), 1435), (('analysis', 'NN'), 1352), (('paper', 'NN'), 1310), (('research', 'NN'), 1223), (('using', 'VBG'), 1192), (('system', 'NN'), 1160), (('authors', 'NNS'), 1141), (('based', 'VBN'), 1128), (('used', 'VBN'), 1062), (('time', 'NN'), 1043), (('new', 'JJ'), 946), (('approach', 'NN'), 940), (('performance', 'NN'), 916), (('systems', 'NNS'), 890), (('species', 'NNS'), 871), (('high', 'JJ'), 841), (('process', 'NN'), 838), (('soil', 'NN'), 804), (('conditions', 'NNS'), 801), (('models', 'NNS'), 787), (('energy', 'NN'), 774), (('effect', 'NN'), 741), (('plant', 'NN'), 715), (('water', 'NN'), 697), (('compared', 'VBN'), 687), (('effects', 'NNS'), 679)]
Sassari;[('study', 11867), ('patient', 11097), ('use', 10563), ('result', 9380), ('high', 8446), ('show', 7736), ('cell', 6390), ('group', 6348), ('significant', 6149), ('increase', 5726), ('different', 5643), ('find', 5526), ('analysis', 5503), ('effect', 5303), ('method', 5028), ('level', 5022), ('data', 4525), ('present', 4517), ('treatment', 4379), ('specie', 4372), ('sample', 4262), ('low', 4256), ('model', 4167), ('test', 3988), ('activity', 3896), ('case', 3893), ('control', 3809), ('system', 3584), ('evaluate', 3437), ('observe', 3379)];[(('patients', 'NNS'), 10103), (('results', 'NNS'), 7667), (('study', 'NN'), 6289), (('different', 'JJ'), 5535), (('analysis', 'NN'), 4475), (('using', 'VBG'), 4338), (('species', 'NNS'), 4274), (('data', 'NNS'), 4227), (('group', 'NN'), 3950), (('showed', 'VBD'), 3905), (('treatment', 'NN'), 3678), (('high', 'JJ'), 3413), (('may', 'MD'), 3247), (('significant', 'JJ'), 3236), (('activity', 'NN'), 3222), (('used', 'VBN'), 3048), (('cells', 'NNS'), 3030), (('new', 'JJ'), 3005), (('methods', 'NNS'), 2988), (('compared', 'VBN'), 2961), (('significantly', 'RB'), 2913), (('levels', 'NNS'), 2913), (('higher', 'JJR'), 2758), (('effect', 'NN'), 2709), (('time', 'NN'), 2685), (('found', 'VBD'), 2684), (('effects', 'NNS'), 2584), (('clinical', 'JJ'), 2581), (('respectively', 'RB'), 2565), (('present', 'JJ'), 2551)]
Catania;[('patient', 28933), ('study', 26515), ('use', 24553), ('result', 22997), ('show', 18247), ('high', 16686), ('model', 14233), ('group', 13655), ('present', 13261), ('cell', 13009), ('analysis', 12663), ('data', 12428), ('significant', 12403), ('different', 12226), ('effect', 11976), ('increase', 11901), ('find', 11668), ('system', 11229), ('method', 11202), ('level', 10591), ('treatment', 10457), ('low', 9421), ('case', 9015), ('obtain', 8481), ('time', 8338), ('control', 8319), ('compare', 8307), ('observe', 7898), ('new', 7867), ('energy', 7826)];[(('patients', 'NNS'), 26426), (('results', 'NNS'), 19023), (('study', 'NN'), 14258), (('different', 'JJ'), 11967), (('data', 'NNS'), 11733), (('analysis', 'NN'), 10352), (('using', 'VBG'), 9766), (('treatment', 'NN'), 9239), (('group', 'NN'), 9198), (('model', 'NN'), 8356), (('new', 'JJ'), 7820), (('compared', 'VBN'), 7509), (('system', 'NN'), 7438), (('used', 'VBN'), 7391), (('showed', 'VBD'), 7189), (('high', 'JJ'), 7149), (('significant', 'JJ'), 6985), (('may', 'MD'), 6844), (('energy', 'NN'), 6730), (('cells', 'NNS'), 6652), (('time', 'NN'), 6607), (('authors', 'NNS'), 6606), (('effects', 'NNS'), 6405), (('methods', 'NNS'), 6377), (('levels', 'NNS'), 6360), (('clinical', 'JJ'), 6339), (('based', 'VBN'), 6328), (('activity', 'NN'), 6251), (('paper', 'NN'), 6241), (('present', 'JJ'), 6087)]
Messina;[('patient', 24103), ('study', 20276), ('use', 16814), ('result', 16586), ('show', 13289), ('high', 11827), ('group', 11684), ('significant', 10949), ('cell', 10443), ('effect', 9579), ('different', 9092), ('increase', 8956), ('analysis', 8714), ('find', 8557), ('present', 8414), ('method', 8325), ('treatment', 8159), ('level', 7869), ('model', 7317), ('data', 7300), ('case', 6761), ('system', 6759), ('evaluate', 6603), ('disease', 6564), ('investigate', 6483), ('activity', 6371), ('low', 6369), ('control', 6205), ('clinic', 6068), ('report', 6060)];[(('patients', 'NNS'), 21865), (('results', 'NNS'), 13872), (('study', 'NN'), 11160), (('different', 'JJ'), 8922), (('group', 'NN'), 7923), (('treatment', 'NN'), 7433), (('analysis', 'NN'), 7346), (('data', 'NNS'), 6858), (('using', 'VBG'), 6732), (('showed', 'VBD'), 6293), (('significant', 'JJ'), 5948), (('clinical', 'JJ'), 5765), (('levels', 'NNS'), 5710), (('cells', 'NNS'), 5406), (('activity', 'NN'), 5337), (('may', 'MD'), 5151), (('methods', 'NNS'), 5028), (('significantly', 'RB'), 5001), (('effects', 'NNS'), 4989), (('compared', 'VBN'), 4939), (('used', 'VBN'), 4927), (('time', 'NN'), 4892), (('high', 'JJ'), 4890), (('model', 'NN'), 4599), (('authors', 'NNS'), 4577), (('effect', 'NN'), 4575), (('present', 'JJ'), 4508), (('system', 'NN'), 4462), (('new', 'JJ'), 4352), (('years', 'NNS'), 4260)]
Torino;[('use', 69163), ('patient', 68668), ('study', 64595), ('result', 62449), ('show', 46206), ('model', 45536), ('high', 43933), ('cell', 43132), ('analysis', 37570), ('different', 36186), ('present', 34474), ('method', 33275), ('data', 33240), ('system', 31235), ('increase', 30017), ('find', 29211), ('significant', 28756), ('effect', 28693), ('group', 28143), ('case', 25597), ('test', 25484), ('time', 23826), ('low', 23536), ('level', 23528), ('treatment', 22628), ('obtain', 22389), ('process', 21624), ('structure', 21398), ('control', 21221), ('base', 21096)];[(('patients', 'NNS'), 62958), (('results', 'NNS'), 51644), (('different', 'JJ'), 35568), (('study', 'NN'), 34316), (('data', 'NNS'), 31299), (('analysis', 'NN'), 30288), (('using', 'VBG'), 27787), (('model', 'NN'), 25565), (('cells', 'NNS'), 21867), (('used', 'VBN'), 20608), (('system', 'NN'), 19821), (('treatment', 'NN'), 19448), (('time', 'NN'), 19392), (('based', 'VBN'), 19204), (('paper', 'NN'), 18996), (('new', 'JJ'), 18961), (('high', 'JJ'), 18900), (('compared', 'VBN'), 18201), (('group', 'NN'), 18176), (('methods', 'NNS'), 17789), (('may', 'MD'), 17373), (('energy', 'NN'), 15971), (('significant', 'JJ'), 15887), (('authors', 'NNS'), 15794), (('present', 'JJ'), 15772), (('showed', 'VBD'), 15666), (('clinical', 'JJ'), 15644), (('cell', 'NN'), 14910), (('effect', 'NN'), 14864), (('approach', 'NN'), 14259)]
Trieste;[('use', 26064), ('result', 23039), ('model', 22816), ('study', 22322), ('show', 18919), ('patient', 16436), ('present', 15700), ('data', 15629), ('find', 15122), ('high', 14696), ('cell', 12710), ('different', 12388), ('analysis', 12023), ('system', 11804), ('effect', 11396), ('structure', 11028), ('method', 11019), ('group', 10022), ('energy', 9579), ('mass', 9441), ('experiment', 9364), ('case', 9286), ('function', 9249), ('significant', 9175), ('time', 9009), ('obtain', 8875), ('low', 8787), ('society', 8766), ('increase', 8539), ('observe', 8410)];[(('results', 'NNS'), 18177), (('patients', 'NNS'), 14898), (('data', 'NNS'), 14856), (('model', 'NN'), 12991), (('using', 'VBG'), 12187), (('different', 'JJ'), 12169), (('study', 'NN'), 11501), (('analysis', 'NN'), 9761), (('society', 'NN'), 8474), (('energy', 'NN'), 7989), (('new', 'JJ'), 7618), (('present', 'JJ'), 7481), (('american', 'JJ'), 7147), (('time', 'NN'), 7047), (('high', 'JJ'), 6997), (('based', 'VBN'), 6979), (('system', 'NN'), 6969), (('mass', 'NN'), 6941), (('used', 'VBN'), 6933), (('models', 'NNS'), 6907), (('group', 'NN'), 6485), (('properties', 'NNS'), 6273), (('may', 'MD'), 6250), (('cells', 'NNS'), 6180), (('physical', 'JJ'), 6096), (('effects', 'NNS'), 6015), (('authors', 'NNS'), 5914), (('found', 'VBD'), 5905), (('order', 'NN'), 5721), (('structure', 'NN'), 5694)]
Venezia;[('use', 7649), ('study', 5918), ('result', 5428), ('model', 5382), ('show', 4535), ('analysis', 4422), ('different', 4158), ('high', 4114), ('data', 3371), ('present', 3224), ('paper', 3192), ('system', 3156), ('process', 3021), ('structure', 2966), ('water', 2843), ('find', 2826), ('sample', 2644), ('effect', 2625), ('method', 2616), ('approach', 2586), ('increase', 2573), ('base', 2542), ('time', 2506), ('obtain', 2486), ('complex', 2471), ('elsevier', 2469), ('change', 2381), ('provide', 2366), ('new', 2332), ('environment', 2326)];[(('results', 'NNS'), 4251), (('different', 'JJ'), 4072), (('analysis', 'NN'), 3517), (('data', 'NNS'), 3200), (('paper', 'NN'), 3110), (('model', 'NN'), 2944), (('using', 'VBG'), 2912), (('study', 'NN'), 2808), (('new', 'JJ'), 2330), (('based', 'VBN'), 2215), (('used', 'VBN'), 2179), (('water', 'NN'), 2173), (('time', 'NN'), 1988), (('high', 'JJ'), 1945), (('rights', 'NNS'), 1907), (('system', 'NN'), 1906), (('conditions', 'NNS'), 1876), (('species', 'NNS'), 1835), (('approach', 'NN'), 1821), (('authors', 'NNS'), 1643), (('order', 'NN'), 1631), (('process', 'NN'), 1604), (('reaction', 'NN'), 1568), (('presence', 'NN'), 1557), (('research', 'NN'), 1549), (('samples', 'NNS'), 1525), (('present', 'JJ'), 1523), (('information', 'NN'), 1497), (('case', 'NN'), 1471), (('models', 'NNS'), 1470)]
Campobasso;[('study', 4786), ('use', 4554), ('result', 3887), ('patient', 3638), ('high', 3167), ('show', 3083), ('analysis', 2622), ('different', 2514), ('group', 2441), ('significant', 2428), ('method', 2283), ('increase', 2214), ('effect', 2088), ('cell', 2056), ('find', 2009), ('data', 1932), ('level', 1870), ('specie', 1827), ('low', 1779), ('activity', 1765), ('present', 1667), ('model', 1666), ('sample', 1630), ('system', 1629), ('treatment', 1604), ('area', 1589), ('aim', 1552), ('test', 1531), ('evaluate', 1526), ('change', 1449)];[(('patients', 'NNS'), 3239), (('results', 'NNS'), 3166), (('study', 'NN'), 2791), (('different', 'JJ'), 2462), (('analysis', 'NN'), 2078), (('data', 'NNS'), 1831), (('species', 'NNS'), 1784), (('using', 'VBG'), 1729), (('showed', 'VBD'), 1610), (('group', 'NN'), 1548), (('activity', 'NN'), 1387), (('used', 'VBN'), 1358), (('methods', 'NNS'), 1356), (('significant', 'JJ'), 1339), (('treatment', 'NN'), 1281), (('compared', 'VBN'), 1263), (('high', 'JJ'), 1212), (('new', 'JJ'), 1191), (('may', 'MD'), 1159), (('time', 'NN'), 1152), (('higher', 'JJR'), 1114), (('based', 'VBN'), 1091), (('significantly', 'RB'), 1089), (('effects', 'NNS'), 1078), (('system', 'NN'), 1066), (('cells', 'NNS'), 1062), (('authors', 'NNS'), 1058), (('levels', 'NNS'), 1048), (('effect', 'NN'), 1006), (('found', 'VBD'), 989)]
Pavia;[('patient', 41033), ('study', 29061), ('use', 27748), ('result', 26859), ('cell', 22050), ('show', 19869), ('high', 18336), ('model', 17752), ('present', 15551), ('data', 15451), ('significant', 14953), ('analysis', 14761), ('group', 14259), ('find', 14182), ('method', 14078), ('different', 13994), ('increase', 13270), ('effect', 13161), ('level', 12505), ('treatment', 11467), ('case', 11067), ('control', 11023), ('system', 10780), ('low', 10755), ('time', 10127), ('test', 10121), ('clinic', 10080), ('disease', 10011), ('structure', 9800), ('compare', 9538)];[(('patients', 'NNS'), 37260), (('results', 'NNS'), 22012), (('study', 'NN'), 15040), (('data', 'NNS'), 14602), (('different', 'JJ'), 13679), (('analysis', 'NN'), 12064), (('using', 'VBG'), 11562), (('cells', 'NNS'), 11453), (('model', 'NN'), 10524), (('treatment', 'NN'), 10192), (('group', 'NN'), 9522), (('clinical', 'JJ'), 9476), (('may', 'MD'), 8994), (('compared', 'VBN'), 8615), (('methods', 'NNS'), 8346), (('used', 'VBN'), 8240), (('significant', 'JJ'), 8189), (('high', 'JJ'), 7888), (('time', 'NN'), 7825), (('showed', 'VBD'), 7674), (('new', 'JJ'), 7584), (('levels', 'NNS'), 7387), (('based', 'VBN'), 7282), (('system', 'NN'), 7272), (('cell', 'NN'), 7020), (('associated', 'VBN'), 6953), (('authors', 'NNS'), 6952), (('years', 'NNS'), 6951), (('found', 'VBD'), 6870), (('activity', 'NN'), 6834)]
Brescia;[('patient', 31397), ('study', 15746), ('result', 14181), ('use', 12806), ('cell', 11544), ('high', 10031), ('show', 9548), ('significant', 8446), ('treatment', 8260), ('method', 8158), ('group', 7931), ('analysis', 7773), ('increase', 7714), ('model', 7275), ('disease', 7113), ('clinic', 6764), ('present', 6636), ('find', 6549), ('case', 6534), ('different', 6495), ('level', 6391), ('data', 6320), ('effect', 6228), ('test', 5971), ('year', 5687), ('risk', 5680), ('conclusion', 5671), ('associate', 5668), ('control', 5657), ('low', 5576)];[(('patients', 'NNS'), 29058), (('results', 'NNS'), 11990), (('study', 'NN'), 9217), (('treatment', 'NN'), 7484), (('analysis', 'NN'), 6455), (('clinical', 'JJ'), 6367), (('different', 'JJ'), 6359), (('cells', 'NNS'), 6164), (('data', 'NNS'), 5880), (('methods', 'NNS'), 5706), (('group', 'NN'), 5321), (('compared', 'VBN'), 5038), (('using', 'VBG'), 4989), (('risk', 'NN'), 4976), (('may', 'MD'), 4966), (('associated', 'VBN'), 4805), (('disease', 'NN'), 4558), (('time', 'NN'), 4436), (('significant', 'JJ'), 4356), (('levels', 'NNS'), 4314), (('showed', 'VBD'), 4170), (('years', 'NNS'), 4125), (('significantly', 'RB'), 4090), (('model', 'NN'), 3991), (('high', 'JJ'), 3978), (('cases', 'NNS'), 3976), (('cell', 'NN'), 3758), (('used', 'VBN'), 3751), (('age', 'NN'), 3713), (('higher', 'JJR'), 3611)]
Trento;[('use', 20276), ('result', 16254), ('study', 14844), ('model', 14673), ('show', 12894), ('different', 10934), ('high', 10708), ('data', 10585), ('present', 10195), ('analysis', 9994), ('method', 8718), ('system', 8554), ('process', 8223), ('find', 8205), ('effect', 8105), ('experiment', 7853), ('time', 7241), ('increase', 6867), ('approach', 6776), ('base', 6744), ('structure', 6539), ('test', 6492), ('provide', 6358), ('propose', 6310), ('paper', 6050), ('sample', 5872), ('investigate', 5836), ('author', 5480), ('obtain', 5465), ('energy', 5360)];[(('results', 'NNS'), 12970), (('different', 'JJ'), 10714), (('data', 'NNS'), 10045), (('using', 'VBG'), 8946), (('model', 'NN'), 8212), (('analysis', 'NN'), 7923), (('study', 'NN'), 7279), (('based', 'VBN'), 6282), (('paper', 'NN'), 5907), (('time', 'NN'), 5791), (('used', 'VBN'), 5618), (('new', 'JJ'), 5302), (('system', 'NN'), 5250), (('high', 'JJ'), 5130), (('authors', 'NNS'), 4936), (('energy', 'NN'), 4869), (('approach', 'NN'), 4811), (('properties', 'NNS'), 4650), (('present', 'JJ'), 4356), (('order', 'NN'), 4238), (('effect', 'NN'), 4211), (('information', 'NN'), 4086), (('method', 'NN'), 4047), (('effects', 'NNS'), 3890), (('compared', 'VBN'), 3889), (('models', 'NNS'), 3836), (('conditions', 'NNS'), 3824), (('may', 'MD'), 3794), (('well', 'RB'), 3742), (('species', 'NNS'), 3721)]
Palermo;[('patient', 31812), ('study', 26467), ('use', 24465), ('result', 23430), ('show', 18566), ('high', 17198), ('cell', 14472), ('analysis', 13534), ('group', 13376), ('model', 13322), ('different', 12980), ('significant', 12854), ('increase', 12356), ('effect', 11933), ('method', 11648), ('find', 11501), ('system', 11371), ('data', 11213), ('present', 11049), ('treatment', 9829), ('level', 9766), ('low', 9251), ('case', 9197), ('time', 8924), ('test', 8686), ('obtain', 8398), ('control', 8310), ('disease', 8270), ('aim', 8145), ('investigate', 8042)];[(('patients', 'NNS'), 29327), (('results', 'NNS'), 19511), (('study', 'NN'), 14461), (('different', 'JJ'), 12718), (('analysis', 'NN'), 11128), (('data', 'NNS'), 10567), (('using', 'VBG'), 9523), (('group', 'NN'), 8790), (('treatment', 'NN'), 8674), (('model', 'NN'), 7912), (('cells', 'NNS'), 7767), (('showed', 'VBD'), 7707), (('significant', 'JJ'), 7314), (('used', 'VBN'), 7302), (('system', 'NN'), 7274), (('high', 'JJ'), 7189), (('time', 'NN'), 7147), (('may', 'MD'), 7032), (('methods', 'NNS'), 6898), (('new', 'JJ'), 6479), (('compared', 'VBN'), 6320), (('effects', 'NNS'), 6298), (('clinical', 'JJ'), 6117), (('levels', 'NNS'), 6111), (('years', 'NNS'), 6089), (('paper', 'NN'), 5941), (('activity', 'NN'), 5870), (('higher', 'JJR'), 5743), (('authors', 'NNS'), 5679), (('based', 'VBN'), 5642)]
L'Aquila;[('patient', 15743), ('use', 14900), ('result', 14141), ('study', 14126), ('model', 11342), ('show', 11068), ('cell', 9020), ('high', 8644), ('system', 8177), ('present', 7800), ('method', 7744), ('analysis', 7458), ('data', 7356), ('effect', 6757), ('different', 6730), ('find', 6701), ('group', 6619), ('significant', 6554), ('increase', 6469), ('time', 6220), ('case', 5520), ('treatment', 5434), ('level', 5389), ('low', 5205), ('test', 5052), ('experiment', 5047), ('structure', 4877), ('obtain', 4853), ('paper', 4822), ('control', 4755)];[(('patients', 'NNS'), 14395), (('results', 'NNS'), 11597), (('study', 'NN'), 7803), (('data', 'NNS'), 6928), (('different', 'JJ'), 6611), (('model', 'NN'), 6354), (('analysis', 'NN'), 6251), (('using', 'VBG'), 6197), (('time', 'NN'), 5219), (('system', 'NN'), 5085), (('treatment', 'NN'), 4811), (('cells', 'NNS'), 4726), (('paper', 'NN'), 4688), (('group', 'NN'), 4552), (('used', 'VBN'), 4283), (('new', 'JJ'), 4031), (('methods', 'NNS'), 4015), (('high', 'JJ'), 3970), (('based', 'VBN'), 3949), (('compared', 'VBN'), 3786), (('energy', 'NN'), 3781), (('may', 'MD'), 3742), (('significant', 'JJ'), 3708), (('clinical', 'JJ'), 3701), (('present', 'JJ'), 3697), (('effects', 'NNS'), 3583), (('authors', 'NNS'), 3479), (('showed', 'VBD'), 3344), (('order', 'NN'), 3162), (('effect', 'NN'), 3157)]
Teramo;[('study', 2357), ('use', 2024), ('cell', 1809), ('show', 1733), ('result', 1712), ('high', 1699), ('sample', 1402), ('different', 1269), ('find', 1240), ('analysis', 1188), ('effect', 1177), ('increase', 1123), ('significant', 1099), ('group', 1007), ('activity', 980), ('present', 966), ('level', 922), ('concentration', 880), ('acid', 828), ('method', 827), ('evaluate', 807), ('low', 800), ('data', 786), ('dog', 783), ('control', 780), ('investigate', 762), ('treatment', 759), ('animal', 744), ('test', 729), ('strain', 728)];[(('study', 'NN'), 1406), (('results', 'NNS'), 1303), (('different', 'JJ'), 1242), (('samples', 'NNS'), 1040), (('cells', 'NNS'), 1034), (('analysis', 'NN'), 998), (('showed', 'VBD'), 993), (('activity', 'NN'), 846), (('using', 'VBG'), 807), (('data', 'NNS'), 749), (('effect', 'NN'), 644), (('species', 'NNS'), 623), (('levels', 'NNS'), 623), (('dogs', 'NNS'), 618), (('used', 'VBN'), 614), (('compared', 'VBN'), 607), (('group', 'NN'), 606), (('authors', 'NNS'), 603), (('role', 'NN'), 598), (('significant', 'JJ'), 592), (('high', 'JJ'), 585), (('may', 'MD'), 577), (('treatment', 'NN'), 576), (('higher', 'JJR'), 573), (('present', 'JJ'), 567), (('food', 'NN'), 563), (('found', 'VBD'), 555), (('expression', 'NN'), 539), (('effects', 'NNS'), 531), (('human', 'JJ'), 530)]
Reggio Di Calabria;[('use', 3882), ('result', 3166), ('study', 2899), ('model', 2679), ('high', 2513), ('show', 2389), ('different', 2222), ('system', 2126), ('analysis', 2032), ('paper', 1864), ('propose', 1854), ('soil', 1810), ('present', 1805), ('effect', 1762), ('increase', 1662), ('method', 1608), ('data', 1568), ('cell', 1557), ('approach', 1490), ('obtain', 1421), ('base', 1382), ('test', 1370), ('time', 1262), ('area', 1257), ('solution', 1253), ('significant', 1247), ('process', 1241), ('activity', 1234), ('low', 1232), ('condition', 1218)];[(('results', 'NNS'), 2543), (('different', 'JJ'), 2184), (('paper', 'NN'), 1837), (('analysis', 'NN'), 1665), (('model', 'NN'), 1539), (('study', 'NN'), 1527), (('data', 'NNS'), 1490), (('using', 'VBG'), 1452), (('system', 'NN'), 1328), (('soil', 'NN'), 1250), (('based', 'VBN'), 1243), (('used', 'VBN'), 1140), (('approach', 'NN'), 1108), (('time', 'NN'), 1078), (('high', 'JJ'), 1077), (('order', 'NN'), 1066), (('species', 'NNS'), 1060), (('new', 'JJ'), 1032), (('effects', 'NNS'), 1031), (('proposed', 'VBN'), 988), (('conditions', 'NNS'), 975), (('showed', 'VBD'), 952), (('activity', 'NN'), 922), (('compared', 'VBN'), 894), (('authors', 'NNS'), 861), (('parameters', 'NNS'), 804), (('energy', 'NN'), 798), (('systems', 'NNS'), 798), (('method', 'NN'), 791), (('problem', 'NN'), 782)]
Cosenza;[('use', 15057), ('model', 11000), ('result', 10518), ('study', 9706), ('show', 8804), ('data', 7354), ('high', 7214), ('system', 7139), ('present', 7058), ('different', 7023), ('analysis', 6870), ('cell', 6339), ('process', 5768), ('effect', 5653), ('structure', 5453), ('propose', 5421), ('method', 5399), ('membrane', 5198), ('paper', 5169), ('experiment', 5111), ('obtain', 5029), ('energy', 4860), ('find', 4850), ('base', 4773), ('increase', 4466), ('time', 4452), ('investigate', 4283), ('approach', 4282), ('new', 4265), ('test', 4236)];[(('results', 'NNS'), 8577), (('data', 'NNS'), 6978), (('different', 'JJ'), 6905), (('model', 'NN'), 6639), (('using', 'VBG'), 6557), (('analysis', 'NN'), 5552), (('paper', 'NN'), 5076), (('study', 'NN'), 4647), (('used', 'VBN'), 4637), (('system', 'NN'), 4455), (('energy', 'NN'), 4428), (('based', 'VBN'), 4318), (('new', 'JJ'), 4255), (('properties', 'NNS'), 3767), (('high', 'JJ'), 3564), (('time', 'NN'), 3530), (('order', 'NN'), 3432), (('approach', 'NN'), 3195), (('conditions', 'NNS'), 3133), (('process', 'NN'), 3110), (('cells', 'NNS'), 3108), (('activity', 'NN'), 3072), (('effects', 'NNS'), 3061), (('experimental', 'JJ'), 2995), (('authors', 'NNS'), 2924), (('proposed', 'VBN'), 2863), (('rights', 'NNS'), 2819), (('present', 'JJ'), 2784), (('water', 'NN'), 2709), (('production', 'NN'), 2687)]
Potenza;[('use', 7986), ('result', 5728), ('study', 5210), ('model', 4848), ('data', 4692), ('show', 4348), ('high', 4144), ('analysis', 3918), ('different', 3593), ('present', 3409), ('system', 3061), ('decay', 2911), ('experiment', 2676), ('water', 2600), ('effect', 2594), ('production', 2579), ('level', 2519), ('obtain', 2501), ('structure', 2477), ('measure', 2469), ('energy', 2450), ('base', 2445), ('method', 2443), ('mass', 2441), ('find', 2408), ('time', 2400), ('observe', 2382), ('process', 2380), ('soil', 2325), ('area', 2257)];[(('results', 'NNS'), 4570), (('data', 'NNS'), 4507), (('using', 'VBG'), 3672), (('different', 'JJ'), 3538), (('analysis', 'NN'), 3143), (('model', 'NN'), 3043), (('production', 'NN'), 2568), (('study', 'NN'), 2498), (('used', 'VBN'), 2306), (('based', 'VBN'), 2240), (('water', 'NN'), 2096), (('energy', 'NN'), 2036), (('paper', 'NN'), 2006), (('new', 'JJ'), 1963), (('high', 'JJ'), 1934), (('authors', 'NNS'), 1887), (('system', 'NN'), 1886), (('time', 'NN'), 1848), (('soil', 'NN'), 1750), (('mass', 'NN'), 1735), (('order', 'NN'), 1641), (('observed', 'VBD'), 1634), (('conditions', 'NNS'), 1614), (('showed', 'VBD'), 1593), (('activity', 'NN'), 1523), (('compared', 'VBN'), 1520), (('significant', 'JJ'), 1420), (('level', 'NN'), 1406), (('found', 'VBD'), 1401), (('measurements', 'NNS'), 1372)]
Florence;[('patient', 51036), ('study', 46320), ('use', 43590), ('result', 41270), ('show', 32931), ('high', 30117), ('cell', 28022), ('model', 25127), ('analysis', 24072), ('group', 23520), ('data', 23098), ('significant', 22504), ('present', 22335), ('different', 22203), ('method', 22067), ('increase', 21734), ('find', 21126), ('effect', 20694), ('system', 18228), ('low', 17297), ('level', 16814), ('time', 16179), ('structure', 16176), ('treatment', 16078), ('test', 15611), ('case', 15473), ('year', 14494), ('control', 14320), ('activity', 13926), ('investigate', 13792)];[(('patients', 'NNS'), 46644), (('results', 'NNS'), 33890), (('study', 'NN'), 24189), (('data', 'NNS'), 21744), (('different', 'JJ'), 21713), (('analysis', 'NN'), 19570), (('using', 'VBG'), 17398), (('group', 'NN'), 15945), (('cells', 'NNS'), 14860), (('model', 'NN'), 14434), (('treatment', 'NN'), 14164), (('new', 'JJ'), 13544), (('methods', 'NNS'), 13184), (('time', 'NN'), 13056), (('used', 'VBN'), 12869), (('may', 'MD'), 12802), (('high', 'JJ'), 12768), (('showed', 'VBD'), 12731), (('significant', 'JJ'), 12112), (('compared', 'VBN'), 12098), (('clinical', 'JJ'), 12050), (('system', 'NN'), 11815), (('activity', 'NN'), 11598), (('years', 'NNS'), 10994), (('present', 'JJ'), 10891), (('associated', 'VBN'), 10861), (('based', 'VBN'), 10762), (('effects', 'NNS'), 10556), (('significantly', 'RB'), 10392), (('found', 'VBD'), 10275)]
Bari;[('patient', 34985), ('study', 33039), ('use', 32917), ('result', 29700), ('high', 21971), ('show', 21943), ('data', 17969), ('model', 17865), ('analysis', 17579), ('cell', 16843), ('present', 16209), ('group', 16135), ('find', 15606), ('significant', 15262), ('different', 15185), ('method', 14757), ('increase', 14728), ('level', 13945), ('effect', 13797), ('system', 12885), ('case', 12045), ('treatment', 11896), ('low', 11507), ('time', 11340), ('test', 11049), ('control', 10765), ('disease', 10360), ('sample', 10336), ('compare', 10048), ('process', 9859)];[(('patients', 'NNS'), 31908), (('results', 'NNS'), 24506), (('study', 'NN'), 18263), (('data', 'NNS'), 16987), (('different', 'JJ'), 14823), (('analysis', 'NN'), 14213), (('using', 'VBG'), 13844), (('group', 'NN'), 10828), (('model', 'NN'), 10712), (('treatment', 'NN'), 10218), (('used', 'VBN'), 9512), (('time', 'NN'), 9147), (('showed', 'VBD'), 9120), (('compared', 'VBN'), 9119), (('high', 'JJ'), 9110), (('may', 'MD'), 8975), (('authors', 'NNS'), 8833), (('system', 'NN'), 8825), (('new', 'JJ'), 8816), (('based', 'VBN'), 8719), (('cells', 'NNS'), 8604), (('methods', 'NNS'), 8431), (('significant', 'JJ'), 8354), (('clinical', 'JJ'), 7944), (('activity', 'NN'), 7813), (('levels', 'NNS'), 7775), (('found', 'VBD'), 7609), (('paper', 'NN'), 7330), (('present', 'JJ'), 7275), (('observed', 'VBD'), 7111)]
Foggia;[('patient', 11948), ('study', 7692), ('result', 6139), ('use', 5879), ('high', 4999), ('group', 4400), ('show', 4240), ('significant', 4232), ('cell', 4082), ('increase', 3765), ('analysis', 3308), ('level', 3294), ('method', 3283), ('treatment', 3281), ('find', 3116), ('effect', 2907), ('different', 2793), ('aim', 2736), ('low', 2733), ('conclusion', 2656), ('disease', 2616), ('evaluate', 2591), ('compare', 2587), ('clinic', 2568), ('year', 2455), ('sample', 2435), ('±', 2435), ('control', 2428), ('case', 2403), ('present', 2334)];[(('patients', 'NNS'), 10962), (('results', 'NNS'), 5172), (('study', 'NN'), 4609), (('group', 'NN'), 2950), (('treatment', 'NN'), 2808), (('analysis', 'NN'), 2738), (('different', 'JJ'), 2730), (('showed', 'VBD'), 2529), (('methods', 'NNS'), 2402), (('compared', 'VBN'), 2397), (('clinical', 'JJ'), 2392), (('significant', 'JJ'), 2356), (('using', 'VBG'), 2193), (('levels', 'NNS'), 2193), (('may', 'MD'), 2190), (('data', 'NNS'), 2151), (('higher', 'JJR'), 2135), (('cells', 'NNS'), 2022), (('risk', 'NN'), 1888), (('associated', 'VBN'), 1881), (('significantly', 'RB'), 1876), (('years', 'NNS'), 1828), (('time', 'NN'), 1793), (('used', 'VBN'), 1768), (('age', 'NN'), 1733), (('disease', 'NN'), 1691), (('expression', 'NN'), 1684), (('high', 'JJ'), 1662), (('authors', 'NNS'), 1659), (('samples', 'NNS'), 1573)]
San Domenico di Fiesole;[('article', 1874), ('policy', 1701), ('european', 1664), ('political', 1442), ('use', 1401), ('model', 1386), ('country', 1301), ('study', 1267), ('state', 1254), ('right', 1224), ('eu', 1207), ('find', 1174), ('social', 1151), ('economy', 1151), ('show', 1113), ('paper', 1102), ('analysis', 1098), ('market', 1060), ('law', 1031), ('result', 1020), ('effect', 1017), ('system', 979), ('party', 921), ('different', 879), ('new', 876), ('trade', 871), ('data', 868), ('international', 855), ('author', 843), ('change', 824)];[(('article', 'NN'), 1822), (('european', 'JJ'), 1597), (('political', 'JJ'), 1418), (('policy', 'NN'), 1231), (('social', 'JJ'), 1125), (('paper', 'NN'), 1077), (('countries', 'NNS'), 1006), (('rights', 'NNS'), 990), (('law', 'NN'), 946), (('new', 'JJ'), 872), (('different', 'JJ'), 845), (('international', 'JJ'), 843), (('data', 'NNS'), 814), (('economic', 'JJ'), 802), (('analysis', 'NN'), 797), (('model', 'NN'), 731), (('market', 'NN'), 721), (('results', 'NNS'), 707), (('research', 'NN'), 677), (('authors', 'NNS'), 656), (('public', 'JJ'), 648), (('states', 'NNS'), 642), (('role', 'NN'), 617), (('national', 'JJ'), 617), (('system', 'NN'), 605), (('legal', 'JJ'), 570), (('using', 'VBG'), 564), (('state', 'NN'), 561), (('effects', 'NNS'), 556), (('study', 'NN'), 556)]
Lecce;[('use', 10720), ('result', 7824), ('study', 7732), ('model', 7422), ('show', 6521), ('high', 5935), ('present', 5891), ('different', 5529), ('analysis', 5244), ('data', 5069), ('system', 4942), ('cell', 4536), ('effect', 4194), ('process', 4076), ('find', 4054), ('structure', 3869), ('energy', 3746), ('paper', 3679), ('obtain', 3664), ('method', 3599), ('increase', 3569), ('experiment', 3548), ('base', 3544), ('time', 3371), ('investigate', 3240), ('property', 3174), ('sample', 3069), ('level', 3061), ('provide', 3010), ('new', 2984)];[(('results', 'NNS'), 6248), (('different', 'JJ'), 5438), (('data', 'NNS'), 4822), (('model', 'NN'), 4615), (('using', 'VBG'), 4500), (('analysis', 'NN'), 4174), (('study', 'NN'), 3832), (('paper', 'NN'), 3577), (('used', 'VBN'), 3305), (('energy', 'NN'), 3297), (('based', 'VBN'), 3251), (('system', 'NN'), 3129), (('high', 'JJ'), 3015), (('properties', 'NNS'), 2984), (('new', 'JJ'), 2975), (('order', 'NN'), 2649), (('time', 'NN'), 2614), (('species', 'NNS'), 2578), (('authors', 'NNS'), 2499), (('present', 'JJ'), 2442), (('effects', 'NNS'), 2245), (('production', 'NN'), 2236), (('cells', 'NNS'), 2210), (('conditions', 'NNS'), 2206), (('approach', 'NN'), 2169), (('well', 'RB'), 2091), (('large', 'JJ'), 2054), (('rights', 'NNS'), 2024), (('observed', 'VBD'), 1989), (('compared', 'VBN'), 1981)]
Vicenza;[('patient', 19438), ('study', 18388), ('use', 17515), ('cell', 16106), ('result', 15782), ('show', 12288), ('high', 12242), ('data', 9748), ('effect', 9612), ('analysis', 9533), ('present', 9296), ('increase', 9110), ('find', 8959), ('model', 8791), ('significant', 8721), ('different', 8493), ('method', 8353), ('group', 8174), ('level', 7734), ('low', 6986), ('case', 6607), ('system', 6603), ('activity', 6477), ('test', 6455), ('time', 6346), ('treatment', 6173), ('investigate', 5897), ('±', 5725), ('obtain', 5656), ('observe', 5648)];[(('patients', 'NNS'), 17586), (('results', 'NNS'), 12919), (('study', 'NN'), 9540), (('data', 'NNS'), 9196), (('cells', 'NNS'), 8369), (('different', 'JJ'), 8286), (('using', 'VBG'), 7736), (('analysis', 'NN'), 7714), (('treatment', 'NN'), 5531), (('activity', 'NN'), 5429), (('group', 'NN'), 5408), (('high', 'JJ'), 5376), (('time', 'NN'), 5170), (('may', 'MD'), 5150), (('cell', 'NN'), 5087), (('model', 'NN'), 5073), (('new', 'JJ'), 4994), (('effects', 'NNS'), 4977), (('methods', 'NNS'), 4933), (('used', 'VBN'), 4903), (('present', 'JJ'), 4857), (('compared', 'VBN'), 4796), (('levels', 'NNS'), 4748), (('significant', 'JJ'), 4694), (('clinical', 'JJ'), 4676), (('effect', 'NN'), 4624), (('based', 'VBN'), 4516), (('showed', 'VBD'), 4499), (('system', 'NN'), 4378), (('human', 'JJ'), 4317)]
Genova;[('patient', 46219), ('use', 33350), ('study', 32125), ('result', 32015), ('cell', 27770), ('show', 22578), ('high', 20806), ('model', 19602), ('data', 19225), ('present', 18159), ('analysis', 17505), ('different', 16716), ('method', 16509), ('significant', 16082), ('find', 15706), ('increase', 15202), ('group', 15197), ('effect', 14986), ('system', 14132), ('level', 13186), ('case', 12874), ('treatment', 12263), ('test', 12016), ('low', 11920), ('control', 11917), ('time', 11406), ('clinic', 11239), ('disease', 11205), ('obtain', 10736), ('observe', 10722)];[(('patients', 'NNS'), 42188), (('results', 'NNS'), 26355), (('data', 'NNS'), 18222), (('study', 'NN'), 16714), (('different', 'JJ'), 16373), (('cells', 'NNS'), 15152), (('analysis', 'NN'), 14403), (('using', 'VBG'), 14128), (('model', 'NN'), 11776), (('treatment', 'NN'), 11048), (('clinical', 'JJ'), 10678), (('group', 'NN'), 10119), (('methods', 'NNS'), 9898), (('used', 'VBN'), 9728), (('system', 'NN'), 9693), (('may', 'MD'), 9567), (('compared', 'VBN'), 9321), (('high', 'JJ'), 9075), (('new', 'JJ'), 9004), (('significant', 'JJ'), 8973), (('time', 'NN'), 8914), (('cell', 'NN'), 8694), (('based', 'VBN'), 8523), (('activity', 'NN'), 8501), (('authors', 'NNS'), 8116), (('showed', 'VBD'), 7980), (('present', 'JJ'), 7918), (('observed', 'VBD'), 7835), (('paper', 'NN'), 7818), (('found', 'VBD'), 7793)]
Udine;[('use', 13080), ('patient', 12417), ('study', 11560), ('result', 11018), ('high', 8034), ('model', 7884), ('show', 7808), ('data', 6535), ('present', 6242), ('analysis', 6166), ('different', 6159), ('group', 6087), ('method', 6079), ('cell', 6043), ('significant', 5721), ('increase', 5597), ('find', 5440), ('level', 5364), ('effect', 5037), ('system', 4788), ('low', 4486), ('time', 4476), ('treatment', 4207), ('control', 4026), ('case', 3943), ('base', 3867), ('±', 3846), ('compare', 3782), ('test', 3767), ('sample', 3704)];[(('patients', 'NNS'), 11370), (('results', 'NNS'), 8957), (('study', 'NN'), 6382), (('data', 'NNS'), 6195), (('different', 'JJ'), 6025), (('using', 'VBG'), 5523), (('analysis', 'NN'), 5114), (('model', 'NN'), 4727), (('used', 'VBN'), 3910), (('group', 'NN'), 3838), (('time', 'NN'), 3530), (('methods', 'NNS'), 3523), (('treatment', 'NN'), 3522), (('paper', 'NN'), 3477), (('based', 'VBN'), 3424), (('high', 'JJ'), 3421), (('compared', 'VBN'), 3410), (('system', 'NN'), 3148), (('significant', 'JJ'), 3076), (('cells', 'NNS'), 3076), (('may', 'MD'), 3032), (('energy', 'NN'), 3002), (('showed', 'VBD'), 2923), (('new', 'JJ'), 2922), (('±', 'NNP'), 2840), (('levels', 'NNS'), 2806), (('production', 'NN'), 2789), (('clinical', 'JJ'), 2744), (('associated', 'VBN'), 2708), (('authors', 'NNS'), 2675)]
Macerata;[('study', 7570), ('use', 7154), ('result', 5971), ('show', 5902), ('high', 4725), ('cell', 4552), ('effect', 4282), ('different', 3951), ('model', 3930), ('analysis', 3866), ('structure', 3799), ('present', 3707), ('find', 3644), ('system', 3507), ('activity', 3377), ('increase', 3363), ('data', 3161), ('method', 2894), ('group', 2848), ('level', 2707), ('significant', 2622), ('obtain', 2602), ('low', 2502), ('investigate', 2466), ('receptor', 2439), ('new', 2418), ('time', 2371), ('rat', 2236), ('test', 2233), ('compound', 2192)];[(('results', 'NNS'), 4750), (('different', 'JJ'), 3865), (('study', 'NN'), 3776), (('analysis', 'NN'), 3050), (('using', 'VBG'), 3032), (('data', 'NNS'), 2974), (('activity', 'NN'), 2684), (('new', 'JJ'), 2411), (('cells', 'NNS'), 2365), (('model', 'NN'), 2257), (('system', 'NN'), 2203), (('effect', 'NN'), 2155), (('effects', 'NNS'), 2119), (('species', 'NNS'), 2109), (('used', 'VBN'), 2087), (('present', 'JJ'), 2058), (('high', 'JJ'), 2036), (('showed', 'VBD'), 1972), (('time', 'NN'), 1881), (('may', 'MD'), 1847), (('group', 'NN'), 1818), (('rights', 'NNS'), 1805), (('society', 'NN'), 1780), (('structure', 'NN'), 1748), (('found', 'VBD'), 1689), (('properties', 'NNS'), 1673), (('based', 'VBN'), 1666), (('presence', 'NN'), 1652), (('paper', 'NN'), 1616), (('human', 'JJ'), 1578)]
Bologna;[('patient', 72074), ('use', 65497), ('study', 63317), ('result', 59446), ('show', 44630), ('high', 43254), ('model', 39592), ('cell', 35839), ('analysis', 34651), ('present', 34355), ('data', 33586), ('different', 32844), ('group', 32423), ('find', 31565), ('method', 31235), ('significant', 30372), ('increase', 28651), ('effect', 28230), ('system', 25172), ('case', 24964), ('low', 23938), ('time', 23936), ('level', 23782), ('treatment', 23355), ('test', 22847), ('obtain', 20948), ('sample', 20876), ('compare', 20193), ('control', 20186), ('observe', 20076)];[(('patients', 'NNS'), 65671), (('results', 'NNS'), 48760), (('study', 'NN'), 33927), (('different', 'JJ'), 32188), (('data', 'NNS'), 31750), (('analysis', 'NN'), 27853), (('using', 'VBG'), 27603), (('model', 'NN'), 23033), (('group', 'NN'), 21157), (('treatment', 'NN'), 20439), (('time', 'NN'), 18994), (('used', 'VBN'), 18868), (('cells', 'NNS'), 18865), (('high', 'JJ'), 18257), (('compared', 'VBN'), 17955), (('new', 'JJ'), 17913), (('methods', 'NNS'), 17637), (('may', 'MD'), 17330), (('based', 'VBN'), 16936), (('showed', 'VBD'), 16838), (('present', 'JJ'), 16581), (('significant', 'JJ'), 16403), (('clinical', 'JJ'), 16296), (('system', 'NN'), 16084), (('found', 'VBD'), 14474), (('paper', 'NN'), 14468), (('authors', 'NNS'), 14438), (('associated', 'VBN'), 14434), (('observed', 'VBD'), 14356), (('activity', 'NN'), 14270)]
Pisa;[('use', 49541), ('patient', 47014), ('result', 45181), ('study', 44955), ('show', 36036), ('model', 31474), ('high', 31073), ('present', 29078), ('data', 27898), ('analysis', 24308), ('cell', 24251), ('find', 23717), ('different', 23476), ('system', 22913), ('significant', 22593), ('effect', 22095), ('group', 21894), ('method', 21730), ('increase', 20751), ('level', 20267), ('time', 18725), ('±', 17872), ('low', 17695), ('obtain', 16742), ('experiment', 16453), ('test', 16410), ('control', 16088), ('observe', 15989), ('case', 15849), ('measure', 15612)];[(('patients', 'NNS'), 43352), (('results', 'NNS'), 36176), (('data', 'NNS'), 26440), (('study', 'NN'), 23615), (('different', 'JJ'), 22975), (('using', 'VBG'), 21505), (('analysis', 'NN'), 19448), (('model', 'NN'), 19075), (('system', 'NN'), 14971), (('new', 'JJ'), 14776), (('group', 'NN'), 14683), (('time', 'NN'), 14469), (('used', 'VBN'), 14062), (('based', 'VBN'), 13606), (('present', 'JJ'), 13475), (('high', 'JJ'), 13197), (('treatment', 'NN'), 13150), (('society', 'NN'), 12701), (('may', 'MD'), 12660), (('±', 'NNP'), 12660), (('showed', 'VBD'), 12415), (('compared', 'VBN'), 12410), (('significant', 'JJ'), 12336), (('energy', 'NN'), 12203), (('cells', 'NNS'), 12137), (('effects', 'NNS'), 11963), (('activity', 'NN'), 11668), (('methods', 'NNS'), 11622), (('observed', 'VBD'), 11219), (('authors', 'NNS'), 11195)]
Ancona;[('patient', 21821), ('study', 16934), ('use', 15188), ('result', 14549), ('high', 11200), ('show', 11177), ('cell', 10722), ('analysis', 8544), ('significant', 8345), ('method', 8283), ('different', 7967), ('increase', 7903), ('group', 7576), ('present', 7301), ('model', 7214), ('data', 7065), ('find', 6767), ('effect', 6676), ('system', 6527), ('case', 6314), ('level', 6298), ('test', 6204), ('treatment', 6163), ('low', 5836), ('control', 5681), ('evaluate', 5424), ('activity', 5332), ('time', 5158), ('disease', 5133), ('aim', 5117)];[(('patients', 'NNS'), 20100), (('results', 'NNS'), 12251), (('study', 'NN'), 9488), (('different', 'JJ'), 7794), (('analysis', 'NN'), 7010), (('data', 'NNS'), 6619), (('using', 'VBG'), 5809), (('treatment', 'NN'), 5366), (('cells', 'NNS'), 5305), (('showed', 'VBD'), 5287), (('group', 'NN'), 5132), (('methods', 'NNS'), 4861), (('clinical', 'JJ'), 4811), (('high', 'JJ'), 4632), (('used', 'VBN'), 4597), (('significant', 'JJ'), 4469), (('may', 'MD'), 4437), (('compared', 'VBN'), 4393), (('system', 'NN'), 4341), (('model', 'NN'), 4327), (('time', 'NN'), 4309), (('activity', 'NN'), 4168), (('levels', 'NNS'), 3882), (('significantly', 'RB'), 3876), (('paper', 'NN'), 3869), (('new', 'JJ'), 3840), (('higher', 'JJR'), 3799), (('cases', 'NNS'), 3762), (('present', 'JJ'), 3656), (('associated', 'VBN'), 3648)]
Pesaro E Urbino;[('cell', 5135), ('use', 4880), ('study', 4861), ('result', 4264), ('show', 3771), ('high', 2902), ('different', 2900), ('analysis', 2849), ('data', 2697), ('model', 2651), ('find', 2621), ('effect', 2562), ('activity', 2516), ('increase', 2378), ('present', 2290), ('level', 2275), ('system', 2017), ('significant', 1983), ('time', 1943), ('sample', 1903), ('method', 1783), ('new', 1704), ('low', 1679), ('group', 1650), ('patient', 1632), ('investigate', 1621), ('structure', 1620), ('test', 1589), ('observe', 1587), ('suggest', 1521)];[(('results', 'NNS'), 3267), (('different', 'JJ'), 2825), (('cells', 'NNS'), 2689), (('data', 'NNS'), 2552), (('study', 'NN'), 2447), (('analysis', 'NN'), 2218), (('using', 'VBG'), 2213), (('activity', 'NN'), 2037), (('new', 'JJ'), 1701), (('cell', 'NN'), 1570), (('time', 'NN'), 1552), (('model', 'NN'), 1529), (('patients', 'NNS'), 1466), (('may', 'MD'), 1449), (('effects', 'NNS'), 1448), (('species', 'NNS'), 1444), (('used', 'VBN'), 1336), (('system', 'NN'), 1325), (('showed', 'VBD'), 1296), (('found', 'VBD'), 1268), (('high', 'JJ'), 1264), (('significant', 'JJ'), 1236), (('present', 'JJ'), 1230), (('paper', 'NN'), 1203), (('based', 'VBN'), 1195), (('rights', 'NNS'), 1172), (('presence', 'NN'), 1151), (('authors', 'NNS'), 1141), (('conditions', 'NNS'), 1138), (('effect', 'NN'), 1114)]
Verona;[('patient', 37534), ('study', 20889), ('result', 16510), ('use', 15740), ('cell', 13141), ('high', 12102), ('show', 11570), ('significant', 11364), ('group', 10929), ('method', 9694), ('analysis', 9640), ('increase', 9393), ('treatment', 9261), ('find', 9257), ('clinic', 8540), ('disease', 8225), ('level', 8045), ('year', 8014), ('case', 7775), ('different', 7478), ('conclusion', 7459), ('associate', 7313), ('data', 7262), ('effect', 7226), ('control', 7061), ('±', 7041), ('present', 6856), ('test', 6780), ('low', 6662), ('age', 6616)];[(('patients', 'NNS'), 34246), (('results', 'NNS'), 14088), (('study', 'NN'), 12000), (('treatment', 'NN'), 8379), (('clinical', 'JJ'), 8024), (('analysis', 'NN'), 8009), (('group', 'NN'), 7326), (('different', 'JJ'), 7312), (('methods', 'NNS'), 7177), (('data', 'NNS'), 6769), (('cells', 'NNS'), 6690), (('using', 'VBG'), 6322), (('associated', 'VBN'), 6208), (('may', 'MD'), 6021), (('significant', 'JJ'), 5868), (('years', 'NNS'), 5822), (('risk', 'NN'), 5806), (('showed', 'VBD'), 5773), (('compared', 'VBN'), 5611), (('significantly', 'RB'), 5496), (('disease', 'NN'), 5464), (('levels', 'NNS'), 5166), (('age', 'NN'), 5124), (('cases', 'NNS'), 5104), (('time', 'NN'), 4731), (('higher', 'JJR'), 4639), (('cell', 'NN'), 4598), (('±', 'NNP'), 4543), (('conclusions', 'NNS'), 4536), (('high', 'JJ'), 4524)]
Cagliari;[('study', 18102), ('patient', 16634), ('use', 16154), ('result', 15960), ('show', 12706), ('high', 10870), ('effect', 8929), ('model', 8805), ('increase', 8467), ('analysis', 8416), ('find', 8377), ('present', 8323), ('different', 8236), ('data', 8069), ('significant', 7861), ('cell', 7853), ('group', 7815), ('method', 7730), ('system', 6954), ('treatment', 6535), ('level', 6398), ('activity', 5948), ('low', 5799), ('time', 5763), ('test', 5644), ('structure', 5617), ('control', 5531), ('case', 5473), ('investigate', 5459), ('obtain', 5246)];[(('patients', 'NNS'), 15187), (('results', 'NNS'), 13302), (('study', 'NN'), 9299), (('different', 'JJ'), 8044), (('data', 'NNS'), 7597), (('analysis', 'NN'), 6955), (('using', 'VBG'), 6808), (('treatment', 'NN'), 5839), (('group', 'NN'), 5163), (('model', 'NN'), 5079), (('activity', 'NN'), 4913), (('showed', 'VBD'), 4807), (('effect', 'NN'), 4779), (('may', 'MD'), 4757), (('high', 'JJ'), 4655), (('used', 'VBN'), 4593), (('time', 'NN'), 4529), (('methods', 'NNS'), 4477), (('system', 'NN'), 4390), (('significant', 'JJ'), 4353), (('compared', 'VBN'), 4336), (('new', 'JJ'), 4281), (('present', 'JJ'), 4182), (('effects', 'NNS'), 4137), (('found', 'VBD'), 4045), (('levels', 'NNS'), 4037), (('cells', 'NNS'), 3925), (('based', 'VBN'), 3901), (('clinical', 'JJ'), 3869), (('authors', 'NNS'), 3722)]
Viterbo;[('use', 6356), ('study', 5098), ('high', 4919), ('result', 4582), ('specie', 4104), ('show', 4031), ('different', 3667), ('cell', 3519), ('analysis', 3417), ('increase', 3292), ('model', 3233), ('plant', 3167), ('soil', 2899), ('effect', 2634), ('data', 2632), ('forest', 2559), ('area', 2540), ('system', 2478), ('find', 2411), ('present', 2294), ('activity', 2275), ('significant', 2187), ('level', 2171), ('protein', 2133), ('condition', 2068), ('process', 2053), ('low', 2017), ('gene', 1998), ('environment', 1997), ('change', 1989)];[(('species', 'NNS'), 4030), (('different', 'JJ'), 3597), (('results', 'NNS'), 3567), (('analysis', 'NN'), 2753), (('study', 'NN'), 2588), (('data', 'NNS'), 2494), (('using', 'VBG'), 2392), (('soil', 'NN'), 2206), (('high', 'JJ'), 2092), (('showed', 'VBD'), 1940), (('used', 'VBN'), 1892), (('cells', 'NNS'), 1857), (('conditions', 'NNS'), 1818), (('new', 'JJ'), 1800), (('model', 'NN'), 1739), (('production', 'NN'), 1718), (('water', 'NN'), 1659), (('activity', 'NN'), 1646), (('time', 'NN'), 1596), (('based', 'VBN'), 1575), (('growth', 'NN'), 1573), (('plant', 'NN'), 1538), (('plants', 'NNS'), 1533), (('system', 'NN'), 1508), (('forest', 'JJS'), 1415), (('area', 'NN'), 1366), (('authors', 'NNS'), 1348), (('compared', 'VBN'), 1346), (('effects', 'NNS'), 1342), (('higher', 'JJR'), 1342)]
Catanzaro;[('patient', 15616), ('study', 8137), ('cell', 6247), ('result', 6190), ('use', 5995), ('group', 5385), ('significant', 5064), ('high', 4464), ('show', 4325), ('treatment', 4204), ('disease', 3792), ('clinic', 3743), ('increase', 3604), ('analysis', 3551), ('method', 3532), ('effect', 3431), ('±', 3295), ('conclusion', 3263), ('find', 3219), ('level', 3207), ('control', 3015), ('data', 2875), ('evaluate', 2850), ('year', 2845), ('associate', 2828), ('risk', 2704), ('low', 2605), ('cancer', 2547), ('compare', 2503), ('age', 2482)];[(('patients', 'NNS'), 14301), (('results', 'NNS'), 5343), (('study', 'NN'), 4789), (('treatment', 'NN'), 3843), (('group', 'NN'), 3691), (('clinical', 'JJ'), 3536), (('cells', 'NNS'), 3245), (('analysis', 'NN'), 3033), (('methods', 'NNS'), 2860), (('data', 'NNS'), 2685), (('significant', 'JJ'), 2555), (('significantly', 'RB'), 2509), (('disease', 'NN'), 2498), (('showed', 'VBD'), 2454), (('associated', 'VBN'), 2438), (('risk', 'NN'), 2413), (('levels', 'NNS'), 2343), (('compared', 'VBN'), 2312), (('may', 'MD'), 2266), (('using', 'VBG'), 2222), (('different', 'JJ'), 2177), (('±', 'NNP'), 2169), (('cell', 'NN'), 2148), (('years', 'NNS'), 2112), (('cancer', 'NN'), 2109), (('age', 'NN'), 1992), (('expression', 'NN'), 1984), (('effects', 'NNS'), 1942), (('conclusions', 'NNS'), 1920), (('higher', 'JJR'), 1881)]
Enna;[('study', 1897), ('use', 1773), ('result', 1530), ('model', 1082), ('analysis', 1014), ('show', 1007), ('patient', 930), ('high', 922), ('effect', 797), ('significant', 760), ('system', 729), ('aim', 721), ('data', 716), ('present', 712), ('different', 702), ('method', 702), ('group', 677), ('increase', 659), ('test', 657), ('level', 641), ('find', 627), ('investigate', 567), ('measure', 556), ('author', 551), ('propose', 535), ('energy', 535), ('process', 522), ('risk', 515), ('factor', 506), ('paper', 504)];[(('results', 'NNS'), 1370), (('study', 'NN'), 1102), (('patients', 'NNS'), 837), (('analysis', 'NN'), 747), (('different', 'JJ'), 685), (('data', 'NNS'), 682), (('model', 'NN'), 620), (('using', 'VBG'), 585), (('used', 'VBN'), 519), (('authors', 'NNS'), 516), (('significant', 'JJ'), 515), (('paper', 'NN'), 493), (('group', 'NN'), 479), (('energy', 'NN'), 475), (('based', 'VBN'), 472), (('system', 'NN'), 444), (('research', 'NN'), 439), (('risk', 'NN'), 432), (('years', 'NNS'), 424), (('showed', 'VBD'), 422), (('role', 'NN'), 415), (('effects', 'NNS'), 410), (('high', 'JJ'), 406), (('time', 'NN'), 403), (('performance', 'NN'), 403), (('may', 'MD'), 393), (('compared', 'VBN'), 389), (('levels', 'NNS'), 389), (('effect', 'NN'), 386), (('order', 'NN'), 378)]
Aosta;[('study', 168), ('use', 132), ('result', 109), ('student', 96), ('find', 89), ('show', 89), ('analysis', 87), ('high', 84), ('paper', 76), ('research', 75), ('social', 75), ('child', 74), ('effect', 70), ('aim', 68), ('italian', 67), ('group', 64), ('level', 63), ('relationship', 63), ('school', 63), ('different', 61), ('adolescent', 61), ('author', 60), ('investigate', 60), ('role', 60), ('present', 59), ('model', 59), ('knowledge', 53), ('factor', 51), ('test', 49), ('play', 49)];[(('study', 'NN'), 103), (('students', 'NNS'), 91), (('results', 'NNS'), 89), (('research', 'NN'), 75), (('paper', 'NN'), 72), (('social', 'JJ'), 71), (('analysis', 'NN'), 68), (('italian', 'JJ'), 65), (('children', 'NNS'), 62), (('different', 'JJ'), 59), (('role', 'NN'), 57), (('school', 'NN'), 51), (('authors', 'NNS'), 50), (('findings', 'NNS'), 49), (('new', 'JJ'), 48), (('data', 'NNS'), 47), (('using', 'VBG'), 46), (('adolescents', 'NNS'), 46), (('effects', 'NNS'), 45), (('knowledge', 'NN'), 44), (('relationship', 'NN'), 44), (('may', 'MD'), 43), (('participants', 'NNS'), 43), (('group', 'NN'), 42), (('high', 'JJ'), 41), (('years', 'NNS'), 38), (('implications', 'NNS'), 37), (('model', 'NN'), 37), (('development', 'NN'), 35), (('levels', 'NNS'), 35)]
Pieve Emanuele;[('patient', 9767), ('study', 2960), ('result', 2653), ('use', 2159), ('treatment', 2090), ('clinic', 2063), ('disease', 1997), ('group', 1816), ('cell', 1781), ('method', 1765), ('high', 1724), ('surgery', 1696), ('conclusion', 1667), ('significant', 1623), ('year', 1582), ('–', 1571), ('ci', 1551), ('analysis', 1498), ('outcome', 1434), ('rate', 1408), ('month', 1383), ('cancer', 1340), ('risk', 1320), ('associate', 1229), ('show', 1186), ('compare', 1183), ('±', 1157), ('increase', 1147), ('aim', 1146), ('data', 1140)];[(('patients', 'NNS'), 9075), (('results', 'NNS'), 2310), (('clinical', 'JJ'), 1963), (('study', 'NN'), 1889), (('treatment', 'NN'), 1843), (('methods', 'NNS'), 1574), (('disease', 'NN'), 1508), (('analysis', 'NN'), 1274), (('group', 'NN'), 1263), (('months', 'NNS'), 1201), (('cancer', 'NN'), 1139), (('risk', 'NN'), 1136), (('compared', 'VBN'), 1086), (('data', 'NNS'), 1077), (('ci', 'NN'), 1067), (('years', 'NNS'), 1039), (('associated', 'VBN'), 1025), (('–', 'NNP'), 991), (('conclusions', 'NNS'), 970), (('authors', 'NNS'), 966), (('cells', 'NNS'), 955), (('median', 'JJ'), 934), (('rate', 'NN'), 927), (('respectively', 'RB'), 904), (('surgery', 'NN'), 872), (('background', 'NN'), 856), (('significant', 'JJ'), 837), (('using', 'VBG'), 825), (('therapy', 'NN'), 803), (('significantly', 'RB'), 786)]
Novedrate;[('study', 570), ('use', 505), ('result', 495), ('test', 493), ('show', 386), ('patient', 351), ('model', 328), ('significant', 320), ('group', 317), ('effect', 305), ('performance', 293), ('different', 290), ('high', 278), ('analysis', 277), ('aim', 271), ('time', 261), ('method', 238), ('present', 237), ('±', 237), ('age', 235), ('level', 233), ('train', 226), ('find', 205), ('increase', 205), ('measure', 202), ('condition', 201), ('exercise', 200), ('control', 191), ('data', 187), ('investigate', 186)];[(('results', 'NNS'), 436), (('study', 'NN'), 370), (('patients', 'NNS'), 330), (('different', 'JJ'), 282), (('performance', 'NN'), 239), (('test', 'NN'), 230), (('analysis', 'NN'), 222), (('time', 'NN'), 218), (('showed', 'VBD'), 215), (('significant', 'JJ'), 200), (('group', 'NN'), 198), (('model', 'NN'), 189), (('data', 'NNS'), 177), (('used', 'VBN'), 169), (('effects', 'NNS'), 167), (('paper', 'NN'), 164), (('using', 'VBG'), 163), (('age', 'NN'), 152), (('years', 'NNS'), 151), (('exercise', 'NN'), 148), (('tests', 'NNS'), 147), (('players', 'NNS'), 145), (('methods', 'NNS'), 143), (('participants', 'NNS'), 140), (('effect', 'NN'), 138), (('differences', 'NNS'), 138), (('authors', 'NNS'), 133), (('compared', 'VBN'), 130), (('based', 'VBN'), 129), (('cognitive', 'JJ'), 126)]
