;Akeywords_lemma;Akeywords_pos
Padua;[('galaxy', 4541), ('model', 3755), ('analysis', 3058), ('cell', 2800), ('disease', 2474), ('system', 2449), ('star', 2358), ('cancer', 1965), ('method', 1785), ('structure', 1608), ('control', 1589), ('protein', 1529), ('individual', 1522), ('general', 1367), ('cluster', 1365), ('network', 1313), ('heart', 1312), ('theory', 1257), ('process', 1218), ('factor', 1204), ('energy', 1202), ('dynamic', 1198), ('test', 1182), ('acid', 1181), ('muscle', 1180), ('syndrome', 1145), ('evolution', 1111), ('therapy', 1094), ('stress', 1080), ('function', 1068)];[(('galaxies', 'NNS'), 3901), (('analysis', 'NN'), 2893), (('stars', 'NNS'), 1871), (('cancer', 'NN'), 1781), (('model', 'NN'), 1702), (('disease', 'NN'), 1693), (('individual', 'JJ'), 1472), (('control', 'NN'), 1417), (('cell', 'NN'), 1371), (('general', 'JJ'), 1343), (('systems', 'NNS'), 1235), (('system', 'NN'), 1214), (('energy', 'NN'), 1191), (('methods', 'NNS'), 1154), (('cells', 'NNS'), 1035), (('clusters', 'NNS'), 1023), (('therapy', 'NN'), 1005), (('structure', 'NN'), 1000), (('physics', 'NNS'), 966), (('stress', 'NN'), 961), (('risk', 'NN'), 954), (('theory', 'NN'), 923), (('protein', 'NN'), 921), (('management', 'NN'), 908), (('data', 'NNS'), 895), (('evolution', 'NN'), 879), (('models', 'NNS'), 832), (('quality', 'NN'), 796), (('dynamics', 'NNS'), 794), (('activity', 'NN'), 780)]
Napoli;[('analysis', 4476), ('model', 4158), ('disease', 3945), ('cell', 3638), ('cancer', 3265), ('system', 3193), ('acid', 2274), ('protein', 2001), ('structure', 1842), ('heart', 1715), ('test', 1647), ('surgery', 1643), ('method', 1603), ('activity', 1600), ('factor', 1596), ('syndrome', 1572), ('image', 1533), ('therapy', 1458), ('energy', 1451), ('control', 1423), ('network', 1408), ('dynamic', 1372), ('risk', 1354), ('receptor', 1308), ('stress', 1249), ('water', 1229), ('function', 1222), ('gene', 1203), ('disorder', 1179), ('process', 1167)];[(('analysis', 'NN'), 4255), (('cancer', 'NN'), 3007), (('disease', 'NN'), 2793), (('model', 'NN'), 1825), (('cell', 'NN'), 1695), (('system', 'NN'), 1682), (('cells', 'NNS'), 1522), (('systems', 'NNS'), 1511), (('activity', 'NN'), 1507), (('energy', 'NN'), 1434), (('therapy', 'NN'), 1352), (('surgery', 'NN'), 1254), (('control', 'NN'), 1240), (('risk', 'NN'), 1235), (('acid', 'NN'), 1213), (('stress', 'NN'), 1143), (('protein', 'NN'), 1142), (('heart', 'NN'), 1058), (('magnetic', 'JJ'), 1038), (('data', 'NNS'), 1023), (('treatment', 'NN'), 1012), (('gene', 'NN'), 996), (('water', 'NN'), 988), (('quality', 'NN'), 959), (('chronic', 'JJ'), 951), (('growth', 'NN'), 941), (('factor', 'NN'), 933), (('design', 'NN'), 912), (('management', 'NN'), 892), (('receptor', 'NN'), 873)]
Frosinone;[('analysis', 438), ('model', 431), ('system', 368), ('control', 228), ('method', 222), ('test', 203), ('network', 177), ('energy', 175), ('power', 167), ('measurement', 164), ('particle', 156), ('robot', 149), ('element', 145), ('process', 145), ('design', 140), ('finite', 118), ('experiment', 113), ('antenna', 112), ('numerical', 107), ('simulation', 105), ('management', 103), ('material', 102), ('machine', 100), ('water', 99), ('current', 96), ('detection', 93), ('performance', 89), ('optimization', 88), ('distribution', 86), ('damage', 85)];[(('analysis', 'NN'), 394), (('systems', 'NNS'), 224), (('control', 'NN'), 219), (('model', 'NN'), 175), (('energy', 'NN'), 173), (('power', 'NN'), 167), (('system', 'NN'), 144), (('design', 'NN'), 135), (('method', 'NN'), 120), (('numerical', 'JJ'), 107), (('management', 'NN'), 102), (('finite', 'JJ'), 97), (('detection', 'NN'), 93), (('experimental', 'JJ'), 90), (('performance', 'NN'), 86), (('network', 'NN'), 85), (('simulation', 'NN'), 83), (('optimization', 'NN'), 83), (('water', 'NN'), 82), (('efficiency', 'NN'), 82), (('process', 'NN'), 82), (('networks', 'NNS'), 81), (('models', 'NNS'), 81), (('testing', 'VBG'), 80), (('methods', 'NNS'), 80), (('measurement', 'NN'), 80), (('distribution', 'NN'), 79), (('quality', 'NN'), 79), (('particles', 'NNS'), 75), (('element', 'NN'), 74)]
Siena;[('cell', 1024), ('disease', 813), ('analysis', 744), ('model', 732), ('cancer', 672), ('system', 631), ('syndrome', 532), ('protein', 473), ('italy', 453), ('scatter', 443), ('stress', 413), ('acid', 398), ('network', 393), ('structure', 389), ('hadronhadron', 389), ('receptor', 371), ('physic', 362), ('human', 360), ('therapy', 359), ('surgery', 357), ('heart', 356), ('experiment', 351), ('molecule', 330), ('inhibitor', 328), ('factor', 323), ('drug', 319), ('image', 314), ('specie', 312), ('disorder', 306), ('activity', 289)];[(('analysis', 'NN'), 712), (('cancer', 'NN'), 614), (('disease', 'NN'), 485), (('cell', 'NN'), 477), (('scattering', 'VBG'), 435), (('stress', 'NN'), 390), (('cells', 'NNS'), 387), (('physics', 'NNS'), 361), (('model', 'NN'), 345), (('human', 'JJ'), 342), (('therapy', 'NN'), 338), (('hadronhadron', 'NN'), 334), (('system', 'NN'), 321), (('species', 'NNS'), 310), (('systems', 'NNS'), 310), (('syndrome', 'NN'), 304), (('experiments', 'NNS'), 285), (('receptor', 'NN'), 277), (('molecular', 'JJ'), 275), (('resistance', 'NN'), 271), (('activity', 'NN'), 271), (('protein', 'NN'), 269), (('sclerosis', 'NN'), 267), (('treatment', 'NN'), 260), (('surgery', 'NN'), 255), (('multiple', 'JJ'), 248), (('oxidative', 'JJ'), 244), (('acid', 'NN'), 236), (('pain', 'NN'), 232), (('inhibitors', 'NNS'), 230)]
Perugia;[('model', 1255), ('cell', 1169), ('analysis', 1107), ('disease', 1020), ('system', 838), ('acid', 826), ('cancer', 740), ('energy', 649), ('test', 558), ('scatter', 550), ('molecule', 467), ('water', 458), ('physic', 456), ('structure', 454), ('factor', 440), ('galaxy', 438), ('experiment', 422), ('method', 418), ('surgery', 412), ('italy', 412), ('dynamic', 410), ('protein', 403), ('network', 390), ('syndrome', 384), ('risk', 384), ('property', 384), ('receptor', 383), ('detector', 375), ('therapy', 362), ('hadronhadron', 360)];[(('analysis', 'NN'), 1064), (('cancer', 'NN'), 690), (('energy', 'NN'), 637), (('model', 'NN'), 562), (('cells', 'NNS'), 557), (('disease', 'NN'), 537), (('scattering', 'VBG'), 527), (('system', 'NN'), 496), (('cell', 'NN'), 489), (('physics', 'NNS'), 455), (('galaxies', 'NNS'), 413), (('acid', 'NN'), 405), (('water', 'NN'), 377), (('risk', 'NN'), 363), (('properties', 'NNS'), 357), (('molecular', 'JJ'), 352), (('systems', 'NNS'), 342), (('hadronhadron', 'NN'), 332), (('activity', 'NN'), 326), (('therapy', 'NN'), 316), (('surgery', 'NN'), 315), (('stress', 'NN'), 313), (('quality', 'NN'), 310), (('disease', 'VBP'), 308), (('magnetic', 'JJ'), 306), (('test', 'NN'), 304), (('experiments', 'NNS'), 302), (('control', 'NN'), 291), (('models', 'NNS'), 290), (('general', 'JJ'), 290)]
Vercelli;[('cell', 648), ('cancer', 452), ('disease', 421), ('scatter', 393), ('physic', 392), ('model', 371), ('hadronhadron', 333), ('experiment', 312), ('analysis', 301), ('cm', 247), ('therapy', 237), ('coronary', 220), ('kidney', 214), ('system', 193), ('surgery', 188), ('syndrome', 187), ('factor', 177), ('protein', 176), ('covid', 173), ('detector', 173), ('receptor', 167), ('acid', 162), ('risk', 148), ('image', 147), ('liver', 146), ('drug', 144), ('agent', 138), ('spectroscopy', 138), ('theory', 136), ('health', 135)];[(('cancer', 'NN'), 404), (('physics', 'NNS'), 391), (('scattering', 'VBG'), 388), (('hadronhadron', 'NN'), 308), (('disease', 'NN'), 298), (('cell', 'NN'), 293), (('analysis', 'NN'), 290), (('cells', 'NNS'), 272), (('experiments', 'NNS'), 262), (('therapy', 'NN'), 219), (('model', 'NN'), 215), (('coronary', 'JJ'), 215), (('cms', 'NN'), 208), (('surgery', 'NN'), 148), (('health', 'NN'), 135), (('sclerosis', 'NN'), 134), (('risk', 'NN'), 128), (('human', 'JJ'), 128), (('growth', 'NN'), 128), (('heavy', 'JJ'), 127), (('care', 'NN'), 124), (('chronic', 'JJ'), 119), (('protein', 'NN'), 116), (('treatment', 'NN'), 115), (('agents', 'NNS'), 114), (('stress', 'NN'), 112), (('detectors', 'NNS'), 112), (('carcinoma', 'NN'), 111), (('system', 'NN'), 111), (('syndrome', 'NN'), 108)]
Benevento;[('system', 393), ('analysis', 377), ('model', 376), ('energy', 274), ('dynamic', 175), ('network', 163), ('build', 160), ('control', 158), ('italy', 158), ('test', 144), ('fiber', 142), ('software', 136), ('sensor', 133), ('management', 132), ('simulation', 125), ('measurement', 124), ('performance', 117), ('process', 116), ('power', 114), ('wave', 111), ('heat', 107), ('method', 105), ('seismic', 103), ('effect', 98), ('data', 93), ('structure', 92), ('cell', 92), ('soil', 91), ('gravitation', 91), ('flow', 90)];[(('analysis', 'NN'), 356), (('energy', 'NN'), 273), (('systems', 'NNS'), 235), (('model', 'NN'), 175), (('system', 'NN'), 158), (('control', 'NN'), 148), (('software', 'NN'), 136), (('management', 'NN'), 131), (('dynamic', 'JJ'), 120), (('power', 'NN'), 113), (('performance', 'NN'), 106), (('simulation', 'NN'), 105), (('seismic', 'JJ'), 98), (('network', 'NN'), 88), (('data', 'NNS'), 86), (('gravitational', 'JJ'), 84), (('italy', 'NN'), 83), (('waves', 'NNS'), 80), (('southern', 'JJ'), 78), (('sensors', 'NNS'), 77), (('process', 'NN'), 74), (('models', 'NNS'), 73), (('optical', 'JJ'), 72), (('fiber', 'NN'), 71), (('networks', 'NNS'), 69), (('learning', 'VBG'), 68), (('heat', 'NN'), 67), (('social', 'JJ'), 66), (('optimization', 'NN'), 65), (('thermal', 'JJ'), 65)]
Modena;[('cell', 1076), ('analysis', 922), ('model', 845), ('cancer', 801), ('disease', 780), ('system', 659), ('receptor', 593), ('acid', 550), ('therapy', 449), ('method', 427), ('structure', 424), ('factor', 410), ('test', 407), ('surgery', 401), ('syndrome', 400), ('spectroscopy', 369), ('molecule', 365), ('stress', 359), ('property', 356), ('human', 348), ('image', 345), ('protein', 336), ('treatment', 327), ('covid', 324), ('magnetism', 324), ('network', 322), ('microscopy', 318), ('liver', 311), ('risk', 311), ('control', 306)];[(('analysis', 'NN'), 875), (('cancer', 'NN'), 768), (('cell', 'NN'), 554), (('disease', 'NN'), 534), (('therapy', 'NN'), 427), (('cells', 'NNS'), 391), (('receptor', 'NN'), 373), (('model', 'NN'), 349), (('properties', 'NNS'), 340), (('systems', 'NNS'), 339), (('human', 'JJ'), 328), (('stress', 'NN'), 323), (('system', 'NN'), 320), (('acid', 'NN'), 309), (('molecular', 'JJ'), 302), (('treatment', 'NN'), 302), (('magnetic', 'JJ'), 302), (('microscopy', 'NN'), 301), (('spectroscopy', 'NN'), 293), (('surgery', 'NN'), 292), (('physics', 'NNS'), 292), (('health', 'NN'), 291), (('risk', 'NN'), 288), (('activity', 'NN'), 288), (('structure', 'NN'), 265), (('gene', 'NN'), 256), (('control', 'NN'), 254), (('design', 'NN'), 251), (('growth', 'NN'), 244), (('scattering', 'VBG'), 244)]
Parma;[('cell', 961), ('model', 932), ('analysis', 909), ('disease', 758), ('system', 699), ('structure', 689), ('acid', 616), ('complex', 513), ('cancer', 480), ('protein', 478), ('lung', 461), ('method', 457), ('food', 433), ('heart', 420), ('activity', 401), ('surgery', 390), ('crystal', 387), ('theory', 364), ('test', 357), ('growth', 357), ('water', 356), ('human', 336), ('spectroscopy', 331), ('stress', 327), ('risk', 326), ('syndrome', 324), ('control', 322), ('effect', 321), ('network', 319), ('factor', 312)];[(('analysis', 'NN'), 841), (('disease', 'NN'), 509), (('cancer', 'NN'), 451), (('cell', 'NN'), 440), (('model', 'NN'), 437), (('structure', 'NN'), 414), (('cells', 'NNS'), 410), (('food', 'NN'), 408), (('system', 'NN'), 392), (('activity', 'NN'), 382), (('growth', 'NN'), 357), (('complexes', 'NNS'), 313), (('systems', 'NNS'), 307), (('surgery', 'NN'), 304), (('human', 'JJ'), 302), (('risk', 'NN'), 298), (('protein', 'NN'), 296), (('stress', 'NN'), 290), (('water', 'NN'), 288), (('acid', 'NN'), 281), (('therapy', 'NN'), 276), (('theory', 'NN'), 271), (('control', 'NN'), 268), (('molecular', 'JJ'), 265), (('method', 'NN'), 265), (('social', 'JJ'), 261), (('health', 'NN'), 259), (('lung', 'NN'), 257), (('properties', 'NNS'), 257), (('management', 'NN'), 254)]
Roma;[('disease', 8080), ('model', 7649), ('cell', 7614), ('analysis', 7366), ('cancer', 6372), ('system', 6271), ('surgery', 3860), ('syndrome', 3697), ('galaxy', 3694), ('method', 3324), ('therapy', 3295), ('factor', 3093), ('function', 3073), ('network', 3061), ('disorder', 3024), ('image', 3019), ('structure', 2916), ('heart', 2843), ('theory', 2789), ('dynamic', 2759), ('risk', 2756), ('test', 2665), ('control', 2632), ('acid', 2532), ('equation', 2526), ('human', 2492), ('protein', 2479), ('treatment', 2445), ('energy', 2442), ('process', 2440)];[(('analysis', 'NN'), 6996), (('cancer', 'NN'), 6155), (('disease', 'NN'), 4999), (('model', 'NN'), 3435), (('cell', 'NN'), 3393), (('galaxies', 'NNS'), 3280), (('cells', 'NNS'), 3275), (('systems', 'NNS'), 3266), (('therapy', 'NN'), 3017), (('system', 'NN'), 3005), (('surgery', 'NN'), 2965), (('risk', 'NN'), 2537), (('energy', 'NN'), 2401), (('human', 'JJ'), 2364), (('control', 'NN'), 2350), (('treatment', 'NN'), 2301), (('magnetic', 'JJ'), 2185), (('health', 'NN'), 2178), (('data', 'NNS'), 2128), (('scattering', 'VBG'), 2062), (('theory', 'NN'), 2021), (('stress', 'NN'), 2016), (('models', 'NNS'), 2006), (('social', 'JJ'), 1996), (('syndrome', 'NN'), 1908), (('management', 'NN'), 1868), (('methods', 'NNS'), 1862), (('physics', 'NNS'), 1825), (('activity', 'NN'), 1803), (('quality', 'NN'), 1798)]
Bergamo;[('model', 440), ('system', 223), ('analysis', 207), ('method', 157), ('structure', 147), ('process', 139), ('theory', 136), ('management', 135), ('performance', 120), ('design', 115), ('stochastic', 111), ('network', 110), ('data', 107), ('dynamic', 105), ('finance', 102), ('risk', 100), ('test', 99), ('optimization', 99), ('social', 97), ('simulation', 96), ('control', 94), ('detector', 94), ('equation', 93), ('sustainability', 89), ('service', 88), ('family', 88), ('market', 87), ('flow', 87), ('energy', 82), ('algorithm', 81)];[(('analysis', 'NN'), 197), (('model', 'NN'), 192), (('management', 'NN'), 131), (('models', 'NNS'), 130), (('systems', 'NNS'), 126), (('performance', 'NN'), 118), (('theory', 'NN'), 114), (('stochastic', 'JJ'), 111), (('design', 'NN'), 106), (('data', 'NNS'), 102), (('system', 'NN'), 97), (('social', 'JJ'), 97), (('optimization', 'NN'), 95), (('risk', 'NN'), 90), (('control', 'NN'), 89), (('process', 'NN'), 89), (('family', 'NN'), 87), (('energy', 'NN'), 82), (('methods', 'NNS'), 81), (('corrosion', 'NN'), 77), (('health', 'NN'), 75), (('simulation', 'NN'), 70), (('service', 'NN'), 69), (('education', 'NN'), 68), (('dynamic', 'JJ'), 67), (('method', 'NN'), 66), (('public', 'JJ'), 66), (('distribution', 'NN'), 66), (('discontinuous', 'JJ'), 65), (('equations', 'NNS'), 64)]
Salerno;[('model', 1377), ('system', 1285), ('analysis', 1185), ('process', 601), ('cell', 591), ('network', 588), ('method', 584), ('control', 560), ('activity', 536), ('theory', 472), ('energy', 467), ('disease', 460), ('structure', 414), ('equation', 413), ('data', 392), ('dynamic', 391), ('test', 387), ('learn', 385), ('management', 359), ('cancer', 350), ('property', 347), ('acid', 346), ('algorithm', 324), ('function', 321), ('power', 297), ('stress', 290), ('wave', 284), ('material', 279), ('image', 278), ('design', 273)];[(('analysis', 'NN'), 1130), (('systems', 'NNS'), 757), (('model', 'NN'), 624), (('system', 'NN'), 528), (('activity', 'NN'), 510), (('control', 'NN'), 473), (('energy', 'NN'), 461), (('data', 'NNS'), 378), (('theory', 'NN'), 377), (('management', 'NN'), 354), (('properties', 'NNS'), 327), (('process', 'NN'), 310), (('methods', 'NNS'), 297), (('learning', 'VBG'), 295), (('power', 'NN'), 294), (('network', 'NN'), 288), (('cancer', 'NN'), 284), (('networks', 'NNS'), 280), (('disease', 'NN'), 269), (('supercritical', 'JJ'), 267), (('stress', 'NN'), 264), (('design', 'NN'), 263), (('social', 'JJ'), 263), (('method', 'NN'), 254), (('cells', 'NNS'), 253), (('cell', 'NN'), 252), (('equations', 'NNS'), 251), (('dynamics', 'NNS'), 245), (('models', 'NNS'), 244), (('stability', 'NN'), 242)]
Milano;[('model', 8550), ('analysis', 6699), ('cell', 6540), ('system', 5992), ('disease', 5988), ('cancer', 5374), ('control', 3207), ('heart', 3133), ('method', 3000), ('factor', 2921), ('image', 2882), ('risk', 2803), ('surgery', 2784), ('dynamic', 2723), ('network', 2650), ('acid', 2604), ('syndrome', 2582), ('structure', 2536), ('therapy', 2487), ('protein', 2455), ('test', 2455), ('process', 2238), ('energy', 2187), ('disorder', 2172), ('theory', 2130), ('data', 2093), ('function', 2092), ('receptor', 2049), ('study', 2008), ('treatment', 1969)];[(('analysis', 'NN'), 6384), (('cancer', 'NN'), 5132), (('disease', 'NN'), 3895), (('model', 'NN'), 3639), (('system', 'NN'), 3075), (('cell', 'NN'), 3034), (('systems', 'NNS'), 2917), (('control', 'NN'), 2828), (('cells', 'NNS'), 2689), (('risk', 'NN'), 2541), (('therapy', 'NN'), 2314), (('energy', 'NN'), 2171), (('surgery', 'NN'), 2143), (('models', 'NNS'), 2015), (('data', 'NNS'), 2012), (('pressure', 'NN'), 1913), (('treatment', 'NN'), 1834), (('design', 'NN'), 1814), (('health', 'NN'), 1810), (('growth', 'NN'), 1798), (('blood', 'NN'), 1786), (('galaxies', 'NNS'), 1782), (('heart', 'NN'), 1775), (('management', 'NN'), 1766), (('dynamics', 'NNS'), 1696), (('methods', 'NNS'), 1601), (('imaging', 'VBG'), 1596), (('quality', 'NN'), 1596), (('human', 'JJ'), 1580), (('theory', 'NN'), 1538)]
Bolzano;[('model', 390), ('analysis', 311), ('system', 278), ('data', 174), ('social', 159), ('management', 151), ('energy', 145), ('process', 137), ('design', 128), ('dynamic', 127), ('learn', 113), ('network', 110), ('software', 110), ('business', 107), ('economy', 103), ('theory', 102), ('performance', 101), ('development', 101), ('sustainability', 99), ('tourism', 99), ('family', 99), ('water', 97), ('industry', 97), ('soil', 93), ('method', 93), ('innovation', 90), ('quality', 89), ('education', 89), ('carbon', 87), ('change', 86)];[(('analysis', 'NN'), 305), (('model', 'NN'), 191), (('data', 'NNS'), 167), (('systems', 'NNS'), 166), (('social', 'JJ'), 158), (('management', 'NN'), 149), (('energy', 'NN'), 145), (('design', 'NN'), 124), (('system', 'NN'), 112), (('software', 'NN'), 110), (('business', 'NN'), 107), (('process', 'NN'), 98), (('family', 'NN'), 96), (('development', 'NN'), 96), (('tourism', 'NN'), 95), (('performance', 'NN'), 95), (('water', 'NN'), 90), (('quality', 'NN'), 86), (('carbon', 'NN'), 86), (('industry', 'NN'), 83), (('innovation', 'NN'), 83), (('learning', 'VBG'), 83), (('soil', 'NN'), 81), (('change', 'NN'), 74), (('economic', 'JJ'), 74), (('plant', 'NN'), 73), (('theory', 'NN'), 72), (('efficiency', 'NN'), 71), (('models', 'NNS'), 70), (('education', 'NN'), 69)]
Sassari;[('analysis', 559), ('cell', 519), ('model', 444), ('acid', 403), ('disease', 389), ('sardinia', 382), ('cancer', 372), ('activity', 337), ('mediterranean', 310), ('sheep', 309), ('system', 285), ('gene', 269), ('italy', 260), ('milk', 256), ('structure', 255), ('complex', 232), ('specie', 229), ('water', 212), ('soil', 206), ('factor', 204), ('genetic', 202), ('surgery', 199), ('human', 197), ('management', 192), ('molecule', 188), ('therapy', 187), ('risk', 185), ('treatment', 181), ('stress', 180), ('infection', 178)];[(('analysis', 'NN'), 541), (('cancer', 'NN'), 328), (('activity', 'NN'), 315), (('sardinia', 'NN'), 280), (('disease', 'NN'), 245), (('cell', 'NN'), 241), (('species', 'NNS'), 227), (('gene', 'NN'), 217), (('milk', 'NN'), 210), (('acid', 'NN'), 207), (('genetic', 'JJ'), 200), (('cells', 'NNS'), 192), (('management', 'NN'), 187), (('human', 'JJ'), 185), (('system', 'NN'), 176), (('model', 'NN'), 176), (('treatment', 'NN'), 170), (('therapy', 'NN'), 170), (('stress', 'NN'), 169), (('risk', 'NN'), 165), (('molecular', 'JJ'), 165), (('quality', 'NN'), 163), (('mediterranean', 'JJ'), 163), (('water', 'NN'), 163), (('soil', 'NN'), 162), (('sclerosis', 'NN'), 151), (('surgery', 'NN'), 147), (('multiple', 'JJ'), 146), (('blood', 'NN'), 144), (('complexes', 'NNS'), 144)]
Catania;[('model', 1345), ('analysis', 1318), ('disease', 1194), ('system', 1143), ('cell', 1051), ('star', 896), ('cancer', 809), ('network', 728), ('method', 685), ('acid', 657), ('activity', 641), ('energy', 624), ('scatter', 550), ('syndrome', 545), ('control', 528), ('physic', 495), ('receptor', 485), ('quality', 472), ('stress', 471), ('risk', 465), ('factor', 454), ('sicily', 448), ('therapy', 446), ('multiple', 442), ('detector', 423), ('equation', 413), ('experiment', 409), ('sun', 408), ('molecule', 403), ('structure', 401)];[(('analysis', 'NN'), 1245), (('cancer', 'NN'), 738), (('disease', 'NN'), 723), (('stars', 'NNS'), 721), (('energy', 'NN'), 616), (('activity', 'NN'), 616), (('model', 'NN'), 593), (('system', 'NN'), 581), (('systems', 'NNS'), 562), (('scattering', 'VBG'), 533), (('physics', 'NNS'), 494), (('cells', 'NNS'), 487), (('control', 'NN'), 476), (('cell', 'NN'), 450), (('stress', 'NN'), 441), (('sicily', 'RB'), 435), (('quality', 'NN'), 432), (('risk', 'NN'), 425), (('methods', 'NNS'), 411), (('therapy', 'NN'), 409), (('networks', 'NNS'), 405), (('multiple', 'JJ'), 395), (('water', 'NN'), 346), (('models', 'NNS'), 341), (('hadronhadron', 'NN'), 334), (('treatment', 'NN'), 326), (('receptor', 'NN'), 315), (('growth', 'NN'), 314), (('molecular', 'JJ'), 311), (('magnetic', 'JJ'), 311)]
Messina;[('disease', 1041), ('cell', 866), ('analysis', 859), ('model', 627), ('cancer', 622), ('system', 595), ('activity', 562), ('acid', 520), ('stress', 490), ('syndrome', 458), ('complex', 419), ('oil', 418), ('surgery', 384), ('method', 383), ('drug', 379), ('inflammation', 361), ('oxide', 356), ('disorder', 349), ('oxidative', 344), ('test', 344), ('structure', 338), ('magnetism', 338), ('factor', 334), ('protein', 332), ('water', 331), ('therapy', 330), ('thyroid', 329), ('image', 327), ('risk', 320), ('solution', 305)];[(('analysis', 'NN'), 830), (('disease', 'NN'), 699), (('cancer', 'NN'), 568), (('activity', 'NN'), 534), (('stress', 'NN'), 465), (('cells', 'NNS'), 405), (('cell', 'NN'), 368), (('system', 'NN'), 368), (('inflammation', 'NN'), 350), (('oxidative', 'JJ'), 343), (('magnetic', 'JJ'), 336), (('model', 'NN'), 328), (('oil', 'NN'), 323), (('therapy', 'NN'), 304), (('risk', 'NN'), 300), (('surgery', 'NN'), 294), (('drug', 'NN'), 269), (('food', 'NN'), 264), (('complexes', 'NNS'), 261), (('parameters', 'NNS'), 259), (('chronic', 'JJ'), 258), (('acid', 'NN'), 255), (('syndrome', 'NN'), 250), (('growth', 'NN'), 248), (('injury', 'NN'), 242), (('brain', 'NN'), 242), (('gas', 'NN'), 235), (('treatment', 'NN'), 234), (('water', 'NN'), 230), (('energy', 'NN'), 228)]
Torino;[('model', 4860), ('analysis', 3806), ('cell', 3360), ('system', 3285), ('cancer', 2824), ('disease', 2072), ('method', 1991), ('network', 1875), ('energy', 1850), ('structure', 1630), ('theory', 1595), ('control', 1514), ('process', 1423), ('dynamic', 1353), ('test', 1246), ('factor', 1205), ('design', 1186), ('space', 1136), ('surface', 1117), ('acid', 1105), ('equation', 1094), ('management', 1082), ('data', 1066), ('surgery', 1062), ('function', 1057), ('risk', 1055), ('magnetism', 1045), ('image', 1043), ('therapy', 1030), ('quality', 1021)];[(('analysis', 'NN'), 3629), (('cancer', 'NN'), 2735), (('model', 'NN'), 1981), (('energy', 'NN'), 1831), (('systems', 'NNS'), 1799), (('cell', 'NN'), 1677), (('system', 'NN'), 1486), (('disease', 'NN'), 1312), (('control', 'NN'), 1300), (('cells', 'NNS'), 1208), (('models', 'NNS'), 1168), (('design', 'NN'), 1125), (('management', 'NN'), 1074), (('theory', 'NN'), 1053), (('magnetic', 'JJ'), 1035), (('data', 'NNS'), 1018), (('risk', 'NN'), 950), (('therapy', 'NN'), 948), (('method', 'NN'), 934), (('networks', 'NNS'), 919), (('properties', 'NNS'), 916), (('quality', 'NN'), 909), (('methods', 'NNS'), 892), (('growth', 'NN'), 888), (('social', 'JJ'), 874), (('treatment', 'NN'), 866), (('dynamics', 'NNS'), 864), (('network', 'NN'), 863), (('health', 'NN'), 849), (('surface', 'NN'), 788)]
Trieste;[('galaxy', 4247), ('theory', 1654), ('model', 1646), ('structure', 1133), ('method', 1123), ('general', 1110), ('cosmology', 1057), ('system', 1022), ('analysis', 934), ('cluster', 903), ('cell', 863), ('physic', 767), ('star', 758), ('dynamic', 709), ('evolution', 670), ('field', 649), ('disease', 632), ('quantum', 600), ('scatter', 599), ('radiation', 597), ('cancer', 577), ('equation', 571), ('function', 526), ('molecule', 515), ('experiment', 506), ('matter', 500), ('dark', 497), ('individual', 485), ('hadronhadron', 464), ('cosmos', 454)];[(('galaxies', 'NNS'), 3595), (('general', 'JJ'), 1087), (('theory', 'NN'), 1027), (('analysis', 'NN'), 899), (('methods', 'NNS'), 833), (('structure', 'NN'), 813), (('physics', 'NNS'), 766), (('cosmology', 'NN'), 695), (('clusters', 'NNS'), 673), (('model', 'NN'), 657), (('systems', 'NNS'), 644), (('stars', 'NNS'), 600), (('scattering', 'VBG'), 578), (('radiation', 'NN'), 565), (('dynamics', 'NNS'), 554), (('evolution', 'NN'), 539), (('field', 'NN'), 535), (('models', 'NNS'), 513), (('cancer', 'NN'), 500), (('matter', 'NN'), 485), (('molecular', 'JJ'), 443), (('observations', 'NNS'), 435), (('individual', 'JJ'), 432), (('hadronhadron', 'NN'), 428), (('energy', 'NN'), 419), (('theories', 'NNS'), 418), (('numerical', 'JJ'), 414), (('active', 'JJ'), 408), (('disease', 'NN'), 407), (('cosmic', 'JJ'), 405)]
Venezia;[('model', 685), ('analysis', 682), ('water', 293), ('city', 288), ('system', 288), ('network', 282), ('risk', 277), ('climate', 271), ('venice', 240), ('change', 235), ('structure', 235), ('environment', 233), ('lagoon', 230), ('social', 226), ('management', 223), ('complex', 213), ('sustainability', 209), ('energy', 199), ('policy', 195), ('acid', 194), ('data', 194), ('method', 185), ('assessment', 185), ('process', 185), ('dynamic', 177), ('spectroscopy', 176), ('space', 170), ('sea', 165), ('catalyst', 163), ('metal', 158)];[(('analysis', 'NN'), 644), (('model', 'NN'), 300), (('risk', 'NN'), 249), (('water', 'NN'), 247), (('climate', 'NN'), 237), (('social', 'JJ'), 221), (('management', 'NN'), 221), (('change', 'NN'), 219), (('models', 'NNS'), 218), (('urban', 'JJ'), 202), (('energy', 'NN'), 197), (('venice', 'NN'), 191), (('lagoon', 'NN'), 184), (('data', 'NNS'), 184), (('complexes', 'NNS'), 177), (('networks', 'NNS'), 162), (('environmental', 'JJ'), 159), (('systems', 'NNS'), 157), (('policy', 'NN'), 156), (('sea', 'NN'), 154), (('assessment', 'NN'), 141), (('design', 'NN'), 138), (('nanoparticles', 'NNS'), 133), (('system', 'NN'), 131), (('decision', 'NN'), 125), (('theory', 'NN'), 121), (('carbon', 'NN'), 120), (('food', 'NN'), 120), (('spectroscopy', 'NN'), 119), (('health', 'NN'), 114)]
Campobasso;[('analysis', 327), ('model', 256), ('forest', 238), ('italy', 194), ('acid', 170), ('oil', 160), ('olive', 157), ('cell', 155), ('activity', 152), ('specie', 148), ('disease', 148), ('quality', 148), ('system', 147), ('stress', 127), ('cancer', 127), ('plant', 127), ('water', 124), ('change', 120), ('management', 119), ('food', 115), ('method', 108), ('image', 107), ('energy', 98), ('mediterranean', 98), ('structure', 93), ('growth', 92), ('study', 90), ('milk', 88), ('assessment', 87), ('factor', 87)];[(('analysis', 'NN'), 308), (('oil', 'NN'), 150), (('species', 'NNS'), 144), (('activity', 'NN'), 143), (('quality', 'NN'), 141), (('forest', 'JJS'), 141), (('olive', 'JJ'), 140), (('model', 'NN'), 129), (('stress', 'NN'), 118), (('cancer', 'NN'), 118), (('management', 'NN'), 118), (('food', 'NN'), 111), (('water', 'NN'), 109), (('plant', 'NN'), 100), (('energy', 'NN'), 98), (('system', 'NN'), 92), (('growth', 'NN'), 91), (('disease', 'NN'), 90), (('change', 'NN'), 89), (('italy', 'NN'), 86), (('acid', 'NN'), 83), (('health', 'NN'), 80), (('vegetation', 'NN'), 76), (('soil', 'NN'), 74), (('italy', 'JJ'), 71), (('cell', 'NN'), 71), (('distribution', 'NN'), 71), (('data', 'NNS'), 69), (('imaging', 'VBG'), 68), (('assessment', 'NN'), 67)]
Pavia;[('model', 1825), ('cell', 1740), ('analysis', 1537), ('disease', 1401), ('system', 1229), ('syndrome', 860), ('scatter', 803), ('method', 772), ('structure', 707), ('control', 695), ('protein', 632), ('risk', 631), ('hadronhadron', 629), ('cancer', 594), ('therapy', 589), ('heart', 585), ('experiment', 580), ('drug', 577), ('acid', 576), ('element', 548), ('physic', 529), ('equation', 525), ('factor', 525), ('disorder', 523), ('test', 505), ('human', 490), ('image', 478), ('process', 475), ('lung', 458), ('function', 444)];[(('analysis', 'NN'), 1463), (('disease', 'NN'), 840), (('model', 'NN'), 810), (('scattering', 'VBG'), 782), (('cell', 'NN'), 771), (('cells', 'NNS'), 737), (('system', 'NN'), 631), (('systems', 'NNS'), 598), (('control', 'NN'), 596), (('hadronhadron', 'NN'), 579), (('risk', 'NN'), 577), (('therapy', 'NN'), 542), (('cancer', 'NN'), 541), (('physics', 'NNS'), 528), (('models', 'NNS'), 498), (('human', 'JJ'), 457), (('methods', 'NNS'), 441), (('experiments', 'NNS'), 441), (('syndrome', 'NN'), 427), (('drug', 'NN'), 399), (('activity', 'NN'), 397), (('structure', 'NN'), 393), (('protein', 'NN'), 386), (('optical', 'JJ'), 386), (('growth', 'NN'), 381), (('treatment', 'NN'), 375), (('children', 'NNS'), 356), (('magnetic', 'JJ'), 354), (('data', 'NNS'), 353), (('water', 'NN'), 345)]
Brescia;[('disease', 993), ('cell', 928), ('cancer', 836), ('model', 743), ('heart', 714), ('analysis', 631), ('system', 590), ('failure', 521), ('syndrome', 469), ('surgery', 404), ('therapy', 394), ('sensor', 392), ('factor', 368), ('treatment', 355), ('risk', 346), ('control', 341), ('carcinoma', 340), ('test', 329), ('kidney', 328), ('receptor', 310), ('covid', 299), ('image', 279), ('health', 278), ('artery', 267), ('method', 263), ('disorder', 259), ('growth', 258), ('protein', 254), ('quality', 252), ('acute', 251)];[(('cancer', 'NN'), 813), (('analysis', 'NN'), 598), (('disease', 'NN'), 581), (('heart', 'NN'), 570), (('failure', 'NN'), 521), (('cell', 'NN'), 438), (('cells', 'NNS'), 392), (('therapy', 'NN'), 367), (('system', 'NN'), 359), (('treatment', 'NN'), 330), (('model', 'NN'), 323), (('surgery', 'NN'), 319), (('carcinoma', 'NN'), 319), (('risk', 'NN'), 316), (('control', 'NN'), 301), (('health', 'NN'), 278), (('growth', 'NN'), 258), (('management', 'NN'), 241), (('systems', 'NNS'), 231), (('quality', 'NN'), 225), (('chronic', 'JJ'), 225), (('energy', 'NN'), 221), (('disease', 'VBP'), 221), (('hypertension', 'NN'), 219), (('acute', 'JJ'), 217), (('gas', 'NN'), 210), (('syndrome', 'JJ'), 208), (('pressure', 'NN'), 206), (('blood', 'NN'), 203), (('syndrome', 'NN'), 202)]
Trento;[('model', 1572), ('analysis', 1281), ('system', 856), ('network', 745), ('method', 689), ('space', 666), ('image', 652), ('scatter', 589), ('learn', 585), ('process', 567), ('social', 547), ('experiment', 487), ('control', 485), ('structure', 477), ('theory', 454), ('data', 450), ('curve', 442), ('energy', 442), ('hadronhadron', 427), ('property', 412), ('dynamic', 409), ('sense', 405), ('physic', 402), ('equation', 400), ('function', 387), ('detector', 357), ('test', 355), ('finite', 354), ('change', 350), ('vector', 350)];[(('analysis', 'NN'), 1217), (('model', 'NN'), 677), (('scattering', 'VBG'), 577), (('social', 'JJ'), 545), (('systems', 'NNS'), 505), (('control', 'NN'), 453), (('energy', 'NN'), 437), (('data', 'NNS'), 433), (('physics', 'NNS'), 401), (('hadronhadron', 'NN'), 396), (('methods', 'NNS'), 383), (('properties', 'NNS'), 376), (('learning', 'VBG'), 375), (('network', 'NN'), 366), (('models', 'NNS'), 356), (('system', 'NN'), 351), (('networks', 'NNS'), 350), (('sensing', 'VBG'), 347), (('experiments', 'NNS'), 336), (('theory', 'NN'), 333), (('vector', 'NN'), 321), (('change', 'NN'), 316), (('management', 'NN'), 309), (('detection', 'NN'), 300), (('spatial', 'JJ'), 297), (('water', 'NN'), 290), (('finite', 'JJ'), 283), (('image', 'NN'), 282), (('space', 'NN'), 279), (('equations', 'NNS'), 274)]
Palermo;[('analysis', 1442), ('model', 1375), ('disease', 1232), ('cancer', 1165), ('system', 1133), ('cell', 1103), ('star', 863), ('activity', 709), ('acid', 695), ('water', 658), ('energy', 641), ('mediterranean', 635), ('method', 563), ('dynamic', 552), ('factor', 534), ('soil', 524), ('sicily', 508), ('risk', 494), ('structure', 487), ('process', 486), ('stress', 485), ('syndrome', 474), ('xrays', 464), ('image', 460), ('network', 446), ('control', 442), ('quality', 431), ('treatment', 425), ('test', 420), ('sea', 410)];[(('analysis', 'NN'), 1371), (('cancer', 'NN'), 1047), (('disease', 'NN'), 826), (('stars', 'NNS'), 719), (('activity', 'NN'), 681), (('model', 'NN'), 635), (('energy', 'NN'), 632), (('system', 'NN'), 588), (('systems', 'NNS'), 545), (('water', 'NN'), 508), (('sicily', 'RB'), 494), (('cells', 'NNS'), 478), (('cell', 'NN'), 463), (('risk', 'NN'), 458), (('stress', 'NN'), 420), (('soil', 'NN'), 412), (('acid', 'NN'), 401), (('sea', 'NN'), 396), (('quality', 'NN'), 394), (('treatment', 'NN'), 391), (('control', 'NN'), 383), (('management', 'NN'), 373), (('dynamics', 'NNS'), 368), (('mediterranean', 'JJ'), 365), (('chronic', 'JJ'), 357), (('therapy', 'NN'), 356), (('magnetic', 'JJ'), 354), (('growth', 'NN'), 345), (('power', 'NN'), 334), (('method', 'NN'), 323)]
L'Aquila;[('model', 1181), ('system', 1114), ('analysis', 932), ('method', 628), ('cell', 628), ('disease', 542), ('cancer', 538), ('equation', 483), ('dynamic', 438), ('network', 436), ('theory', 436), ('energy', 433), ('structure', 381), ('control', 378), ('process', 371), ('wave', 369), ('nonlinear', 358), ('detector', 337), ('space', 321), ('test', 307), ('magnetism', 286), ('disorder', 284), ('factor', 279), ('cosmos', 272), ('ray', 272), ('algorithm', 270), ('function', 257), ('data', 249), ('stability', 246), ('syndrome', 245)];[(('analysis', 'NN'), 890), (('systems', 'NNS'), 721), (('model', 'NN'), 540), (('cancer', 'NN'), 522), (('energy', 'NN'), 428), (('system', 'NN'), 393), (('control', 'NN'), 345), (('methods', 'NNS'), 340), (('disease', 'NN'), 308), (('theory', 'NN'), 299), (('cells', 'NNS'), 289), (('magnetic', 'JJ'), 280), (('dynamics', 'NNS'), 266), (('models', 'NNS'), 256), (('method', 'NN'), 255), (('cosmic', 'JJ'), 253), (('nonlinear', 'JJ'), 252), (('detectors', 'NNS'), 246), (('data', 'NNS'), 240), (('equation', 'NN'), 240), (('stability', 'NN'), 236), (('cell', 'NN'), 235), (('waves', 'NNS'), 227), (('equations', 'NNS'), 225), (('power', 'NN'), 223), (('networks', 'NNS'), 222), (('human', 'JJ'), 215), (('therapy', 'NN'), 213), (('time', 'NN'), 211), (('treatment', 'NN'), 202)]
Teramo;[('cell', 157), ('acid', 140), ('analysis', 129), ('dog', 119), ('food', 117), ('compound', 106), ('disease', 85), ('system', 84), ('activity', 81), ('quality', 79), ('antioxidant', 79), ('italy', 78), ('model', 74), ('receptor', 73), ('olive', 71), ('dna', 67), ('volatile', 67), ('sheep', 64), ('gene', 62), ('organic', 61), ('oil', 61), ('fatty', 59), ('horse', 57), ('cat', 54), ('milk', 53), ('biology', 51), ('diagnosis', 48), ('stress', 47), ('endocannabinoids', 47), ('environment', 47)];[(('analysis', 'NN'), 127), (('food', 'NN'), 102), (('cells', 'NNS'), 94), (('compounds', 'NNS'), 80), (('quality', 'NN'), 78), (('dog', 'NN'), 77), (('activity', 'NN'), 75), (('system', 'NN'), 74), (('volatile', 'JJ'), 67), (('dna', 'NN'), 64), (('organic', 'JJ'), 58), (('fatty', 'JJ'), 57), (('acid', 'NN'), 57), (('olive', 'JJ'), 55), (('oil', 'NN'), 53), (('antioxidant', 'JJ'), 52), (('gene', 'NN'), 50), (('horse', 'NN'), 49), (('cell', 'NN'), 44), (('endocannabinoids', 'NNS'), 44), (('growth', 'NN'), 44), (('acids', 'NNS'), 43), (('disease', 'NN'), 42), (('stress', 'NN'), 42), (('model', 'NN'), 42), (('meat', 'NN'), 41), (('italy', 'NN'), 40), (('receptor', 'NN'), 40), (('methylation', 'NN'), 40), (('diagnosis', 'NN'), 39)]
Reggio Di Calabria;[('analysis', 396), ('model', 350), ('system', 298), ('network', 242), ('method', 222), ('soil', 201), ('problem', 197), ('solution', 162), ('energy', 157), ('wave', 146), ('equation', 136), ('acid', 135), ('olive', 132), ('water', 130), ('forest', 119), ('antioxidant', 113), ('cell', 113), ('point', 111), ('oil', 110), ('management', 108), ('quality', 108), ('critical', 108), ('sustainability', 106), ('control', 106), ('theory', 100), ('data', 99), ('city', 96), ('social', 95), ('nonlinear', 91), ('function', 90)];[(('analysis', 'NN'), 369), (('soil', 'NN'), 170), (('model', 'NN'), 165), (('systems', 'NNS'), 165), (('energy', 'NN'), 157), (('solutions', 'NNS'), 136), (('system', 'NN'), 133), (('problem', 'NN'), 116), (('methods', 'NNS'), 113), (('network', 'NN'), 112), (('critical', 'JJ'), 108), (('olive', 'JJ'), 107), (('management', 'NN'), 106), (('quality', 'NN'), 105), (('control', 'NN'), 98), (('water', 'NN'), 97), (('method', 'NN'), 97), (('oil', 'NN'), 97), (('networks', 'NNS'), 95), (('social', 'JJ'), 94), (('models', 'NNS'), 93), (('equations', 'NNS'), 91), (('data', 'NNS'), 90), (('theory', 'NN'), 87), (('activity', 'NN'), 84), (('life', 'NN'), 83), (('variational', 'JJ'), 83), (('cycle', 'NN'), 81), (('problems', 'NNS'), 81), (('carbon', 'NN'), 80)]
Cosenza;[('model', 1184), ('membrane', 1010), ('analysis', 919), ('system', 754), ('method', 530), ('cell', 504), ('network', 440), ('data', 399), ('structure', 397), ('activity', 384), ('acid', 355), ('simulation', 347), ('scatter', 346), ('water', 343), ('energy', 338), ('cancer', 338), ('process', 332), ('program', 326), ('sun', 313), ('dynamic', 302), ('optimization', 295), ('problem', 285), ('antioxidant', 283), ('property', 281), ('theory', 280), ('control', 280), ('surface', 273), ('italy', 267), ('complex', 261), ('management', 257)];[(('analysis', 'NN'), 882), (('membrane', 'NN'), 660), (('model', 'NN'), 453), (('systems', 'NNS'), 417), (('data', 'NNS'), 383), (('activity', 'NN'), 363), (('system', 'NN'), 337), (('scattering', 'VBG'), 331), (('energy', 'NN'), 327), (('water', 'NN'), 295), (('optimization', 'NN'), 286), (('simulation', 'NN'), 282), (('cancer', 'NN'), 279), (('models', 'NNS'), 273), (('properties', 'NNS'), 254), (('management', 'NN'), 253), (('membranes', 'NNS'), 253), (('methods', 'NNS'), 253), (('control', 'NN'), 243), (('method', 'NN'), 241), (('networks', 'NNS'), 228), (('design', 'NN'), 227), (('hadronhadron', 'NN'), 218), (('antioxidant', 'JJ'), 213), (('theory', 'NN'), 210), (('hydrogen', 'NN'), 209), (('programming', 'VBG'), 198), (('transport', 'NN'), 197), (('human', 'JJ'), 196), (('cells', 'NNS'), 192)]
Potenza;[('physic', 622), ('scatter', 580), ('hadronhadron', 552), ('analysis', 455), ('model', 455), ('experiment', 404), ('system', 318), ('water', 282), ('soil', 275), ('italy', 232), ('method', 217), ('cm', 200), ('activity', 199), ('southern', 186), ('polynomial', 181), ('structure', 173), ('acid', 172), ('production', 167), ('management', 163), ('seismic', 160), ('stress', 157), ('energy', 149), ('cell', 146), ('space', 145), ('dynamic', 140), ('equation', 131), ('plant', 127), ('test', 127), ('particle', 123), ('flow', 121)];[(('physics', 'NNS'), 621), (('scattering', 'VBG'), 565), (('analysis', 'NN'), 422), (('hadronhadron', 'NN'), 392), (('experiments', 'NNS'), 359), (('model', 'NN'), 259), (('water', 'NN'), 227), (('soil', 'NN'), 222), (('southern', 'JJ'), 184), (('activity', 'NN'), 183), (('cms', 'NN'), 169), (('production', 'NN'), 166), (('management', 'NN'), 161), (('systems', 'NNS'), 160), (('hadronhadron', 'VBP'), 160), (('system', 'NN'), 158), (('seismic', 'JJ'), 154), (('energy', 'NN'), 147), (('stress', 'NN'), 140), (('italy', 'NN'), 118), (('quality', 'NN'), 115), (('polynomials', 'NNS'), 114), (('plant', 'NN'), 104), (('carbon', 'NN'), 103), (('heat', 'NN'), 101), (('simulation', 'NN'), 100), (('performance', 'NN'), 99), (('method', 'NN'), 99), (('control', 'NN'), 96), (('organic', 'JJ'), 96)]
Florence;[('model', 2263), ('analysis', 2057), ('cell', 2008), ('disease', 1807), ('system', 1713), ('cancer', 1620), ('carbon', 1510), ('structure', 1169), ('anhydrase', 1111), ('acid', 1067), ('method', 1033), ('protein', 1008), ('inhibitor', 945), ('image', 932), ('italy', 893), ('receptor', 889), ('galaxy', 875), ('control', 853), ('magnetism', 769), ('network', 766), ('dynamic', 765), ('test', 761), ('factor', 757), ('molecule', 750), ('syndrome', 746), ('therapy', 728), ('scatter', 723), ('heart', 722), ('function', 715), ('activity', 708)];[(('analysis', 'NN'), 1957), (('cancer', 'NN'), 1450), (('carbonic', 'JJ'), 1154), (('anhydrase', 'NN'), 1098), (('disease', 'NN'), 1065), (('model', 'NN'), 951), (('cells', 'NNS'), 910), (('systems', 'NNS'), 902), (('system', 'NN'), 811), (('cell', 'NN'), 801), (('galaxies', 'NNS'), 793), (('control', 'NN'), 728), (('magnetic', 'JJ'), 720), (('methods', 'NNS'), 677), (('scattering', 'VBG'), 673), (('therapy', 'NN'), 668), (('structure', 'NN'), 663), (('physics', 'NNS'), 662), (('activity', 'NN'), 654), (('risk', 'NN'), 614), (('quality', 'NN'), 613), (('human', 'JJ'), 593), (('acid', 'NN'), 591), (('data', 'NNS'), 578), (('energy', 'NN'), 570), (('protein', 'NN'), 562), (('molecular', 'JJ'), 558), (('social', 'JJ'), 556), (('models', 'NNS'), 554), (('inhibitors', 'NNS'), 546)]
Bari;[('analysis', 1865), ('model', 1754), ('disease', 1450), ('system', 1380), ('cell', 1340), ('physic', 1147), ('scatter', 1051), ('hadronhadron', 935), ('method', 930), ('experiment', 854), ('acid', 849), ('cancer', 841), ('network', 651), ('equation', 609), ('protein', 604), ('structure', 604), ('syndrome', 603), ('process', 598), ('control', 596), ('test', 595), ('energy', 582), ('water', 578), ('italy', 577), ('factor', 573), ('multiple', 559), ('therapy', 543), ('quality', 522), ('gene', 521), ('risk', 514), ('cm', 512)];[(('analysis', 'NN'), 1757), (('physics', 'NNS'), 1145), (('scattering', 'VBG'), 1023), (('model', 'NN'), 872), (('disease', 'NN'), 832), (('cancer', 'NN'), 765), (('hadronhadron', 'NN'), 745), (('systems', 'NNS'), 703), (('system', 'NN'), 677), (('experiments', 'NNS'), 655), (('cell', 'NN'), 607), (('energy', 'NN'), 578), (('cells', 'NNS'), 570), (('methods', 'NNS'), 548), (('control', 'NN'), 526), (('multiple', 'JJ'), 520), (('therapy', 'NN'), 496), (('water', 'NN'), 488), (('management', 'NN'), 473), (('quality', 'NN'), 470), (('acid', 'NN'), 467), (('risk', 'NN'), 463), (('cms', 'NN'), 436), (('treatment', 'NN'), 435), (('activity', 'NN'), 431), (('data', 'NNS'), 417), (('human', 'JJ'), 413), (('gene', 'NN'), 407), (('molecular', 'JJ'), 396), (('growth', 'NN'), 389)]
Foggia;[('disease', 438), ('cell', 380), ('cancer', 294), ('analysis', 291), ('heart', 282), ('food', 233), ('syndrome', 215), ('acid', 210), ('stress', 204), ('lung', 195), ('quality', 195), ('model', 181), ('atrium', 176), ('kidney', 167), ('system', 166), ('image', 165), ('factor', 164), ('oral', 159), ('therapy', 156), ('risk', 155), ('protein', 154), ('life', 152), ('surgery', 152), ('failure', 146), ('disorder', 145), ('health', 144), ('carcinoma', 142), ('chronic', 142), ('covid', 141), ('activity', 138)];[(('cancer', 'NN'), 284), (('analysis', 'NN'), 277), (('disease', 'NN'), 269), (('food', 'NN'), 219), (('cell', 'NN'), 194), (('stress', 'NN'), 189), (('quality', 'NN'), 184), (('heart', 'NN'), 176), (('atrial', 'JJ'), 170), (('oral', 'JJ'), 158), (('life', 'NN'), 152), (('cells', 'NNS'), 152), (('failure', 'NN'), 146), (('health', 'NN'), 144), (('syndrome', 'NN'), 139), (('chronic', 'JJ'), 137), (('fibrillation', 'NN'), 135), (('risk', 'NN'), 134), (('therapy', 'NN'), 134), (('carcinoma', 'NN'), 132), (('activity', 'NN'), 132), (('system', 'NN'), 131), (('ablation', 'NN'), 121), (('coronary', 'JJ'), 120), (('surgery', 'NN'), 113), (('treatment', 'NN'), 113), (('imaging', 'VBG'), 107), (('tomography', 'NN'), 106), (('acid', 'NN'), 105), (('management', 'NN'), 104)]
San Domenico di Fiesole;[('policy', 281), ('european', 281), ('social', 200), ('political', 187), ('market', 176), ('economy', 144), ('model', 140), ('right', 139), ('union', 135), ('party', 132), ('migration', 131), ('finance', 117), ('law', 115), ('eu', 114), ('analysis', 112), ('network', 111), ('europe', 109), ('trade', 105), ('integration', 101), ('public', 99), ('international', 99), ('crisis', 98), ('governance', 97), ('education', 94), ('politics', 91), ('system', 90), ('regulation', 89), ('state', 87), ('election', 77), ('italy', 77)];[(('european', 'JJ'), 275), (('policy', 'NN'), 249), (('social', 'JJ'), 200), (('political', 'JJ'), 187), (('union', 'NN'), 127), (('migration', 'NN'), 122), (('law', 'NN'), 114), (('analysis', 'NN'), 111), (('rights', 'NNS'), 107), (('market', 'NN'), 105), (('economic', 'JJ'), 104), (('integration', 'NN'), 100), (('international', 'JJ'), 99), (('governance', 'NN'), 95), (('politics', 'NNS'), 91), (('public', 'JJ'), 90), (('crisis', 'NN'), 87), (('regulation', 'NN'), 83), (('trade', 'NN'), 82), (('financial', 'JJ'), 74), (('europe', 'NN'), 74), (('party', 'NN'), 72), (('democracy', 'NN'), 71), (('markets', 'NNS'), 68), (('data', 'NNS'), 66), (('energy', 'NN'), 66), (('state', 'NN'), 64), (('history', 'NN'), 63), (('networks', 'NNS'), 62), (('human', 'JJ'), 62)]
Lecce;[('model', 728), ('analysis', 641), ('system', 537), ('cell', 380), ('method', 327), ('sea', 327), ('structure', 318), ('theory', 316), ('scatter', 311), ('mediterranean', 283), ('sensor', 276), ('process', 270), ('network', 264), ('energy', 262), ('space', 255), ('spectroscopy', 254), ('hadronhadron', 253), ('experiment', 249), ('management', 244), ('laser', 234), ('function', 230), ('operator', 230), ('property', 223), ('water', 212), ('test', 200), ('dynamic', 199), ('detector', 195), ('material', 192), ('data', 188), ('measurement', 186)];[(('analysis', 'NN'), 575), (('model', 'NN'), 336), (('sea', 'NN'), 312), (('scattering', 'VBG'), 307), (('systems', 'NNS'), 297), (('energy', 'NN'), 258), (('management', 'NN'), 240), (('theory', 'NN'), 240), (('system', 'NN'), 240), (('hadronhadron', 'NN'), 232), (('properties', 'NNS'), 204), (('spectroscopy', 'NN'), 192), (('data', 'NNS'), 183), (('experiments', 'NNS'), 179), (('cells', 'NNS'), 177), (('series', 'NN'), 174), (('detection', 'NN'), 165), (('control', 'NN'), 164), (('models', 'NNS'), 163), (('species', 'NNS'), 161), (('water', 'NN'), 158), (('method', 'NN'), 158), (('physics', 'NNS'), 153), (('social', 'JJ'), 151), (('materials', 'NNS'), 150), (('optical', 'JJ'), 150), (('mediterranean', 'JJ'), 150), (('cell', 'NN'), 150), (('methods', 'NNS'), 144), (('performance', 'NN'), 143)]
Vicenza;[('cell', 1087), ('analysis', 917), ('receptor', 844), ('disease', 778), ('model', 771), ('system', 564), ('cancer', 549), ('acid', 537), ('method', 533), ('factor', 462), ('activity', 427), ('test', 427), ('galaxy', 427), ('human', 401), ('structure', 397), ('physic', 365), ('general', 330), ('gene', 329), ('water', 328), ('italy', 319), ('therapy', 313), ('surgery', 312), ('syndrome', 299), ('energy', 296), ('complex', 291), ('chronic', 290), ('scatter', 288), ('equation', 280), ('stress', 277), ('xray', 275)];[(('analysis', 'NN'), 877), (('disease', 'NN'), 538), (('receptor', 'NN'), 527), (('cells', 'NNS'), 502), (('cancer', 'NN'), 467), (('cell', 'NN'), 443), (('activity', 'NN'), 408), (('human', 'JJ'), 376), (('physics', 'NNS'), 365), (('methods', 'NNS'), 362), (('galaxies', 'NNS'), 345), (('general', 'JJ'), 317), (('model', 'NN'), 300), (('receptors', 'NNS'), 299), (('gene', 'NN'), 298), (('energy', 'NN'), 289), (('system', 'NN'), 288), (('therapy', 'NN'), 286), (('acid', 'NN'), 280), (('systems', 'NNS'), 276), (('factor', 'NN'), 276), (('structure', 'NN'), 270), (('chronic', 'JJ'), 270), (('water', 'NN'), 268), (('scattering', 'VBG'), 265), (('stress', 'NN'), 250), (('test', 'NN'), 234), (('bone', 'NN'), 231), (('radiation', 'NN'), 230), (('magnetic', 'JJ'), 225)]
Genova;[('cell', 2045), ('model', 1834), ('disease', 1699), ('analysis', 1481), ('system', 1403), ('cancer', 1131), ('scatter', 1007), ('image', 891), ('receptor', 831), ('physic', 830), ('experiment', 768), ('hadronhadron', 761), ('control', 743), ('structure', 691), ('network', 673), ('syndrome', 667), ('method', 663), ('energy', 630), ('test', 591), ('therapy', 588), ('magnetism', 586), ('sea', 574), ('protein', 573), ('sclerosis', 571), ('acid', 560), ('surgery', 558), ('factor', 538), ('theory', 531), ('process', 529), ('human', 529)];[(('analysis', 'NN'), 1408), (('cancer', 'NN'), 1073), (('scattering', 'VBG'), 964), (('disease', 'NN'), 958), (('cells', 'NNS'), 958), (('cell', 'NN'), 835), (('physics', 'NNS'), 829), (('model', 'NN'), 817), (('systems', 'NNS'), 718), (('system', 'NN'), 685), (('control', 'NN'), 653), (('energy', 'NN'), 627), (('hadronhadron', 'NN'), 579), (('magnetic', 'JJ'), 572), (('sclerosis', 'NN'), 569), (('experiments', 'NNS'), 552), (('sea', 'NN'), 547), (('therapy', 'NN'), 543), (('human', 'JJ'), 506), (('imaging', 'VBG'), 480), (('activity', 'NN'), 462), (('multiple', 'JJ'), 454), (('surgery', 'NN'), 421), (('risk', 'NN'), 421), (('receptor', 'NN'), 417), (('disease', 'VBP'), 414), (('treatment', 'NN'), 411), (('receptors', 'NNS'), 409), (('structure', 'NN'), 398), (('data', 'NNS'), 398)]
Udine;[('model', 748), ('analysis', 649), ('system', 546), ('cell', 491), ('cancer', 446), ('method', 370), ('group', 368), ('disease', 332), ('control', 308), ('acid', 301), ('scatter', 298), ('structure', 293), ('galaxy', 291), ('ray', 285), ('nurse', 268), ('image', 267), ('breast', 257), ('hadronhadron', 254), ('gamma', 248), ('equation', 239), ('factor', 234), ('energy', 223), ('experiment', 221), ('protein', 219), ('study', 216), ('theory', 211), ('problem', 207), ('dynamic', 204), ('network', 204), ('stress', 199)];[(('analysis', 'NN'), 629), (('cancer', 'NN'), 428), (('model', 'NN'), 344), (('systems', 'NNS'), 328), (('group', 'NN'), 305), (('scattering', 'VBG'), 291), (('control', 'NN'), 286), (('galaxies', 'NNS'), 270), (('cell', 'NN'), 266), (('breast', 'NN'), 236), (('hadronhadron', 'NN'), 233), (('energy', 'NN'), 222), (('disease', 'NN'), 221), (('system', 'NN'), 218), (('methods', 'NNS'), 202), (('quality', 'NN'), 187), (('magnetic', 'JJ'), 185), (('stress', 'NN'), 179), (('care', 'NN'), 173), (('general', 'JJ'), 172), (('management', 'NN'), 168), (('food', 'NN'), 167), (('individual', 'JJ'), 167), (('cells', 'NNS'), 166), (('data', 'NNS'), 165), (('models', 'NNS'), 164), (('transplantation', 'NN'), 162), (('rays', 'NNS'), 161), (('oil', 'NN'), 160), (('experiments', 'NNS'), 159)]
Macerata;[('receptor', 470), ('model', 411), ('analysis', 374), ('structure', 325), ('system', 315), ('italy', 295), ('activity', 279), ('cell', 269), ('acid', 268), ('oil', 237), ('rat', 236), ('protein', 205), ('age', 202), ('essential', 201), ('complex', 200), ('control', 176), ('stress', 167), ('education', 163), ('spectroscopy', 159), ('method', 158), ('cancer', 157), ('xray', 156), ('interaction', 153), ('food', 149), ('dynamic', 146), ('dna', 143), ('antioxidant', 138), ('disease', 134), ('adenosine', 131), ('composite', 126)];[(('analysis', 'NN'), 353), (('receptor', 'NN'), 281), (('activity', 'NN'), 257), (('essential', 'JJ'), 200), (('model', 'NN'), 193), (('oil', 'NN'), 193), (('receptors', 'NNS'), 184), (('structure', 'NN'), 180), (('systems', 'NNS'), 172), (('stress', 'NN'), 156), (('control', 'NN'), 150), (('system', 'NN'), 143), (('italy', 'NN'), 142), (('food', 'NN'), 138), (('education', 'NN'), 137), (('age', 'NN'), 129), (('complexes', 'NNS'), 128), (('acid', 'NN'), 124), (('rat', 'NN'), 124), (('cell', 'NN'), 122), (('protein', 'NN'), 118), (('cells', 'NNS'), 117), (('central', 'JJ'), 117), (('dna', 'NN'), 115), (('management', 'NN'), 114), (('spectroscopy', 'NN'), 114), (('species', 'NNS'), 112), (('forensic', 'JJ'), 109), (('interaction', 'NN'), 108), (('growth', 'NN'), 108)]
Bologna;[('galaxy', 6090), ('model', 3760), ('analysis', 3245), ('cell', 2718), ('system', 2524), ('disease', 2275), ('method', 1772), ('acid', 1698), ('cluster', 1608), ('cancer', 1550), ('structure', 1494), ('general', 1235), ('spectroscopy', 1211), ('network', 1155), ('test', 1134), ('dynamic', 1111), ('syndrome', 1107), ('process', 1088), ('theory', 1074), ('disorder', 1074), ('therapy', 1061), ('energy', 1054), ('scatter', 1047), ('control', 1045), ('function', 1043), ('risk', 1040), ('data', 1034), ('molecule', 1029), ('star', 1018), ('individual', 1011)];[(('galaxies', 'NNS'), 5604), (('analysis', 'NN'), 3078), (('model', 'NN'), 1646), (('disease', 'NN'), 1502), (('cancer', 'NN'), 1432), (('cell', 'NN'), 1343), (('system', 'NN'), 1279), (('systems', 'NNS'), 1245), (('general', 'JJ'), 1230), (('clusters', 'NNS'), 1157), (('methods', 'NNS'), 1057), (('energy', 'NN'), 1044), (('cells', 'NNS'), 1034), (('scattering', 'VBG'), 1001), (('therapy', 'NN'), 985), (('data', 'NNS'), 983), (('physics', 'NNS'), 963), (('structure', 'NN'), 960), (('risk', 'NN'), 950), (('individual', 'JJ'), 937), (('control', 'NN'), 889), (('acid', 'NN'), 888), (('quality', 'NN'), 882), (('active', 'JJ'), 867), (('human', 'JJ'), 860), (('management', 'NN'), 859), (('health', 'NN'), 837), (('spectroscopy', 'NN'), 832), (('molecular', 'JJ'), 831), (('models', 'NNS'), 830)]
Pisa;[('model', 2570), ('system', 2147), ('analysis', 2106), ('cell', 1798), ('disease', 1664), ('physic', 1647), ('scatter', 1559), ('galaxy', 1466), ('cancer', 1389), ('hadronhadron', 1343), ('theory', 1263), ('method', 1215), ('experiment', 1132), ('disorder', 1116), ('structure', 1091), ('star', 1005), ('equation', 990), ('acid', 969), ('network', 938), ('function', 922), ('control', 887), ('image', 869), ('dynamic', 849), ('activity', 846), ('process', 822), ('stress', 816), ('receptor', 810), ('italy', 785), ('energy', 783), ('protein', 775)];[(('analysis', 'NN'), 2002), (('physics', 'NNS'), 1645), (('scattering', 'VBG'), 1502), (('cancer', 'NN'), 1282), (('model', 'NN'), 1271), (('galaxies', 'NNS'), 1267), (('systems', 'NNS'), 1110), (('system', 'NN'), 1037), (('hadronhadron', 'NN'), 1006), (('disease', 'NN'), 924), (('experiments', 'NNS'), 898), (('theory', 'NN'), 838), (('stars', 'NNS'), 809), (('methods', 'NNS'), 807), (('cell', 'NN'), 802), (('control', 'NN'), 791), (('activity', 'NN'), 789), (('energy', 'NN'), 767), (('cells', 'NNS'), 761), (('stress', 'NN'), 748), (('data', 'NNS'), 724), (('models', 'NNS'), 646), (('disorder', 'NN'), 631), (('dynamics', 'NNS'), 595), (('molecular', 'JJ'), 586), (('magnetic', 'JJ'), 585), (('therapy', 'NN'), 581), (('structure', 'NN'), 580), (('social', 'JJ'), 577), (('function', 'NN'), 565)]
Ancona;[('model', 896), ('cell', 888), ('analysis', 850), ('system', 742), ('cancer', 689), ('disease', 625), ('test', 409), ('network', 382), ('method', 381), ('carcinoma', 379), ('control', 372), ('sea', 368), ('energy', 345), ('acid', 339), ('dynamic', 322), ('stress', 322), ('management', 314), ('factor', 312), ('syndrome', 306), ('surgery', 304), ('therapy', 299), ('risk', 297), ('quality', 292), ('human', 288), ('growth', 288), ('process', 283), ('structure', 274), ('image', 273), ('activity', 265), ('environment', 256)];[(('analysis', 'NN'), 819), (('cancer', 'NN'), 677), (('cell', 'NN'), 504), (('model', 'NN'), 457), (('disease', 'NN'), 396), (('system', 'NN'), 377), (('systems', 'NNS'), 365), (('sea', 'NN'), 355), (('carcinoma', 'NN'), 347), (('energy', 'NN'), 343), (('control', 'NN'), 328), (('management', 'NN'), 310), (('stress', 'NN'), 294), (('growth', 'NN'), 288), (('human', 'JJ'), 280), (('cells', 'NNS'), 279), (('risk', 'NN'), 275), (('therapy', 'NN'), 267), (('quality', 'NN'), 252), (('data', 'NNS'), 239), (('activity', 'NN'), 232), (('test', 'NN'), 221), (('treatment', 'NN'), 220), (('design', 'NN'), 219), (('arthritis', 'NN'), 208), (('surgery', 'NN'), 203), (('method', 'NN'), 201), (('health', 'NN'), 197), (('network', 'NN'), 194), (('water', 'NN'), 193)]
Pesaro E Urbino;[('cell', 328), ('analysis', 308), ('physic', 282), ('model', 255), ('scatter', 224), ('system', 206), ('hadronhadron', 199), ('acid', 177), ('activity', 175), ('sea', 149), ('receptor', 138), ('bifurcation', 133), ('stress', 132), ('experiment', 130), ('italy', 128), ('map', 128), ('cancer', 127), ('dna', 124), ('method', 122), ('wave', 116), ('gravitation', 112), ('antioxidant', 103), ('process', 99), ('apoptosis', 98), ('social', 96), ('dynamic', 95), ('foraminifera', 93), ('network', 92), ('water', 89), ('protein', 89)];[(('analysis', 'NN'), 298), (('physics', 'NNS'), 281), (('scattering', 'VBG'), 203), (('activity', 'NN'), 172), (('cell', 'NN'), 144), (('sea', 'NN'), 141), (('hadronhadron', 'VBP'), 133), (('cells', 'NNS'), 126), (('stress', 'NN'), 123), (('dna', 'NN'), 114), (('experiments', 'NNS'), 114), (('systems', 'NNS'), 110), (('cancer', 'NN'), 110), (('model', 'NN'), 106), (('gravitational', 'JJ'), 105), (('acid', 'NN'), 98), (('social', 'JJ'), 96), (('system', 'NN'), 96), (('apoptosis', 'NN'), 95), (('receptor', 'NN'), 91), (('foraminifera', 'NN'), 89), (('quality', 'NN'), 87), (('waves', 'NNS'), 85), (('production', 'NN'), 85), (('oxidative', 'JJ'), 80), (('antioxidant', 'JJ'), 80), (('oil', 'NN'), 77), (('essential', 'JJ'), 75), (('human', 'JJ'), 75), (('methods', 'NNS'), 74)]
Verona;[('cell', 1069), ('disease', 1052), ('cancer', 952), ('analysis', 709), ('pancreas', 636), ('surgery', 582), ('model', 569), ('image', 502), ('protein', 480), ('system', 477), ('factor', 476), ('risk', 437), ('heart', 423), ('syndrome', 413), ('health', 386), ('kidney', 386), ('therapy', 382), ('disorder', 379), ('test', 374), ('magnetism', 370), ('chronic', 368), ('gene', 360), ('child', 356), ('acid', 355), ('carcinoma', 353), ('tumor', 330), ('lung', 326), ('quality', 325), ('asthma', 315), ('muscle', 315)];[(('cancer', 'NN'), 923), (('disease', 'NN'), 711), (('analysis', 'NN'), 685), (('cell', 'NN'), 623), (('pancreatic', 'JJ'), 495), (('surgery', 'NN'), 413), (('risk', 'NN'), 399), (('health', 'NN'), 386), (('magnetic', 'JJ'), 370), (('cells', 'NNS'), 361), (('therapy', 'NN'), 349), (('chronic', 'JJ'), 346), (('carcinoma', 'NN'), 318), (('imaging', 'VBG'), 313), (('gene', 'NN'), 300), (('treatment', 'NN'), 291), (('children', 'NNS'), 291), (('factors', 'NNS'), 282), (('protein', 'NN'), 278), (('quality', 'NN'), 277), (('resonance', 'NN'), 276), (('social', 'JJ'), 263), (('system', 'NN'), 262), (('blood', 'NN'), 251), (('model', 'NN'), 241), (('bone', 'NN'), 239), (('heart', 'NN'), 239), (('care', 'NN'), 238), (('coronary', 'JJ'), 234), (('sclerosis', 'NN'), 224)]
Cagliari;[('analysis', 833), ('model', 825), ('system', 796), ('receptor', 741), ('disease', 673), ('cell', 608), ('disorder', 504), ('sardinia', 503), ('dopamine', 503), ('acid', 490), ('activity', 487), ('cancer', 450), ('rat', 440), ('mediterranean', 365), ('structure', 353), ('network', 338), ('human', 333), ('method', 323), ('physic', 306), ('control', 298), ('process', 292), ('factor', 287), ('scatter', 278), ('multiple', 276), ('image', 275), ('water', 271), ('quality', 271), ('energy', 268), ('dynamic', 257), ('risk', 257)];[(('analysis', 'NN'), 805), (('systems', 'NNS'), 478), (('activity', 'NN'), 470), (('receptor', 'NN'), 470), (('cancer', 'NN'), 402), (('disease', 'NN'), 396), (('sardinia', 'NN'), 372), (('model', 'NN'), 367), (('dopamine', 'NN'), 355), (('system', 'NN'), 318), (('human', 'JJ'), 315), (('physics', 'NNS'), 306), (('acid', 'NN'), 289), (('cell', 'NN'), 276), (('control', 'NN'), 266), (('energy', 'NN'), 265), (('receptors', 'NNS'), 265), (('multiple', 'JJ'), 259), (('cells', 'NNS'), 257), (('scattering', 'VBG'), 256), (('disorder', 'NN'), 251), (('sclerosis', 'NN'), 244), (('social', 'JJ'), 242), (('rat', 'NN'), 240), (('risk', 'NN'), 239), (('disorders', 'NNS'), 235), (('treatment', 'NN'), 235), (('water', 'NN'), 232), (('quality', 'NN'), 224), (('data', 'NNS'), 221)]
Viterbo;[('analysis', 461), ('forest', 402), ('model', 400), ('soil', 329), ('acid', 269), ('cell', 261), ('carbon', 229), ('protein', 223), ('specie', 210), ('quality', 208), ('mediterranean', 207), ('system', 203), ('plant', 197), ('management', 195), ('change', 193), ('activity', 193), ('italy', 187), ('water', 187), ('gene', 186), ('wheat', 185), ('sustainability', 176), ('dna', 163), ('environment', 158), ('energy', 148), ('stress', 148), ('index', 147), ('food', 146), ('method', 138), ('biomass', 137), ('agriculture', 135)];[(('analysis', 'NN'), 446), (('soil', 'NN'), 271), (('forest', 'JJS'), 256), (('carbon', 'NN'), 224), (('species', 'NNS'), 209), (('quality', 'NN'), 205), (('management', 'NN'), 193), (('model', 'NN'), 182), (('activity', 'NN'), 177), (('wheat', 'NN'), 170), (('plant', 'NN'), 168), (('water', 'NN'), 158), (('change', 'NN'), 149), (('energy', 'NN'), 146), (('food', 'NN'), 141), (('stress', 'NN'), 134), (('dna', 'NN'), 132), (('acid', 'NN'), 132), (('biomass', 'NN'), 130), (('genetic', 'JJ'), 129), (('growth', 'NN'), 128), (('gene', 'NN'), 124), (('mediterranean', 'JJ'), 122), (('system', 'NN'), 119), (('climate', 'NN'), 119), (('organic', 'JJ'), 117), (('cell', 'NN'), 116), (('cells', 'NNS'), 116), (('production', 'NN'), 115), (('sea', 'NN'), 114)]
Catanzaro;[('disease', 661), ('cancer', 484), ('cell', 442), ('heart', 276), ('drug', 233), ('surgery', 226), ('syndrome', 224), ('therapy', 218), ('analysis', 210), ('disorder', 210), ('epilepsy', 201), ('system', 200), ('diabetes', 196), ('chronic', 189), ('covid', 183), ('receptor', 176), ('artery', 175), ('insulin', 167), ('risk', 166), ('kidney', 160), ('image', 155), ('multiple', 153), ('factor', 150), ('resistance', 144), ('model', 142), ('acid', 142), ('inhibitor', 139), ('protein', 138), ('health', 136), ('gene', 133)];[(('disease', 'NN'), 473), (('cancer', 'NN'), 453), (('cells', 'NNS'), 233), (('analysis', 'NN'), 205), (('therapy', 'NN'), 201), (('chronic', 'JJ'), 179), (('surgery', 'NN'), 175), (('drug', 'NN'), 164), (('epilepsy', 'NN'), 164), (('cell', 'NN'), 161), (('risk', 'NN'), 156), (('insulin', 'NN'), 147), (('resistance', 'NN'), 143), (('multiple', 'JJ'), 142), (('health', 'NN'), 136), (('receptor', 'NN'), 135), (('disorders', 'NNS'), 134), (('coronary', 'JJ'), 128), (('heart', 'NN'), 125), (('syndrome', 'NN'), 124), (('stress', 'NN'), 122), (('treatment', 'NN'), 122), (('gene', 'NN'), 120), (('artery', 'NN'), 115), (('activity', 'NN'), 113), (('system', 'NN'), 110), (('inhibitors', 'NNS'), 109), (('imaging', 'VBG'), 108), (('pain', 'NN'), 107), (('inflammation', 'NN'), 105)]
Enna;[('analysis', 155), ('model', 119), ('network', 112), ('system', 71), ('covid', 70), ('energy', 67), ('social', 62), ('heart', 60), ('water', 59), ('test', 57), ('behavior', 53), ('performance', 51), ('disease', 51), ('cognition', 50), ('assessment', 49), ('control', 48), ('flow', 45), ('failure', 44), ('disorder', 44), ('city', 43), ('risk', 43), ('life', 42), ('adolescence', 41), ('cancer', 41), ('physical', 38), ('quality', 38), ('nervous_system', 37), ('learn', 37), ('health', 37), ('stress', 37)];[(('analysis', 'NN'), 150), (('energy', 'NN'), 67), (('model', 'NN'), 61), (('social', 'JJ'), 59), (('network', 'NN'), 57), (('networks', 'NNS'), 54), (('water', 'NN'), 53), (('heart', 'NN'), 52), (('performance', 'NN'), 51), (('system', 'NN'), 47), (('failure', 'NN'), 44), (('control', 'NN'), 42), (('life', 'NN'), 42), (('cancer', 'NN'), 40), (('adolescence', 'NN'), 39), (('risk', 'NN'), 39), (('physical', 'JJ'), 38), (('covid', 'NN'), 37), (('neural', 'JJ'), 37), (('health', 'NN'), 37), (('psychological', 'JJ'), 36), (('properties', 'NNS'), 36), (('cognitive', 'JJ'), 35), (('urban', 'JJ'), 34), (('stress', 'NN'), 34), (('education', 'NN'), 32), (('management', 'NN'), 31), (('anxiety', 'NN'), 31), (('satisfaction', 'NN'), 31), (('learning', 'VBG'), 31)]
Aosta;[('social', 15), ('price', 14), ('analysis', 13), ('learn', 13), ('adolescence', 13), ('quality', 12), ('school', 11), ('research', 10), ('knowledge', 10), ('life', 10), ('tourism', 9), ('design', 9), ('technological', 9), ('education', 9), ('strategy', 8), ('early', 8), ('covid', 8), ('optimization', 8), ('function', 7), ('market', 7), ('test', 7), ('model', 7), ('factor', 7), ('selfefficacy', 7), ('parent', 7), ('perception', 6), ('set', 6), ('dynamic', 6), ('assessment', 6), ('wellbeing', 6)];[(('social', 'JJ'), 15), (('analysis', 'NN'), 13), (('adolescence', 'NN'), 12), (('research', 'NN'), 10), (('life', 'NN'), 10), (('school', 'NN'), 10), (('tourism', 'NN'), 9), (('design', 'NN'), 9), (('knowledge', 'NN'), 9), (('technological', 'JJ'), 9), (('strategies', 'NNS'), 8), (('quality', 'NN'), 8), (('pricing', 'NN'), 8), (('learning', 'VBG'), 8), (('optimization', 'NN'), 8), (('test', 'NN'), 7), (('selfefficacy', 'NN'), 7), (('education', 'NN'), 7), (('perception', 'NN'), 6), (('factor', 'NN'), 6), (('support', 'NN'), 6), (('variational', 'JJ'), 6), (('communication', 'NN'), 5), (('market', 'NN'), 5), (('dynamic', 'JJ'), 5), (('management', 'NN'), 5), (('identity', 'NN'), 5), (('learning', 'NN'), 5), (('generalized', 'VBN'), 5), (('innovation', 'NN'), 5)]
Pieve Emanuele;[('cancer', 329), ('disease', 276), ('surgery', 252), ('covid', 167), ('cell', 161), ('therapy', 128), ('carcinoma', 106), ('liver', 105), ('tumor', 93), ('asthma', 82), ('colon', 81), ('outcome', 76), ('bowel', 76), ('treatment', 75), ('metastasis', 75), ('inflammatory', 73), ('coronary', 70), ('crohn', 69), ('sarscov', 67), ('heart', 67), ('prostate', 64), ('lung', 63), ('quality', 63), ('breast', 62), ('inflammation', 61), ('immunotherapy', 60), ('syndrome', 59), ('image', 58), ('health', 57), ('risk', 57)];[(('cancer', 'NN'), 324), (('disease', 'NN'), 234), (('surgery', 'NN'), 199), (('therapy', 'NN'), 114), (('carcinoma', 'NN'), 104), (('covid', 'NN'), 88), (('liver', 'NN'), 80), (('cell', 'NN'), 76), (('bowel', 'NN'), 73), (('coronary', 'JJ'), 70), (('treatment', 'NN'), 69), (('cells', 'NNS'), 69), (('asthma', 'NN'), 63), (('crohns', 'NN'), 61), (('breast', 'NN'), 61), (('inflammation', 'NN'), 58), (('tumor', 'NN'), 58), (('health', 'NN'), 57), (('sarscov', 'NN'), 56), (('analysis', 'NN'), 56), (('life', 'NN'), 55), (('colitis', 'NN'), 54), (('prostate', 'NN'), 54), (('colorectal', 'JJ'), 54), (('care', 'NN'), 54), (('clinical', 'JJ'), 54), (('resection', 'NN'), 53), (('hepatocellular', 'JJ'), 53), (('risk', 'NN'), 53), (('ulcerative', 'JJ'), 50)]
Novedrate;[('model', 52), ('test', 48), ('analysis', 47), ('exercise', 45), ('performance', 40), ('sport', 39), ('train', 35), ('cognition', 32), ('motor', 32), ('muscle', 32), ('disease', 29), ('rehabilitation', 27), ('learn', 26), ('system', 26), ('disorder', 24), ('control', 24), ('therapy', 24), ('energy', 23), ('strength', 23), ('assessment', 22), ('virtual', 22), ('physical', 21), ('team', 21), ('theory', 21), ('metabolism', 21), ('obesity', 20), ('reality', 19), ('network', 19), ('body', 19), ('age', 19)];[(('analysis', 'NN'), 46), (('exercise', 'NN'), 44), (('performance', 'NN'), 39), (('motor', 'NN'), 32), (('cognitive', 'JJ'), 31), (('training', 'NN'), 30), (('sport', 'NN'), 29), (('rehabilitation', 'NN'), 27), (('strength', 'NN'), 23), (('energy', 'NN'), 22), (('virtual', 'JJ'), 22), (('control', 'NN'), 21), (('learning', 'VBG'), 21), (('muscle', 'NN'), 21), (('physical', 'JJ'), 21), (('testing', 'VBG'), 20), (('team', 'NN'), 20), (('reality', 'NN'), 19), (('obesity', 'NN'), 18), (('body', 'NN'), 18), (('test', 'NN'), 18), (('disease', 'VBP'), 18), (('model', 'NN'), 18), (('memory', 'NN'), 17), (('theory', 'NN'), 17), (('therapy', 'NN'), 16), (('social', 'JJ'), 16), (('system', 'NN'), 16), (('study', 'NN'), 16), (('design', 'NN'), 15)]
