;Ikeywords_lemma;Ikeywords_pos
Padua;[('human', 79614), ('study', 60139), ('cell', 47871), ('article', 46712), ('protein', 42638), ('age', 40501), ('female', 39829), ('male', 39778), ('adult', 32683), ('drug', 29605), ('disease', 29418), ('animal', 28975), ('clinic', 27881), ('control', 26974), ('analysis', 26708), ('journal', 19947), ('priority', 19946), ('gene', 17844), ('factor', 17158), ('model', 16689), ('blood', 16417), ('system', 16196), ('middle', 16038), ('acid', 15586), ('cancer', 14465), ('heart', 14324), ('child', 13542), ('muscle', 12454), ('agent', 12341), ('major', 11312)];[(('human', 'JJ'), 50555), (('article', 'NN'), 46712), (('study', 'NN'), 45904), (('cell', 'NN'), 37309), (('adult', 'NN'), 31588), (('drug', 'NN'), 29513), (('female', 'JJ'), 29367), (('protein', 'NN'), 28128), (('clinical', 'JJ'), 27838), (('analysis', 'NN'), 26074), (('humans', 'NNS'), 24227), (('disease', 'NN'), 23775), (('male', 'JJ'), 20974), (('priority', 'NN'), 19660), (('journal', 'NN'), 18779), (('male', 'NN'), 17906), (('gene', 'NN'), 17054), (('aged', 'VBN'), 16821), (('aged', 'VBD'), 15931), (('controlled', 'VBD'), 15852), (('blood', 'NN'), 15261), (('cancer', 'NN'), 14051), (('animal', 'JJ'), 13273), (('heart', 'NN'), 12734), (('major', 'JJ'), 11312), (('factor', 'NN'), 10560), (('system', 'NN'), 10305), (('tumor', 'NN'), 10295), (('studies', 'NNS'), 10179), (('child', 'NN'), 9808)]
Napoli;[('human', 99842), ('study', 81247), ('cell', 69178), ('protein', 65674), ('article', 62383), ('age', 50352), ('male', 48831), ('female', 48597), ('drug', 48456), ('disease', 42557), ('adult', 39950), ('clinic', 37524), ('control', 36881), ('animal', 35496), ('analysis', 34202), ('gene', 25699), ('journal', 25149), ('priority', 25131), ('acid', 25102), ('factor', 24569), ('middle', 21250), ('agent', 20876), ('blood', 20636), ('model', 20258), ('heart', 19531), ('cancer', 19351), ('system', 18484), ('receptor', 17847), ('tumor', 16191), ('italy', 15617)];[(('article', 'NN'), 62380), (('study', 'NN'), 61403), (('human', 'JJ'), 61402), (('cell', 'NN'), 54231), (('drug', 'NN'), 48337), (('protein', 'NN'), 42764), (('adult', 'NN'), 38693), (('clinical', 'JJ'), 37438), (('female', 'JJ'), 35645), (('disease', 'NN'), 35164), (('analysis', 'NN'), 33457), (('humans', 'NNS'), 31236), (('male', 'JJ'), 25479), (('priority', 'NN'), 24828), (('gene', 'NN'), 24601), (('journal', 'NN'), 23779), (('controlled', 'VBD'), 22632), (('male', 'NN'), 22294), (('aged', 'VBN'), 21615), (('aged', 'VBD'), 20553), (('blood', 'NN'), 19143), (('cancer', 'NN'), 18833), (('heart', 'NN'), 17586), (('factor', 'NN'), 16538), (('animal', 'JJ'), 16134), (('tumor', 'NN'), 14904), (('receptor', 'NN'), 14757), (('acid', 'NN'), 14392), (('studies', 'NNS'), 13919), (('major', 'JJ'), 13885)]
Frosinone;[('analysis', 1509), ('system', 1280), ('model', 1235), ('human', 1130), ('control', 997), ('method', 882), ('study', 838), ('cell', 695), ('article', 680), ('power', 671), ('electric', 668), ('water', 639), ('energy', 637), ('process', 578), ('numerical', 565), ('material', 562), ('particle', 531), ('test', 515), ('air', 506), ('experiment', 500), ('measurement', 496), ('design', 467), ('structure', 467), ('environment', 450), ('protein', 450), ('simulation', 441), ('female', 440), ('male', 436), ('health', 436), ('age', 433)];[(('analysis', 'NN'), 1448), (('systems', 'NNS'), 904), (('human', 'JJ'), 693), (('article', 'NN'), 679), (('power', 'NN'), 669), (('electric', 'JJ'), 657), (('study', 'NN'), 640), (('control', 'NN'), 629), (('energy', 'NN'), 616), (('models', 'NNS'), 583), (('numerical', 'JJ'), 565), (('water', 'NN'), 558), (('air', 'NN'), 482), (('materials', 'NNS'), 475), (('cell', 'NN'), 457), (('method', 'NN'), 447), (('health', 'NN'), 436), (('computer', 'NN'), 425), (('design', 'NN'), 405), (('adult', 'NN'), 400), (('particle', 'NN'), 399), (('simulation', 'NN'), 395), (('model', 'NN'), 382), (('methods', 'NNS'), 380), (('humans', 'NNS'), 379), (('system', 'NN'), 376), (('waste', 'NN'), 360), (('experimental', 'JJ'), 352), (('environmental', 'JJ'), 348), (('pollution', 'NN'), 346)]
Siena;[('human', 30413), ('study', 20312), ('cell', 18274), ('article', 17599), ('protein', 16627), ('drug', 15192), ('age', 13840), ('male', 13685), ('female', 13361), ('adult', 11276), ('clinic', 9763), ('disease', 9747), ('control', 9324), ('animal', 9106), ('analysis', 7963), ('priority', 7336), ('journal', 7336), ('gene', 6274), ('acid', 6224), ('agent', 5720), ('middle', 5687), ('factor', 5437), ('blood', 5007), ('receptor', 4530), ('system', 4518), ('virus', 4345), ('cancer', 4249), ('model', 4149), ('nonhuman', 4094), ('italy', 4047)];[(('human', 'JJ'), 19355), (('article', 'NN'), 17599), (('study', 'NN'), 15448), (('drug', 'NN'), 15162), (('cell', 'NN'), 14552), (('protein', 'NN'), 10896), (('adult', 'NN'), 10893), (('female', 'JJ'), 10018), (('clinical', 'JJ'), 9749), (('humans', 'NNS'), 8955), (('disease', 'NN'), 7922), (('analysis', 'NN'), 7752), (('priority', 'NN'), 7213), (('male', 'JJ'), 7116), (('journal', 'NN'), 6901), (('male', 'NN'), 6293), (('controlled', 'VBD'), 6118), (('gene', 'NN'), 6004), (('aged', 'VBN'), 5845), (('aged', 'VBD'), 5715), (('blood', 'NN'), 4652), (('animal', 'JJ'), 4215), (('cancer', 'NN'), 4131), (('acid', 'NN'), 3849), (('derivative', 'JJ'), 3810), (('nonhuman', 'JJ'), 3723), (('receptor', 'NN'), 3687), (('molecular', 'JJ'), 3542), (('major', 'JJ'), 3529), (('factor', 'NN'), 3497)]
Perugia;[('human', 25874), ('study', 22077), ('cell', 19134), ('article', 17127), ('age', 15339), ('drug', 14403), ('protein', 13611), ('male', 13425), ('female', 13251), ('animal', 12441), ('disease', 11992), ('clinic', 9930), ('adult', 9884), ('analysis', 9637), ('control', 9561), ('acid', 7985), ('journal', 7320), ('priority', 7319), ('factor', 6898), ('blood', 6155), ('agent', 6038), ('gene', 5761), ('middle', 5705), ('model', 5694), ('cancer', 5255), ('receptor', 5254), ('system', 5210), ('mouse', 4866), ('italy', 4699), ('molecule', 4564)];[(('article', 'NN'), 17126), (('study', 'NN'), 16967), (('human', 'JJ'), 16279), (('cell', 'NN'), 14789), (('drug', 'NN'), 14361), (('clinical', 'JJ'), 9901), (('female', 'JJ'), 9759), (('disease', 'NN'), 9758), (('adult', 'NN'), 9570), (('analysis', 'NN'), 9422), (('protein', 'NN'), 9069), (('humans', 'NNS'), 7705), (('priority', 'NN'), 7229), (('journal', 'NN'), 6951), (('male', 'JJ'), 6890), (('aged', 'VBN'), 6367), (('aged', 'VBD'), 6320), (('male', 'NN'), 6256), (('controlled', 'VBD'), 5889), (('blood', 'NN'), 5695), (('animal', 'JJ'), 5592), (('gene', 'NN'), 5497), (('cancer', 'NN'), 5170), (('acid', 'NN'), 4619), (('factor', 'NN'), 4507), (('receptor', 'NN'), 4154), (('major', 'JJ'), 3914), (('nonhuman', 'JJ'), 3839), (('treatment', 'NN'), 3718), (('derivative', 'JJ'), 3705)]
Vercelli;[('human', 12931), ('cell', 11494), ('study', 10640), ('protein', 8672), ('age', 7708), ('article', 7105), ('male', 5810), ('female', 5792), ('drug', 5707), ('disease', 4852), ('clinic', 4570), ('adult', 4469), ('control', 4331), ('analysis', 4017), ('gene', 3670), ('animal', 3557), ('factor', 3353), ('cancer', 3205), ('priority', 3054), ('journal', 3054), ('middle', 2985), ('agent', 2748), ('receptor', 2597), ('acid', 2561), ('tumor', 2469), ('blood', 2332), ('risk', 1982), ('survival', 1952), ('treatment', 1946), ('major', 1901)];[(('cell', 'NN'), 9139), (('study', 'NN'), 8043), (('human', 'JJ'), 7454), (('article', 'NN'), 7105), (('protein', 'NN'), 5778), (('drug', 'NN'), 5684), (('clinical', 'JJ'), 4564), (('humans', 'NNS'), 4358), (('adult', 'NN'), 4309), (('female', 'JJ'), 4217), (('disease', 'NN'), 4213), (('analysis', 'NN'), 3924), (('aged', 'VBN'), 3582), (('gene', 'NN'), 3550), (('aged', 'VBD'), 3221), (('cancer', 'NN'), 3133), (('male', 'JJ'), 3125), (('priority', 'NN'), 3014), (('journal', 'NN'), 2885), (('controlled', 'VBD'), 2749), (('male', 'NN'), 2554), (('factor', 'NN'), 2287), (('tumor', 'NN'), 2243), (('receptor', 'NN'), 2210), (('blood', 'NN'), 2110), (('treatment', 'NN'), 1924), (('major', 'JJ'), 1901), (('studies', 'NNS'), 1844), (('risk', 'NN'), 1746), (('genetic', 'JJ'), 1718)]
Benevento;[('protein', 2396), ('cell', 1858), ('system', 1472), ('analysis', 1463), ('model', 1157), ('control', 1070), ('human', 1068), ('animal', 1026), ('study', 931), ('energy', 881), ('article', 842), ('gene', 781), ('italy', 644), ('structure', 586), ('acid', 566), ('fiber', 551), ('drug', 549), ('signal', 523), ('method', 518), ('expression', 510), ('factor', 508), ('water', 502), ('computer', 498), ('soil', 485), ('male', 474), ('software', 454), ('receptor', 444), ('experiment', 442), ('metabolism', 438), ('power', 431)];[(('protein', 'NN'), 1503), (('analysis', 'NN'), 1437), (('cell', 'NN'), 1393), (('systems', 'NNS'), 1037), (('energy', 'NN'), 854), (('article', 'NN'), 841), (('gene', 'NN'), 756), (('study', 'NN'), 728), (('human', 'JJ'), 656), (('control', 'NN'), 553), (('drug', 'NN'), 548), (('expression', 'NN'), 500), (('computer', 'NN'), 486), (('italy', 'NN'), 469), (('model', 'NN'), 465), (('models', 'NNS'), 452), (('software', 'NN'), 448), (('water', 'NN'), 435), (('system', 'NN'), 435), (('animal', 'JJ'), 432), (('power', 'NN'), 431), (('metabolism', 'NN'), 402), (('factor', 'NN'), 392), (('time', 'NN'), 385), (('controlled', 'VBD'), 381), (('receptor', 'NN'), 375), (('data', 'NNS'), 362), (('electric', 'JJ'), 356), (('priority', 'NN'), 347), (('tumor', 'NN'), 339)]
Modena;[('human', 28816), ('study', 22010), ('cell', 17563), ('article', 16744), ('age', 15651), ('female', 13896), ('male', 13794), ('drug', 13732), ('protein', 12638), ('adult', 11600), ('clinic', 10822), ('disease', 10286), ('control', 9107), ('analysis', 8871), ('animal', 8868), ('journal', 7388), ('priority', 7382), ('middle', 6179), ('factor', 5825), ('gene', 5711), ('cancer', 5580), ('acid', 5522), ('receptor', 5459), ('agent', 5408), ('system', 5315), ('blood', 5163), ('model', 4251), ('major', 4147), ('treatment', 4133), ('rat', 4059)];[(('human', 'JJ'), 18706), (('article', 'NN'), 16743), (('study', 'NN'), 16677), (('cell', 'NN'), 14066), (('drug', 'NN'), 13704), (('adult', 'NN'), 11268), (('clinical', 'JJ'), 10798), (('female', 'JJ'), 10239), (('analysis', 'NN'), 8644), (('disease', 'NN'), 8610), (('protein', 'NN'), 8348), (('humans', 'NNS'), 8334), (('priority', 'NN'), 7287), (('male', 'JJ'), 7031), (('journal', 'NN'), 7008), (('aged', 'VBN'), 6546), (('male', 'NN'), 6498), (('aged', 'VBD'), 6404), (('controlled', 'VBD'), 5811), (('cancer', 'NN'), 5502), (('gene', 'NN'), 5437), (('blood', 'NN'), 4789), (('animal', 'JJ'), 4277), (('receptor', 'NN'), 4236), (('major', 'JJ'), 4147), (('treatment', 'NN'), 4072), (('system', 'NN'), 3816), (('factor', 'NN'), 3729), (('studies', 'NNS'), 3636), (('therapy', 'NN'), 3470)]
Parma;[('human', 26900), ('study', 19352), ('article', 16405), ('cell', 15141), ('age', 13804), ('drug', 13607), ('male', 13071), ('female', 13022), ('protein', 11949), ('adult', 10429), ('animal', 10036), ('disease', 9349), ('clinic', 8735), ('control', 8546), ('analysis', 8224), ('acid', 6975), ('priority', 6345), ('journal', 6340), ('system', 5507), ('middle', 5290), ('factor', 5110), ('model', 4876), ('blood', 4867), ('agent', 4803), ('structure', 4768), ('gene', 4737), ('heart', 4248), ('molecule', 4061), ('receptor', 3962), ('italy', 3958)];[(('human', 'JJ'), 17352), (('article', 'NN'), 16404), (('study', 'NN'), 14710), (('drug', 'NN'), 13567), (('cell', 'NN'), 11842), (('adult', 'NN'), 10083), (('female', 'JJ'), 9637), (('clinical', 'JJ'), 8699), (('humans', 'NNS'), 8002), (('analysis', 'NN'), 7987), (('protein', 'NN'), 7582), (('disease', 'NN'), 7345), (('male', 'JJ'), 6624), (('priority', 'NN'), 6253), (('male', 'NN'), 6174), (('journal', 'NN'), 5974), (('aged', 'VBD'), 5564), (('aged', 'VBN'), 5464), (('controlled', 'VBD'), 5339), (('animal', 'JJ'), 4780), (('blood', 'NN'), 4553), (('gene', 'NN'), 4441), (('system', 'NN'), 4056), (('acid', 'NN'), 3929), (('heart', 'NN'), 3847), (('structure', 'NN'), 3597), (('molecular', 'JJ'), 3535), (('nonhuman', 'JJ'), 3450), (('major', 'JJ'), 3431), (('derivative', 'JJ'), 3399)]
Roma;[('human', 239009), ('study', 171079), ('article', 135377), ('age', 129830), ('cell', 125913), ('female', 115839), ('male', 114510), ('protein', 107880), ('adult', 99493), ('disease', 87073), ('clinic', 86510), ('drug', 83847), ('control', 71310), ('analysis', 63646), ('priority', 56184), ('journal', 56172), ('animal', 54481), ('middle', 53527), ('factor', 48249), ('cancer', 43651), ('gene', 42552), ('system', 39736), ('blood', 39465), ('acid', 38391), ('agent', 38319), ('model', 35737), ('treatment', 33028), ('major', 32064), ('child', 31946), ('tumor', 31935)];[(('human', 'JJ'), 151670), (('article', 'NN'), 135371), (('study', 'NN'), 129416), (('cell', 'NN'), 99787), (('adult', 'NN'), 96130), (('clinical', 'JJ'), 86275), (('female', 'JJ'), 85635), (('drug', 'NN'), 83484), (('humans', 'NNS'), 73112), (('disease', 'NN'), 73058), (('protein', 'NN'), 71619), (('analysis', 'NN'), 62193), (('male', 'JJ'), 59571), (('aged', 'VBN'), 56845), (('priority', 'NN'), 55374), (('aged', 'VBD'), 53748), (('journal', 'NN'), 52897), (('male', 'NN'), 52460), (('controlled', 'VBD'), 44148), (('cancer', 'NN'), 43013), (('gene', 'NN'), 40750), (('blood', 'NN'), 36525), (('treatment', 'NN'), 32754), (('major', 'JJ'), 32064), (('factor', 'NN'), 31496), (('studies', 'NNS'), 30488), (('tumor', 'NN'), 29511), (('female', 'NN'), 27147), (('system', 'NN'), 26911), (('heart', 'NN'), 26753)]
Bergamo;[('human', 881), ('analysis', 802), ('model', 762), ('system', 734), ('study', 656), ('control', 543), ('article', 520), ('method', 496), ('adult', 431), ('age', 425), ('test', 423), ('female', 411), ('male', 406), ('process', 383), ('cell', 377), ('flow', 374), ('computer', 349), ('design', 345), ('structure', 343), ('performance', 309), ('energy', 306), ('health', 291), ('disease', 284), ('simulation', 276), ('corrosion', 274), ('stress', 266), ('network', 258), ('industry', 254), ('clinic', 253), ('computation', 239)];[(('analysis', 'NN'), 779), (('human', 'JJ'), 549), (('article', 'NN'), 519), (('systems', 'NNS'), 515), (('study', 'NN'), 494), (('adult', 'NN'), 412), (('computer', 'NN'), 329), (('female', 'JJ'), 319), (('methods', 'NNS'), 312), (('design', 'NN'), 312), (('models', 'NNS'), 312), (('performance', 'NN'), 304), (('control', 'NN'), 302), (('energy', 'NN'), 294), (('humans', 'NNS'), 294), (('model', 'NN'), 292), (('health', 'NN'), 291), (('corrosion', 'NN'), 265), (('clinical', 'JJ'), 253), (('cell', 'NN'), 242), (('disease', 'NN'), 238), (('numerical', 'JJ'), 230), (('system', 'NN'), 219), (('process', 'NN'), 214), (('simulation', 'NN'), 213), (('flow', 'NN'), 213), (('computational', 'JJ'), 206), (('male', 'JJ'), 206), (('data', 'NNS'), 205), (('optimization', 'NN'), 199)]
Salerno;[('human', 9822), ('cell', 9744), ('study', 8067), ('drug', 7920), ('protein', 7066), ('article', 6909), ('analysis', 6152), ('control', 4892), ('model', 4756), ('system', 4559), ('age', 4396), ('disease', 4387), ('structure', 4122), ('male', 3880), ('acid', 3808), ('female', 3805), ('adult', 3410), ('animal', 3341), ('magnetism', 3191), ('agent', 3004), ('molecule', 2952), ('plant', 2690), ('clinic', 2633), ('derivative', 2627), ('method', 2460), ('resonance', 2429), ('activity', 2411), ('chemical', 2296), ('gene', 2230), ('journal', 2199)];[(('drug', 'NN'), 7884), (('cell', 'NN'), 7381), (('article', 'NN'), 6909), (('analysis', 'NN'), 6003), (('study', 'NN'), 5944), (('human', 'JJ'), 5746), (('protein', 'NN'), 4674), (('disease', 'NN'), 3762), (('adult', 'NN'), 3280), (('humans', 'NNS'), 3177), (('magnetic', 'JJ'), 3107), (('systems', 'NNS'), 2872), (('female', 'JJ'), 2845), (('structure', 'NN'), 2753), (('clinical', 'JJ'), 2623), (('molecular', 'JJ'), 2569), (('derivative', 'JJ'), 2484), (('resonance', 'NN'), 2408), (('acid', 'NN'), 2365), (('controlled', 'VBD'), 2359), (('plant', 'NN'), 2325), (('activity', 'NN'), 2198), (('priority', 'NN'), 2141), (('gene', 'NN'), 2139), (('male', 'JJ'), 2108), (('journal', 'NN'), 2056), (('energy', 'NN'), 2042), (('model', 'NN'), 2032), (('aged', 'VBN'), 2023), (('models', 'NNS'), 1988)]
Milano;[('human', 176467), ('study', 139861), ('cell', 107413), ('article', 102452), ('age', 97585), ('protein', 87186), ('female', 86517), ('male', 85135), ('adult', 73487), ('disease', 69317), ('drug', 68138), ('clinic', 65094), ('control', 62687), ('analysis', 58940), ('animal', 56167), ('priority', 44146), ('journal', 44146), ('factor', 41502), ('blood', 40058), ('middle', 39950), ('gene', 39298), ('model', 38246), ('system', 36766), ('cancer', 35780), ('acid', 31921), ('agent', 29933), ('heart', 28759), ('receptor', 26870), ('risk', 26667), ('image', 25606)];[(('human', 'JJ'), 110849), (('study', 'NN'), 105941), (('article', 'NN'), 102446), (('cell', 'NN'), 83497), (('adult', 'NN'), 70963), (('drug', 'NN'), 67942), (('clinical', 'JJ'), 64920), (('female', 'JJ'), 64211), (('protein', 'NN'), 57823), (('analysis', 'NN'), 57708), (('disease', 'NN'), 57006), (('humans', 'NNS'), 54582), (('male', 'JJ'), 44102), (('priority', 'NN'), 43520), (('aged', 'VBN'), 41989), (('journal', 'NN'), 41574), (('aged', 'VBD'), 39655), (('male', 'NN'), 38953), (('gene', 'NN'), 37675), (('blood', 'NN'), 37217), (('controlled', 'VBD'), 36475), (('cancer', 'NN'), 35246), (('factor', 'NN'), 26705), (('heart', 'NN'), 25684), (('animal', 'JJ'), 25599), (('major', 'JJ'), 25498), (('studies', 'NNS'), 24689), (('treatment', 'NN'), 23327), (('risk', 'NN'), 23128), (('system', 'NN'), 23042)]
Bolzano;[('analysis', 1024), ('system', 822), ('model', 726), ('plant', 550), ('human', 516), ('study', 508), ('control', 492), ('water', 483), ('energy', 464), ('carbon', 452), ('process', 451), ('soil', 448), ('environment', 423), ('data', 420), ('article', 409), ('acid', 398), ('method', 393), ('management', 384), ('italy', 378), ('animal', 359), ('software', 321), ('protein', 302), ('female', 288), ('temperature', 281), ('development', 274), ('ecosystem', 274), ('agriculture', 254), ('bacteria', 252), ('male', 247), ('experiment', 240)];[(('analysis', 'NN'), 998), (('systems', 'NNS'), 545), (('energy', 'NN'), 447), (('plant', 'NN'), 438), (('water', 'NN'), 437), (('carbon', 'NN'), 419), (('article', 'NN'), 409), (('data', 'NNS'), 395), (('study', 'NN'), 385), (('management', 'NN'), 372), (('soil', 'NN'), 359), (('human', 'JJ'), 345), (('software', 'NN'), 320), (('model', 'NN'), 293), (('environmental', 'JJ'), 292), (('control', 'NN'), 283), (('system', 'NN'), 277), (('process', 'NN'), 276), (('development', 'NN'), 263), (('female', 'JJ'), 249), (('temperature', 'NN'), 240), (('acid', 'NN'), 233), (('performance', 'NN'), 231), (('computer', 'NN'), 229), (('models', 'NNS'), 222), (('italy', 'NN'), 216), (('metabolism', 'NN'), 216), (('method', 'NN'), 210), (('design', 'NN'), 208), (('efficiency', 'NN'), 208)]
Sassari;[('human', 13734), ('study', 10265), ('article', 8542), ('cell', 7552), ('drug', 7511), ('age', 6900), ('female', 6809), ('male', 6795), ('animal', 6665), ('protein', 5847), ('adult', 5236), ('disease', 4930), ('analysis', 4876), ('control', 4487), ('clinic', 4121), ('acid', 3759), ('gene', 3668), ('italy', 3365), ('priority', 3054), ('journal', 3054), ('agent', 2855), ('middle', 2824), ('blood', 2775), ('factor', 2651), ('virus', 2481), ('nonhuman', 2434), ('dna', 2372), ('genetic', 2366), ('derivative', 2252), ('system', 2182)];[(('human', 'JJ'), 8883), (('article', 'NN'), 8542), (('study', 'NN'), 7976), (('drug', 'NN'), 7468), (('cell', 'NN'), 5981), (('adult', 'NN'), 5037), (('female', 'JJ'), 5024), (('analysis', 'NN'), 4760), (('clinical', 'JJ'), 4109), (('humans', 'NNS'), 3998), (('disease', 'NN'), 3845), (('protein', 'NN'), 3837), (('gene', 'NN'), 3484), (('male', 'JJ'), 3437), (('male', 'NN'), 3218), (('animal', 'JJ'), 3107), (('priority', 'NN'), 2998), (('controlled', 'VBD'), 2893), (('journal', 'NN'), 2874), (('aged', 'VBN'), 2779), (('aged', 'VBD'), 2682), (('blood', 'NN'), 2580), (('genetic', 'JJ'), 2360), (('acid', 'NN'), 2250), (('nonhuman', 'JJ'), 2166), (('derivative', 'JJ'), 2153), (('cancer', 'NN'), 1982), (('dna', 'NN'), 1954), (('animals', 'NNS'), 1953), (('virus', 'NN'), 1886)]
Catania;[('human', 28051), ('study', 21777), ('article', 17673), ('cell', 16485), ('drug', 15975), ('age', 14912), ('male', 14407), ('female', 13489), ('disease', 11882), ('protein', 11706), ('clinic', 10863), ('adult', 10570), ('control', 10089), ('analysis', 8824), ('animal', 8817), ('acid', 6714), ('system', 6609), ('factor', 6424), ('priority', 6292), ('journal', 6288), ('agent', 6187), ('middle', 5790), ('model', 5288), ('gene', 5237), ('blood', 5187), ('italy', 4558), ('receptor', 4469), ('cancer', 4433), ('child', 4417), ('treatment', 4349)];[(('article', 'NN'), 17673), (('human', 'JJ'), 17664), (('study', 'NN'), 16532), (('drug', 'NN'), 15937), (('cell', 'NN'), 13107), (('clinical', 'JJ'), 10837), (('adult', 'NN'), 10231), (('female', 'JJ'), 10051), (('disease', 'NN'), 9878), (('analysis', 'NN'), 8591), (('humans', 'NNS'), 8579), (('protein', 'NN'), 8006), (('male', 'JJ'), 7477), (('male', 'NN'), 6676), (('aged', 'VBN'), 6283), (('priority', 'NN'), 6222), (('aged', 'VBD'), 6055), (('journal', 'NN'), 5933), (('controlled', 'VBD'), 5886), (('gene', 'NN'), 5036), (('blood', 'NN'), 4771), (('cancer', 'NN'), 4306), (('treatment', 'NN'), 4292), (('animal', 'JJ'), 4133), (('major', 'JJ'), 4124), (('system', 'NN'), 4112), (('acid', 'NN'), 4102), (('factor', 'NN'), 4012), (('receptor', 'NN'), 3635), (('risk', 'NN'), 3506)]
Messina;[('human', 23329), ('study', 18818), ('article', 15627), ('drug', 13491), ('age', 13015), ('male', 12983), ('female', 12178), ('cell', 11857), ('disease', 11440), ('protein', 10882), ('animal', 10722), ('adult', 9831), ('clinic', 8920), ('control', 8039), ('analysis', 7240), ('acid', 6252), ('agent', 5900), ('blood', 5813), ('priority', 5669), ('journal', 5667), ('middle', 5369), ('factor', 5285), ('system', 4158), ('gene', 4106), ('model', 3998), ('child', 3986), ('tumor', 3839), ('nonhuman', 3636), ('heart', 3496), ('receptor', 3474)];[(('article', 'NN'), 15627), (('human', 'JJ'), 14538), (('study', 'NN'), 14209), (('drug', 'NN'), 13444), (('adult', 'NN'), 9505), (('cell', 'NN'), 9306), (('disease', 'NN'), 9258), (('female', 'JJ'), 9194), (('clinical', 'JJ'), 8887), (('protein', 'NN'), 7547), (('humans', 'NNS'), 7413), (('analysis', 'NN'), 7065), (('male', 'JJ'), 6457), (('male', 'NN'), 6261), (('aged', 'VBN'), 5642), (('priority', 'NN'), 5601), (('journal', 'NN'), 5350), (('controlled', 'VBD'), 5334), (('aged', 'VBD'), 5307), (('blood', 'NN'), 5305), (('animal', 'JJ'), 5231), (('gene', 'NN'), 3964), (('acid', 'NN'), 3885), (('factor', 'NN'), 3693), (('tumor', 'NN'), 3538), (('agent', 'NN'), 3412), (('cancer', 'NN'), 3393), (('major', 'JJ'), 3281), (('heart', 'NN'), 3272), (('nonhuman', 'JJ'), 3247)]
Torino;[('human', 73093), ('study', 55684), ('cell', 52139), ('article', 40827), ('age', 38566), ('female', 34868), ('male', 33405), ('protein', 33217), ('drug', 28500), ('adult', 28196), ('analysis', 27731), ('disease', 26079), ('clinic', 25543), ('control', 25192), ('animal', 24201), ('cancer', 20197), ('system', 18512), ('model', 18212), ('factor', 17405), ('gene', 17257), ('priority', 16703), ('journal', 16700), ('middle', 15543), ('tumor', 13725), ('neoplasm', 12877), ('blood', 12286), ('acid', 11881), ('italy', 11867), ('agent', 11531), ('treatment', 10600)];[(('human', 'JJ'), 46677), (('study', 'NN'), 42451), (('article', 'NN'), 40825), (('cell', 'NN'), 40196), (('drug', 'NN'), 28386), (('adult', 'NN'), 27187), (('analysis', 'NN'), 27119), (('female', 'JJ'), 25554), (('clinical', 'JJ'), 25499), (('protein', 'NN'), 21751), (('humans', 'NNS'), 21512), (('disease', 'NN'), 20856), (('cancer', 'NN'), 19845), (('male', 'JJ'), 16863), (('gene', 'NN'), 16445), (('priority', 'NN'), 16438), (('aged', 'VBN'), 16408), (('male', 'NN'), 15829), (('journal', 'NN'), 15726), (('aged', 'VBD'), 15495), (('controlled', 'VBD'), 13966), (('tumor', 'NN'), 12569), (('blood', 'NN'), 11461), (('factor', 'NN'), 11352), (('animal', 'JJ'), 11090), (('major', 'JJ'), 10430), (('treatment', 'NN'), 10369), (('system', 'NN'), 10329), (('studies', 'NNS'), 9675), (('risk', 'NN'), 8914)]
Trieste;[('human', 21993), ('cell', 17253), ('study', 15873), ('article', 14637), ('protein', 14244), ('drug', 10003), ('age', 9600), ('female', 9479), ('male', 9371), ('animal', 9108), ('analysis', 8438), ('control', 7590), ('adult', 7560), ('disease', 7354), ('model', 6795), ('clinic', 6210), ('acid', 5878), ('molecule', 5823), ('journal', 5679), ('priority', 5675), ('structure', 5657), ('gene', 5449), ('system', 5239), ('factor', 4597), ('heart', 4005), ('agent', 3991), ('galaxy', 3880), ('receptor', 3785), ('middle', 3657), ('image', 3526)];[(('article', 'NN'), 14637), (('human', 'JJ'), 13934), (('cell', 'NN'), 13245), (('study', 'NN'), 12292), (('drug', 'NN'), 9964), (('protein', 'NN'), 9087), (('analysis', 'NN'), 8222), (('adult', 'NN'), 7280), (('female', 'JJ'), 7143), (('humans', 'NNS'), 6594), (('clinical', 'JJ'), 6195), (('disease', 'NN'), 5912), (('priority', 'NN'), 5582), (('journal', 'NN'), 5372), (('gene', 'NN'), 5254), (('male', 'JJ'), 4996), (('molecular', 'JJ'), 4942), (('controlled', 'VBD'), 4748), (('structure', 'NN'), 4293), (('male', 'NN'), 4209), (('animal', 'JJ'), 4051), (('aged', 'VBD'), 3922), (('aged', 'VBN'), 3897), (('acid', 'NN'), 3539), (('heart', 'NN'), 3468), (('nonhuman', 'JJ'), 3195), (('model', 'NN'), 3171), (('receptor', 'NN'), 3092), (('factor', 'NN'), 3018), (('system', 'NN'), 2993)]
Venezia;[('analysis', 3209), ('water', 2230), ('article', 2165), ('human', 1866), ('environment', 1854), ('model', 1822), ('chemical', 1607), ('italy', 1463), ('structure', 1378), ('compound', 1339), ('study', 1328), ('acid', 1225), ('cell', 1153), ('system', 1089), ('spectroscopy', 1062), ('control', 1052), ('derivative', 1047), ('drug', 1046), ('reaction', 997), ('method', 963), ('carbon', 891), ('pollution', 887), ('sea', 883), ('risk', 850), ('climate', 844), ('assessment', 838), ('animal', 796), ('management', 784), ('metal', 766), ('energy', 762)];[(('analysis', 'NN'), 3114), (('article', 'NN'), 2165), (('water', 'NN'), 2020), (('environmental', 'JJ'), 1522), (('human', 'JJ'), 1190), (('study', 'NN'), 1046), (('chemical', 'NN'), 1040), (('drug', 'NN'), 1036), (('derivative', 'JJ'), 971), (('pollution', 'NN'), 872), (('cell', 'NN'), 850), (('sea', 'NN'), 830), (('italy', 'NN'), 800), (('management', 'NN'), 774), (('carbon', 'NN'), 772), (('compounds', 'NNS'), 766), (('structure', 'NN'), 754), (('model', 'NN'), 752), (('reaction', 'NN'), 738), (('energy', 'NN'), 734), (('climate', 'NN'), 709), (('models', 'NNS'), 687), (('risk', 'NN'), 676), (('spectroscopy', 'NN'), 659), (('organic', 'JJ'), 653), (('acid', 'NN'), 640), (('priority', 'NN'), 639), (('systems', 'NNS'), 620), (('chemistry', 'NN'), 616), (('temperature', 'NN'), 615)]
Campobasso;[('human', 3722), ('study', 3476), ('article', 2629), ('cell', 2451), ('protein', 2326), ('age', 2296), ('male', 1993), ('female', 1901), ('analysis', 1815), ('drug', 1725), ('disease', 1638), ('animal', 1621), ('control', 1542), ('adult', 1537), ('acid', 1469), ('clinic', 1287), ('italy', 1190), ('gene', 1088), ('factor', 965), ('middle', 902), ('priority', 892), ('journal', 892), ('agent', 844), ('model', 714), ('plant', 686), ('image', 672), ('nonhuman', 672), ('blood', 659), ('activity', 658), ('magnetism', 642)];[(('article', 'NN'), 2628), (('study', 'NN'), 2614), (('human', 'JJ'), 2207), (('cell', 'NN'), 1925), (('analysis', 'NN'), 1753), (('drug', 'NN'), 1724), (('protein', 'NN'), 1586), (('adult', 'NN'), 1484), (('disease', 'NN'), 1432), (('female', 'JJ'), 1380), (('humans', 'NNS'), 1304), (('clinical', 'JJ'), 1284), (('male', 'JJ'), 1059), (('aged', 'VBN'), 1044), (('gene', 'NN'), 1042), (('acid', 'NN'), 916), (('controlled', 'VBD'), 894), (('male', 'NN'), 890), (('priority', 'NN'), 887), (('aged', 'VBD'), 874), (('journal', 'NN'), 859), (('factor', 'NN'), 653), (('magnetic', 'JJ'), 635), (('treatment', 'NN'), 633), (('cancer', 'NN'), 632), (('animal', 'JJ'), 624), (('activity', 'NN'), 620), (('studies', 'NNS'), 610), (('resonance', 'NN'), 607), (('blood', 'NN'), 599)]
Pavia;[('human', 44200), ('study', 30356), ('cell', 26525), ('article', 25033), ('age', 21001), ('drug', 20594), ('male', 20409), ('female', 20191), ('protein', 18787), ('adult', 17186), ('disease', 16277), ('clinic', 15684), ('control', 14071), ('analysis', 13047), ('animal', 11759), ('priority', 10668), ('journal', 10660), ('system', 9214), ('blood', 9125), ('gene', 9113), ('middle', 8412), ('factor', 8227), ('acid', 8138), ('child', 7549), ('agent', 7422), ('model', 7350), ('heart', 6487), ('major', 5870), ('structure', 5661), ('receptor', 5319)];[(('human', 'JJ'), 28562), (('article', 'NN'), 25032), (('study', 'NN'), 23481), (('cell', 'NN'), 20939), (('drug', 'NN'), 20519), (('adult', 'NN'), 16598), (('clinical', 'JJ'), 15665), (('female', 'JJ'), 15154), (('disease', 'NN'), 13391), (('analysis', 'NN'), 12813), (('humans', 'NNS'), 12726), (('protein', 'NN'), 12609), (('male', 'JJ'), 10599), (('priority', 'NN'), 10494), (('journal', 'NN'), 9986), (('male', 'NN'), 9406), (('gene', 'NN'), 8714), (('controlled', 'VBD'), 8478), (('aged', 'VBN'), 8415), (('blood', 'NN'), 8414), (('aged', 'VBD'), 8290), (('system', 'NN'), 6521), (('major', 'JJ'), 5870), (('heart', 'NN'), 5694), (('animal', 'JJ'), 5601), (('child', 'NN'), 5440), (('factor', 'NN'), 5175), (('genetic', 'JJ'), 4908), (('therapy', 'NN'), 4892), (('treatment', 'NN'), 4872)]
Brescia;[('human', 26720), ('study', 21741), ('age', 16590), ('cell', 14663), ('article', 13602), ('male', 12870), ('female', 12857), ('disease', 11833), ('protein', 10882), ('adult', 10856), ('clinic', 10463), ('control', 8746), ('drug', 8356), ('analysis', 6998), ('middle', 6561), ('priority', 6400), ('journal', 6397), ('factor', 6159), ('cancer', 5699), ('heart', 5681), ('animal', 5259), ('gene', 5194), ('agent', 4973), ('blood', 4954), ('receptor', 4587), ('risk', 4275), ('treatment', 4233), ('major', 4179), ('tumor', 4015), ('virus', 3632)];[(('human', 'JJ'), 16791), (('study', 'NN'), 16174), (('article', 'NN'), 13602), (('cell', 'NN'), 11616), (('adult', 'NN'), 10544), (('clinical', 'JJ'), 10436), (('disease', 'NN'), 9993), (('female', 'JJ'), 9521), (('drug', 'NN'), 8328), (('humans', 'NNS'), 8296), (('protein', 'NN'), 7630), (('aged', 'VBN'), 7390), (('aged', 'VBD'), 7040), (('analysis', 'NN'), 6882), (('male', 'JJ'), 6751), (('priority', 'NN'), 6330), (('journal', 'NN'), 6065), (('male', 'NN'), 5799), (('cancer', 'NN'), 5615), (('heart', 'NN'), 5329), (('gene', 'NN'), 5044), (('controlled', 'VBD'), 5039), (('blood', 'NN'), 4546), (('studies', 'NNS'), 4208), (('treatment', 'NN'), 4190), (('major', 'JJ'), 4179), (('factor', 'NN'), 4117), (('receptor', 'NN'), 3793), (('tumor', 'NN'), 3739), (('risk', 'NN'), 3688)]
Trento;[('human', 9971), ('analysis', 7243), ('cell', 6368), ('protein', 5999), ('article', 5965), ('model', 5353), ('study', 5093), ('adult', 4627), ('animal', 4438), ('male', 4293), ('female', 4276), ('control', 4269), ('system', 4191), ('image', 4012), ('gene', 3559), ('method', 3203), ('structure', 2743), ('age', 2732), ('process', 2650), ('brain', 2420), ('acid', 2407), ('energy', 2358), ('time', 2316), ('disease', 2297), ('experiment', 2286), ('plant', 2218), ('material', 2208), ('magnetism', 2203), ('network', 2067), ('drug', 2023)];[(('analysis', 'NN'), 7061), (('human', 'JJ'), 6394), (('article', 'NN'), 5963), (('cell', 'NN'), 4745), (('adult', 'NN'), 4456), (('study', 'NN'), 4061), (('protein', 'NN'), 3767), (('female', 'JJ'), 3505), (('gene', 'NN'), 3363), (('humans', 'NNS'), 3145), (('systems', 'NNS'), 2636), (('male', 'JJ'), 2545), (('brain', 'NN'), 2419), (('model', 'NN'), 2316), (('time', 'NN'), 2246), (('energy', 'NN'), 2190), (('magnetic', 'JJ'), 2162), (('models', 'NNS'), 2061), (('controlled', 'VBD'), 2014), (('drug', 'NN'), 2008), (('animal', 'JJ'), 1979), (('materials', 'NNS'), 1951), (('plant', 'NN'), 1926), (('priority', 'NN'), 1873), (('genetic', 'JJ'), 1852), (('disease', 'NN'), 1835), (('resonance', 'NN'), 1829), (('journal', 'NN'), 1797), (('water', 'NN'), 1781), (('image', 'NN'), 1745)]
Palermo;[('human', 29141), ('study', 22786), ('article', 17787), ('cell', 17374), ('age', 17224), ('female', 14719), ('male', 14523), ('drug', 13214), ('adult', 12135), ('disease', 11900), ('protein', 11536), ('clinic', 11303), ('analysis', 10609), ('control', 10063), ('animal', 7344), ('middle', 6893), ('factor', 6777), ('blood', 6454), ('priority', 6401), ('journal', 6396), ('system', 6254), ('cancer', 6112), ('agent', 5793), ('acid', 5727), ('italy', 5459), ('model', 5386), ('gene', 5277), ('tumor', 4560), ('liver', 4545), ('major', 4483)];[(('human', 'JJ'), 18592), (('article', 'NN'), 17787), (('study', 'NN'), 17368), (('cell', 'NN'), 13572), (('drug', 'NN'), 13181), (('adult', 'NN'), 11764), (('clinical', 'JJ'), 11286), (('female', 'JJ'), 10874), (('analysis', 'NN'), 10373), (('disease', 'NN'), 9915), (('humans', 'NNS'), 8764), (('protein', 'NN'), 7933), (('male', 'JJ'), 7436), (('aged', 'VBN'), 7365), (('aged', 'VBD'), 7158), (('male', 'NN'), 6730), (('priority', 'NN'), 6320), (('journal', 'NN'), 6058), (('controlled', 'VBD'), 5992), (('blood', 'NN'), 5956), (('cancer', 'NN'), 5938), (('gene', 'NN'), 5085), (('major', 'JJ'), 4483), (('factor', 'NN'), 4358), (('tumor', 'NN'), 4189), (('treatment', 'NN'), 4049), (('system', 'NN'), 3897), (('studies', 'NNS'), 3774), (('risk', 'NN'), 3630), (('acid', 'NN'), 3575)]
L'Aquila;[('human', 14974), ('study', 10956), ('cell', 10610), ('article', 9497), ('male', 7710), ('age', 7675), ('female', 7393), ('protein', 7212), ('adult', 6596), ('control', 5896), ('analysis', 5737), ('drug', 5584), ('clinic', 5422), ('disease', 5193), ('model', 4449), ('system', 4404), ('animal', 4146), ('journal', 3863), ('priority', 3861), ('factor', 3718), ('cancer', 3286), ('middle', 3187), ('acid', 2798), ('agent', 2778), ('receptor', 2486), ('tumor', 2393), ('gene', 2389), ('structure', 2358), ('blood', 2304), ('italy', 2265)];[(('article', 'NN'), 9495), (('human', 'JJ'), 9265), (('cell', 'NN'), 8457), (('study', 'NN'), 8308), (('adult', 'NN'), 6402), (('analysis', 'NN'), 5606), (('drug', 'NN'), 5572), (('female', 'JJ'), 5467), (('clinical', 'JJ'), 5405), (('protein', 'NN'), 4796), (('humans', 'NNS'), 4627), (('disease', 'NN'), 4341), (('male', 'JJ'), 4102), (('priority', 'NN'), 3805), (('journal', 'NN'), 3669), (('male', 'NN'), 3490), (('aged', 'VBN'), 3271), (('controlled', 'VBD'), 3212), (('cancer', 'NN'), 3212), (('aged', 'VBD'), 3189), (('systems', 'NNS'), 2581), (('factor', 'NN'), 2568), (('gene', 'NN'), 2277), (('tumor', 'NN'), 2237), (('blood', 'NN'), 2139), (('treatment', 'NN'), 2115), (('receptor', 'NN'), 2029), (('time', 'NN'), 1959), (('animal', 'JJ'), 1860), (('major', 'JJ'), 1858)]
Teramo;[('animal', 3393), ('cell', 2374), ('article', 1520), ('protein', 1453), ('disease', 1376), ('study', 1352), ('analysis', 1074), ('acid', 1064), ('human', 1047), ('female', 1033), ('male', 1009), ('nonhuman', 999), ('control', 910), ('drug', 882), ('gene', 784), ('dna', 732), ('receptor', 720), ('virus', 623), ('food', 609), ('dog', 595), ('sequence', 565), ('tissue', 548), ('italy', 545), ('infection', 522), ('reaction', 514), ('model', 467), ('expression', 466), ('enzyme', 458), ('experiment', 454), ('priority', 440)];[(('cell', 'NN'), 1873), (('article', 'NN'), 1520), (('animal', 'JJ'), 1473), (('study', 'NN'), 1121), (('animals', 'NNS'), 1073), (('analysis', 'NN'), 999), (('protein', 'NN'), 975), (('nonhuman', 'JJ'), 911), (('drug', 'NN'), 866), (('female', 'JJ'), 864), (('disease', 'NN'), 837), (('animal', 'NN'), 805), (('gene', 'NN'), 749), (('controlled', 'VBD'), 645), (('dna', 'NN'), 610), (('receptor', 'NN'), 606), (('food', 'NN'), 596), (('human', 'JJ'), 590), (('tissue', 'NN'), 540), (('male', 'JJ'), 529), (('acid', 'NN'), 522), (('sequence', 'NN'), 508), (('reaction', 'NN'), 485), (('male', 'NN'), 473), (('expression', 'NN'), 463), (('virus', 'NN'), 439), (('priority', 'NN'), 437), (('journal', 'NN'), 423), (('chain', 'NN'), 408), (('metabolism', 'NN'), 404)]
Reggio Di Calabria;[('analysis', 1351), ('human', 1214), ('cell', 1210), ('system', 1163), ('article', 1015), ('model', 889), ('control', 834), ('soil', 806), ('study', 785), ('animal', 748), ('acid', 716), ('method', 688), ('network', 663), ('water', 655), ('protein', 617), ('plant', 612), ('wave', 592), ('drug', 552), ('male', 549), ('italy', 533), ('energy', 520), ('priority', 519), ('journal', 516), ('environment', 506), ('structure', 484), ('female', 473), ('age', 443), ('disease', 415), ('gene', 395), ('carbon', 391)];[(('analysis', 'NN'), 1322), (('article', 'NN'), 1015), (('human', 'JJ'), 881), (('systems', 'NNS'), 869), (('cell', 'NN'), 829), (('soil', 'NN'), 606), (('study', 'NN'), 595), (('drug', 'NN'), 552), (('water', 'NN'), 543), (('plant', 'NN'), 505), (('priority', 'NN'), 503), (('energy', 'NN'), 501), (('journal', 'NN'), 476), (('acid', 'NN'), 399), (('control', 'NN'), 395), (('gene', 'NN'), 369), (('female', 'JJ'), 360), (('environmental', 'JJ'), 357), (('models', 'NNS'), 357), (('management', 'NN'), 351), (('networks', 'NNS'), 343), (('model', 'NN'), 337), (('carbon', 'NN'), 337), (('animal', 'JJ'), 330), (('adult', 'NN'), 329), (('methods', 'NNS'), 326), (('method', 'NN'), 319), (('nonhuman', 'JJ'), 315), (('protein', 'NN'), 310), (('controlled', 'VBD'), 307)]
Cosenza;[('cell', 7624), ('protein', 6298), ('human', 5155), ('drug', 4422), ('analysis', 4380), ('article', 4014), ('model', 3837), ('system', 3510), ('membrane', 3429), ('study', 3426), ('acid', 3260), ('animal', 3038), ('control', 2991), ('structure', 2870), ('water', 2469), ('molecule', 2231), ('chemical', 2212), ('energy', 2166), ('receptor', 2146), ('method', 2125), ('gene', 1870), ('electron', 1782), ('derivative', 1779), ('compound', 1744), ('agent', 1727), ('priority', 1722), ('journal', 1720), ('activity', 1636), ('process', 1628), ('male', 1626)];[(('cell', 'NN'), 5534), (('drug', 'NN'), 4388), (('analysis', 'NN'), 4243), (('protein', 'NN'), 4088), (('article', 'NN'), 4012), (('human', 'JJ'), 3146), (('study', 'NN'), 2681), (('systems', 'NNS'), 2412), (('water', 'NN'), 2139), (('energy', 'NN'), 2029), (('molecular', 'JJ'), 1866), (('gene', 'NN'), 1791), (('structure', 'NN'), 1742), (('membrane', 'NN'), 1739), (('acid', 'NN'), 1735), (('receptor', 'NN'), 1720), (('priority', 'NN'), 1674), (('derivative', 'JJ'), 1638), (('journal', 'NN'), 1609), (('model', 'NN'), 1588), (('models', 'NNS'), 1496), (('controlled', 'VBD'), 1444), (('humans', 'NNS'), 1443), (('activity', 'NN'), 1430), (('chemical', 'NN'), 1423), (('animal', 'JJ'), 1357), (('magnetic', 'JJ'), 1333), (('membranes', 'NNS'), 1327), (('computer', 'NN'), 1294), (('data', 'NNS'), 1292)]
Potenza;[('analysis', 2622), ('protein', 2036), ('article', 1903), ('cell', 1851), ('acid', 1463), ('model', 1454), ('drug', 1394), ('structure', 1393), ('water', 1351), ('human', 1254), ('animal', 1223), ('italy', 1168), ('study', 1103), ('soil', 1087), ('control', 1026), ('method', 997), ('plant', 946), ('derivative', 946), ('chemical', 913), ('system', 903), ('energy', 878), ('molecule', 874), ('compound', 809), ('mass', 796), ('spectroscopy', 768), ('sequence', 752), ('environment', 715), ('reaction', 673), ('gene', 642), ('resonance', 631)];[(('analysis', 'NN'), 2560), (('article', 'NN'), 1903), (('drug', 'NN'), 1389), (('cell', 'NN'), 1361), (('protein', 'NN'), 1257), (('water', 'NN'), 1176), (('structure', 'NN'), 942), (('study', 'NN'), 905), (('derivative', 'JJ'), 903), (('soil', 'NN'), 846), (('acid', 'NN'), 835), (('plant', 'NN'), 806), (('molecular', 'JJ'), 782), (('energy', 'NN'), 755), (('human', 'JJ'), 749), (('italy', 'NN'), 725), (('mass', 'NN'), 711), (('sequence', 'NN'), 706), (('chemical', 'NN'), 638), (('resonance', 'NN'), 608), (('model', 'NN'), 600), (('data', 'NNS'), 594), (('gene', 'NN'), 592), (('magnetic', 'JJ'), 565), (('spectroscopy', 'NN'), 565), (('reaction', 'NN'), 560), (('priority', 'NN'), 558), (('chemistry', 'NN'), 550), (('journal', 'NN'), 548), (('activity', 'NN'), 543)]
Florence;[('human', 55191), ('study', 41919), ('article', 33399), ('cell', 32924), ('age', 29980), ('drug', 28819), ('protein', 28045), ('male', 26655), ('female', 24911), ('disease', 20674), ('adult', 20509), ('clinic', 19018), ('analysis', 18872), ('control', 18285), ('animal', 17443), ('journal', 14284), ('priority', 14270), ('acid', 13751), ('factor', 11430), ('middle', 11219), ('system', 11141), ('model', 11030), ('agent', 10828), ('structure', 10819), ('gene', 10571), ('receptor', 9945), ('cancer', 9192), ('molecule', 8978), ('italy', 8945), ('blood', 8900)];[(('human', 'JJ'), 34343), (('article', 'NN'), 33399), (('study', 'NN'), 31493), (('drug', 'NN'), 28733), (('cell', 'NN'), 25693), (('adult', 'NN'), 19842), (('clinical', 'JJ'), 18981), (('female', 'JJ'), 18454), (('analysis', 'NN'), 18379), (('protein', 'NN'), 18135), (('disease', 'NN'), 17290), (('humans', 'NNS'), 17270), (('male', 'JJ'), 14347), (('priority', 'NN'), 14057), (('journal', 'NN'), 13439), (('aged', 'VBN'), 12247), (('aged', 'VBD'), 12144), (('male', 'NN'), 11779), (('controlled', 'VBD'), 11097), (('gene', 'NN'), 10132), (('cancer', 'NN'), 8905), (('structure', 'NN'), 8764), (('acid', 'NN'), 8558), (('blood', 'NN'), 8237), (('animal', 'JJ'), 8052), (('receptor', 'NN'), 7933), (('derivative', 'JJ'), 7918), (('molecular', 'JJ'), 7821), (('heart', 'NN'), 7461), (('major', 'JJ'), 7459)]
Bari;[('human', 36514), ('study', 28235), ('article', 23695), ('cell', 21333), ('age', 18756), ('protein', 18395), ('female', 18189), ('male', 17838), ('disease', 16778), ('drug', 16668), ('animal', 15011), ('adult', 14951), ('analysis', 13820), ('control', 13133), ('clinic', 13106), ('acid', 9729), ('gene', 9681), ('priority', 8789), ('journal', 8787), ('middle', 7625), ('factor', 7598), ('virus', 7309), ('system', 7208), ('italy', 7168), ('agent', 7089), ('sequence', 6966), ('blood', 6876), ('model', 6718), ('nonhuman', 5813), ('receptor', 5674)];[(('article', 'NN'), 23695), (('human', 'JJ'), 23154), (('study', 'NN'), 21782), (('drug', 'NN'), 16606), (('cell', 'NN'), 16485), (('adult', 'NN'), 14469), (('female', 'JJ'), 13507), (('analysis', 'NN'), 13479), (('disease', 'NN'), 13270), (('clinical', 'JJ'), 13070), (('protein', 'NN'), 11917), (('humans', 'NNS'), 11093), (('gene', 'NN'), 9218), (('male', 'JJ'), 8870), (('priority', 'NN'), 8685), (('male', 'NN'), 8534), (('journal', 'NN'), 8339), (('controlled', 'VBD'), 7888), (('aged', 'VBN'), 7804), (('aged', 'VBD'), 7505), (('animal', 'JJ'), 6686), (('blood', 'NN'), 6349), (('sequence', 'NN'), 6197), (('acid', 'NN'), 5776), (('virus', 'NN'), 5416), (('cancer', 'NN'), 5332), (('nonhuman', 'JJ'), 5204), (('major', 'JJ'), 4965), (('factor', 'NN'), 4921), (('treatment', 'NN'), 4871)]
Foggia;[('human', 10067), ('study', 8215), ('age', 6298), ('article', 5499), ('female', 5283), ('male', 5173), ('cell', 4963), ('adult', 4478), ('protein', 4413), ('disease', 4359), ('clinic', 3774), ('control', 3138), ('analysis', 2866), ('drug', 2784), ('middle', 2630), ('heart', 2457), ('factor', 2271), ('animal', 2091), ('gene', 2083), ('priority', 2033), ('journal', 2032), ('agent', 1893), ('acid', 1763), ('blood', 1712), ('italy', 1645), ('major', 1569), ('treatment', 1548), ('risk', 1509), ('cancer', 1501), ('outcome', 1424)];[(('study', 'NN'), 6235), (('human', 'JJ'), 6021), (('article', 'NN'), 5499), (('adult', 'NN'), 4309), (('cell', 'NN'), 3967), (('female', 'JJ'), 3845), (('clinical', 'JJ'), 3767), (('disease', 'NN'), 3676), (('humans', 'NNS'), 3494), (('protein', 'NN'), 3069), (('aged', 'VBN'), 2981), (('analysis', 'NN'), 2808), (('drug', 'NN'), 2771), (('male', 'JJ'), 2676), (('aged', 'VBD'), 2553), (('male', 'NN'), 2371), (('heart', 'NN'), 2166), (('gene', 'NN'), 2018), (('priority', 'NN'), 2013), (('controlled', 'VBD'), 1947), (('journal', 'NN'), 1935), (('major', 'JJ'), 1569), (('blood', 'NN'), 1543), (('treatment', 'NN'), 1529), (('factor', 'NN'), 1521), (('studies', 'NNS'), 1511), (('cancer', 'NN'), 1482), (('tumor', 'NN'), 1307), (('risk', 'NN'), 1306), (('female', 'NN'), 1297)]
San Domenico di Fiesole;[('policy', 326), ('human', 302), ('europe', 261), ('analysis', 238), ('energy', 196), ('social', 196), ('market', 195), ('age', 186), ('system', 185), ('economy', 176), ('model', 173), ('study', 164), ('political', 160), ('european', 155), ('health', 151), ('adult', 147), ('trade', 146), ('female', 136), ('union', 127), ('male', 112), ('international', 110), ('article', 110), ('environment', 107), ('network', 106), ('investment', 104), ('control', 104), ('unite', 103), ('status', 101), ('behavior', 96), ('approach', 93)];[(('policy', 'NN'), 318), (('analysis', 'NN'), 236), (('europe', 'NN'), 230), (('human', 'JJ'), 206), (('social', 'JJ'), 196), (('energy', 'NN'), 183), (('political', 'JJ'), 160), (('health', 'NN'), 151), (('european', 'JJ'), 150), (('market', 'NN'), 147), (('study', 'NN'), 141), (('adult', 'NN'), 140), (('economic', 'JJ'), 129), (('union', 'NN'), 126), (('trade', 'NN'), 122), (('system', 'NN'), 117), (('international', 'JJ'), 110), (('article', 'NN'), 109), (('female', 'JJ'), 109), (('status', 'NN'), 101), (('environmental', 'JJ'), 97), (('politics', 'NNS'), 89), (('development', 'NN'), 87), (('approach', 'NN'), 83), (('humans', 'NNS'), 82), (('electricity', 'NN'), 81), (('power', 'NN'), 81), (('migration', 'NN'), 78), (('united', 'JJ'), 76), (('framework', 'NN'), 75)]
Lecce;[('cell', 5030), ('protein', 4119), ('analysis', 3292), ('human', 2924), ('article', 2444), ('study', 2106), ('model', 1977), ('animal', 1893), ('control', 1875), ('system', 1864), ('acid', 1675), ('structure', 1644), ('drug', 1516), ('electron', 1481), ('laser', 1465), ('environment', 1446), ('energy', 1442), ('spectroscopy', 1398), ('microscopy', 1397), ('water', 1346), ('material', 1337), ('compound', 1321), ('method', 1285), ('property', 1283), ('gene', 1266), ('chemical', 1170), ('italy', 1159), ('effect', 1099), ('process', 1098), ('surface', 1095)];[(('cell', 'NN'), 3443), (('analysis', 'NN'), 3213), (('protein', 'NN'), 2537), (('article', 'NN'), 2443), (('human', 'JJ'), 1769), (('study', 'NN'), 1688), (('drug', 'NN'), 1506), (('energy', 'NN'), 1339), (('systems', 'NNS'), 1258), (('gene', 'NN'), 1204), (('microscopy', 'NN'), 1181), (('materials', 'NNS'), 1166), (('water', 'NN'), 1164), (('properties', 'NNS'), 1023), (('electron', 'NN'), 1018), (('sea', 'NN'), 1003), (('environmental', 'JJ'), 996), (('spectroscopy', 'NN'), 948), (('cells', 'NNS'), 912), (('controlled', 'VBD'), 879), (('structure', 'NN'), 869), (('priority', 'NN'), 861), (('acid', 'NN'), 851), (('humans', 'NNS'), 842), (('journal', 'NN'), 840), (('molecular', 'JJ'), 828), (('compounds', 'NNS'), 822), (('optical', 'JJ'), 817), (('models', 'NNS'), 807), (('time', 'NN'), 785)]
Vicenza;[('human', 25913), ('cell', 20155), ('study', 17821), ('article', 14857), ('drug', 13845), ('protein', 11888), ('age', 11710), ('female', 10591), ('male', 10521), ('animal', 9288), ('disease', 8491), ('adult', 8377), ('control', 7959), ('receptor', 7929), ('analysis', 7646), ('clinic', 7465), ('journal', 6444), ('priority', 6442), ('gene', 6439), ('acid', 6106), ('factor', 6004), ('agent', 4918), ('middle', 4456), ('model', 4323), ('blood', 4128), ('system', 3913), ('derivative', 3832), ('italy', 3772), ('tumor', 3435), ('structure', 3434)];[(('human', 'JJ'), 16359), (('cell', 'NN'), 15843), (('article', 'NN'), 14857), (('drug', 'NN'), 13809), (('study', 'NN'), 13697), (('adult', 'NN'), 8129), (('protein', 'NN'), 8036), (('female', 'JJ'), 7848), (('analysis', 'NN'), 7479), (('clinical', 'JJ'), 7447), (('humans', 'NNS'), 7363), (('disease', 'NN'), 7186), (('receptor', 'NN'), 6397), (('priority', 'NN'), 6341), (('gene', 'NN'), 6162), (('journal', 'NN'), 6083), (('male', 'JJ'), 5523), (('controlled', 'VBD'), 5208), (('aged', 'VBN'), 4946), (('male', 'NN'), 4810), (('aged', 'VBD'), 4768), (('animal', 'JJ'), 4245), (('factor', 'NN'), 4203), (('acid', 'NN'), 3827), (('blood', 'NN'), 3773), (('derivative', 'JJ'), 3662), (('cancer', 'NN'), 3223), (('tumor', 'NN'), 3173), (('expression', 'NN'), 3113), (('major', 'JJ'), 3081)]
Genova;[('human', 46422), ('study', 33417), ('cell', 31842), ('article', 26299), ('age', 22843), ('female', 20899), ('male', 20620), ('protein', 19987), ('drug', 19931), ('disease', 17988), ('adult', 17380), ('clinic', 17316), ('control', 15042), ('analysis', 13712), ('animal', 13342), ('journal', 11642), ('priority', 11639), ('system', 10657), ('middle', 9175), ('acid', 8402), ('factor', 8386), ('gene', 8226), ('receptor', 8074), ('agent', 7970), ('model', 7959), ('child', 7482), ('cancer', 7271), ('blood', 6998), ('image', 6824), ('major', 6501)];[(('human', 'JJ'), 29826), (('article', 'NN'), 26296), (('study', 'NN'), 25755), (('cell', 'NN'), 24723), (('drug', 'NN'), 19880), (('clinical', 'JJ'), 17276), (('adult', 'NN'), 16837), (('female', 'JJ'), 15386), (('disease', 'NN'), 14934), (('analysis', 'NN'), 13417), (('protein', 'NN'), 13395), (('humans', 'NNS'), 13283), (('priority', 'NN'), 11498), (('journal', 'NN'), 10952), (('male', 'JJ'), 10448), (('male', 'NN'), 9728), (('aged', 'VBN'), 9447), (('aged', 'VBD'), 9353), (('controlled', 'VBD'), 8894), (('gene', 'NN'), 7914), (('cancer', 'NN'), 7125), (('system', 'NN'), 6870), (('major', 'JJ'), 6501), (('blood', 'NN'), 6448), (('receptor', 'NN'), 6335), (('animal', 'JJ'), 6061), (('treatment', 'NN'), 5557), (('child', 'NN'), 5404), (('acid', 'NN'), 5397), (('tumor', 'NN'), 5391)]
Udine;[('human', 11897), ('study', 9961), ('article', 7391), ('cell', 7292), ('age', 7255), ('protein', 6425), ('female', 6127), ('male', 5649), ('adult', 5498), ('control', 4854), ('analysis', 4575), ('clinic', 4461), ('disease', 4191), ('drug', 4071), ('animal', 3027), ('journal', 3018), ('factor', 3018), ('priority', 3006), ('gene', 2952), ('middle', 2945), ('cancer', 2742), ('model', 2654), ('system', 2462), ('acid', 2342), ('italy', 2249), ('agent', 2154), ('blood', 2109), ('image', 2042), ('tumor', 1859), ('treatment', 1858)];[(('study', 'NN'), 7407), (('article', 'NN'), 7388), (('human', 'JJ'), 7206), (('cell', 'NN'), 5818), (('adult', 'NN'), 5280), (('analysis', 'NN'), 4463), (('female', 'JJ'), 4454), (('clinical', 'JJ'), 4454), (('protein', 'NN'), 4084), (('drug', 'NN'), 4061), (('humans', 'NNS'), 4018), (('disease', 'NN'), 3487), (('aged', 'VBN'), 3194), (('aged', 'VBD'), 2995), (('priority', 'NN'), 2952), (('male', 'JJ'), 2906), (('journal', 'NN'), 2850), (('gene', 'NN'), 2742), (('cancer', 'NN'), 2711), (('controlled', 'VBD'), 2604), (('male', 'NN'), 2602), (('factor', 'NN'), 2022), (('blood', 'NN'), 1954), (('studies', 'NNS'), 1899), (('treatment', 'NN'), 1828), (('tumor', 'NN'), 1726), (('major', 'JJ'), 1710), (('dna', 'NN'), 1529), (('female', 'NN'), 1501), (('sequence', 'NN'), 1474)]
Macerata;[('drug', 6495), ('animal', 6320), ('cell', 5687), ('article', 4324), ('human', 4244), ('protein', 4079), ('study', 3889), ('receptor', 3593), ('acid', 2703), ('control', 2671), ('male', 2599), ('analysis', 2498), ('structure', 2482), ('nonhuman', 2407), ('rat', 2303), ('derivative', 2164), ('female', 2004), ('model', 1996), ('agent', 1913), ('journal', 1759), ('priority', 1758), ('molecule', 1656), ('gene', 1636), ('activity', 1630), ('system', 1522), ('bind', 1430), ('age', 1427), ('dna', 1417), ('disease', 1394), ('experiment', 1378)];[(('drug', 'NN'), 6470), (('cell', 'NN'), 4443), (('article', 'NN'), 4323), (('animal', 'JJ'), 3067), (('study', 'NN'), 3051), (('receptor', 'NN'), 2966), (('protein', 'NN'), 2688), (('human', 'JJ'), 2523), (('analysis', 'NN'), 2413), (('nonhuman', 'JJ'), 2168), (('derivative', 'JJ'), 2053), (('structure', 'NN'), 1909), (('priority', 'NN'), 1729), (('journal', 'NN'), 1681), (('controlled', 'VBD'), 1642), (('animal', 'NN'), 1598), (('acid', 'NN'), 1579), (('female', 'JJ'), 1573), (('animals', 'NNS'), 1563), (('gene', 'NN'), 1529), (('activity', 'NN'), 1526), (('molecular', 'JJ'), 1504), (('binding', 'VBG'), 1376), (('male', 'JJ'), 1371), (('humans', 'NNS'), 1260), (('unclassified', 'JJ'), 1199), (('male', 'NN'), 1195), (('dna', 'NN'), 1172), (('tissue', 'NN'), 1169), (('sequence', 'NN'), 1147)]
Bologna;[('human', 72911), ('study', 55157), ('article', 45265), ('cell', 43867), ('age', 40251), ('female', 36078), ('male', 35505), ('drug', 33038), ('protein', 30642), ('adult', 30378), ('disease', 27966), ('analysis', 26723), ('clinic', 26581), ('control', 24202), ('animal', 23034), ('priority', 18366), ('journal', 18358), ('acid', 17066), ('gene', 15939), ('middle', 15639), ('system', 15028), ('factor', 14840), ('model', 14609), ('agent', 13656), ('cancer', 12704), ('blood', 12586), ('heart', 10828), ('treatment', 10744), ('italy', 10602), ('major', 10463)];[(('human', 'JJ'), 46277), (('article', 'NN'), 45263), (('study', 'NN'), 41809), (('cell', 'NN'), 34591), (('drug', 'NN'), 32935), (('adult', 'NN'), 29431), (('female', 'JJ'), 26987), (('clinical', 'JJ'), 26451), (('analysis', 'NN'), 25989), (('disease', 'NN'), 22482), (('humans', 'NNS'), 22100), (('protein', 'NN'), 20030), (('male', 'JJ'), 18127), (('priority', 'NN'), 18083), (('journal', 'NN'), 17204), (('aged', 'VBN'), 16693), (('male', 'NN'), 16646), (('aged', 'VBD'), 16291), (('gene', 'NN'), 15266), (('controlled', 'VBD'), 14657), (('cancer', 'NN'), 12434), (('blood', 'NN'), 11690), (('treatment', 'NN'), 10632), (('animal', 'JJ'), 10598), (('major', 'JJ'), 10463), (('acid', 'NN'), 9776), (('heart', 'NN'), 9589), (('studies', 'NNS'), 9541), (('tumor', 'NN'), 9396), (('system', 'NN'), 9267)]
Pisa;[('human', 45544), ('study', 35617), ('article', 30509), ('cell', 29520), ('drug', 24867), ('age', 24544), ('female', 23298), ('male', 23048), ('protein', 21627), ('animal', 19745), ('adult', 18909), ('disease', 18748), ('control', 17803), ('clinic', 16960), ('analysis', 16797), ('system', 12319), ('journal', 12115), ('priority', 12112), ('model', 11040), ('blood', 10766), ('gene', 10659), ('acid', 10343), ('middle', 9819), ('factor', 9453), ('agent', 9254), ('receptor', 8780), ('cancer', 8215), ('structure', 7613), ('molecule', 7396), ('heart', 7089)];[(('article', 'NN'), 30509), (('human', 'JJ'), 28821), (('study', 'NN'), 27197), (('drug', 'NN'), 24807), (('cell', 'NN'), 22828), (('adult', 'NN'), 18294), (('female', 'JJ'), 17451), (('clinical', 'JJ'), 16882), (('analysis', 'NN'), 16335), (('disease', 'NN'), 15021), (('protein', 'NN'), 14281), (('humans', 'NNS'), 13860), (('male', 'JJ'), 12017), (('priority', 'NN'), 11912), (('journal', 'NN'), 11393), (('male', 'NN'), 10618), (('controlled', 'VBD'), 10539), (('gene', 'NN'), 10161), (('aged', 'VBN'), 10131), (('blood', 'NN'), 9956), (('aged', 'VBD'), 9770), (('animal', 'JJ'), 9346), (('cancer', 'NN'), 8013), (('receptor', 'NN'), 7158), (('system', 'NN'), 6925), (('heart', 'NN'), 6597), (('major', 'JJ'), 6479), (('tissue', 'NN'), 6448), (('molecular', 'JJ'), 6330), (('derivative', 'JJ'), 6247)]
Ancona;[('human', 20310), ('study', 15874), ('age', 12491), ('cell', 12164), ('article', 12006), ('male', 10137), ('female', 9662), ('protein', 8971), ('adult', 8335), ('clinic', 7829), ('disease', 7584), ('drug', 7406), ('control', 7231), ('analysis', 6976), ('animal', 5914), ('journal', 5141), ('priority', 5139), ('middle', 4895), ('factor', 4528), ('cancer', 4516), ('gene', 4171), ('acid', 4027), ('system', 3856), ('agent', 3593), ('blood', 3495), ('model', 3465), ('tissue', 3463), ('tumor', 3399), ('treatment', 3262), ('neoplasm', 3189)];[(('human', 'JJ'), 12921), (('study', 'NN'), 12101), (('article', 'NN'), 12006), (('cell', 'NN'), 9775), (('adult', 'NN'), 8049), (('clinical', 'JJ'), 7823), (('drug', 'NN'), 7361), (('female', 'JJ'), 7035), (('analysis', 'NN'), 6803), (('disease', 'NN'), 6372), (('humans', 'NNS'), 6191), (('protein', 'NN'), 6038), (('aged', 'VBN'), 5415), (('male', 'JJ'), 5212), (('priority', 'NN'), 5074), (('aged', 'VBD'), 5046), (('journal', 'NN'), 4874), (('male', 'NN'), 4697), (('cancer', 'NN'), 4452), (('controlled', 'VBD'), 4202), (('gene', 'NN'), 3980), (('tissue', 'NN'), 3360), (('blood', 'NN'), 3222), (('treatment', 'NN'), 3217), (('factor', 'NN'), 3123), (('tumor', 'NN'), 3112), (('animal', 'JJ'), 2750), (('major', 'JJ'), 2698), (('studies', 'NNS'), 2695), (('acid', 'NN'), 2398)]
Pesaro E Urbino;[('cell', 5556), ('human', 4342), ('article', 3187), ('drug', 3133), ('protein', 2860), ('study', 2689), ('animal', 2591), ('acid', 1770), ('analysis', 1766), ('control', 1746), ('male', 1360), ('dna', 1328), ('journal', 1303), ('priority', 1302), ('derivative', 1257), ('gene', 1191), ('receptor', 1190), ('female', 1187), ('age', 1169), ('nonhuman', 1149), ('model', 1016), ('italy', 1004), ('adult', 994), ('rat', 987), ('agent', 978), ('activity', 941), ('enzyme', 905), ('structure', 887), ('system', 883), ('reaction', 874)];[(('cell', 'NN'), 4412), (('article', 'NN'), 3187), (('drug', 'NN'), 3125), (('human', 'JJ'), 2690), (('study', 'NN'), 2196), (('protein', 'NN'), 1859), (('analysis', 'NN'), 1690), (('priority', 'NN'), 1281), (('journal', 'NN'), 1220), (('controlled', 'VBD'), 1212), (('derivative', 'JJ'), 1196), (('humans', 'NNS'), 1158), (('gene', 'NN'), 1139), (('animal', 'JJ'), 1124), (('dna', 'NN'), 1083), (('acid', 'NN'), 1081), (('nonhuman', 'JJ'), 1020), (('receptor', 'NN'), 963), (('adult', 'NN'), 962), (('activity', 'NN'), 903), (('female', 'JJ'), 880), (('reaction', 'NN'), 794), (('animal', 'NN'), 752), (('water', 'NN'), 745), (('male', 'JJ'), 732), (('structure', 'NN'), 721), (('metabolism', 'NN'), 714), (('expression', 'NN'), 702), (('clinical', 'JJ'), 683), (('animals', 'NNS'), 680)]
Verona;[('human', 35732), ('study', 26329), ('age', 21141), ('article', 18951), ('male', 17897), ('female', 17516), ('protein', 16386), ('adult', 15903), ('cell', 15830), ('disease', 13457), ('clinic', 13425), ('drug', 10337), ('control', 10243), ('middle', 8723), ('analysis', 8608), ('priority', 8335), ('journal', 8330), ('gene', 7521), ('factor', 7498), ('blood', 6820), ('cancer', 6594), ('animal', 5691), ('tumor', 5477), ('agent', 5457), ('major', 5051), ('acid', 5050), ('risk', 4729), ('heart', 4693), ('treatment', 4689), ('child', 4603)];[(('human', 'JJ'), 22258), (('study', 'NN'), 19704), (('article', 'NN'), 18951), (('adult', 'NN'), 15404), (('clinical', 'JJ'), 13396), (('cell', 'NN'), 12751), (('female', 'JJ'), 12739), (('disease', 'NN'), 11442), (('humans', 'NNS'), 11435), (('protein', 'NN'), 10963), (('drug', 'NN'), 10248), (('male', 'JJ'), 9573), (('aged', 'VBN'), 9414), (('aged', 'VBD'), 8797), (('analysis', 'NN'), 8434), (('priority', 'NN'), 8226), (('male', 'NN'), 7892), (('journal', 'NN'), 7826), (('gene', 'NN'), 7168), (('controlled', 'VBD'), 6677), (('cancer', 'NN'), 6496), (('blood', 'NN'), 6294), (('studies', 'NNS'), 5062), (('major', 'JJ'), 5051), (('tumor', 'NN'), 4864), (('factor', 'NN'), 4779), (('treatment', 'NN'), 4670), (('female', 'NN'), 4293), (('heart', 'NN'), 4200), (('risk', 'NN'), 4053)]
Cagliari;[('human', 19328), ('study', 15444), ('drug', 13518), ('article', 12513), ('male', 11256), ('age', 10281), ('cell', 10032), ('female', 9678), ('animal', 9404), ('adult', 8175), ('protein', 7513), ('control', 7345), ('disease', 7291), ('clinic', 6718), ('analysis', 6522), ('acid', 6289), ('rat', 5911), ('receptor', 5792), ('priority', 5310), ('journal', 5303), ('agent', 5132), ('system', 5130), ('middle', 4143), ('model', 4092), ('italy', 3963), ('gene', 3913), ('factor', 3909), ('nonhuman', 3437), ('derivative', 3391), ('structure', 3219)];[(('drug', 'NN'), 13448), (('article', 'NN'), 12513), (('human', 'JJ'), 12376), (('study', 'NN'), 11710), (('adult', 'NN'), 7887), (('cell', 'NN'), 7785), (('female', 'JJ'), 7173), (('clinical', 'JJ'), 6680), (('analysis', 'NN'), 6383), (('disease', 'NN'), 6077), (('male', 'JJ'), 5901), (('humans', 'NNS'), 5793), (('priority', 'NN'), 5201), (('male', 'NN'), 5164), (('journal', 'NN'), 4989), (('protein', 'NN'), 4869), (('animal', 'JJ'), 4858), (('controlled', 'VBD'), 4515), (('receptor', 'NN'), 4351), (('aged', 'VBN'), 4207), (('acid', 'NN'), 4181), (('aged', 'VBD'), 4049), (('gene', 'NN'), 3801), (('system', 'NN'), 3435), (('derivative', 'JJ'), 3236), (('nonhuman', 'JJ'), 3097), (('blood', 'NN'), 3007), (('major', 'JJ'), 2964), (('activity', 'NN'), 2631), (('agent', 'NN'), 2619)]
Viterbo;[('cell', 3155), ('protein', 3003), ('analysis', 2325), ('article', 2052), ('plant', 1951), ('animal', 1892), ('human', 1622), ('acid', 1528), ('dna', 1527), ('gene', 1456), ('study', 1447), ('sequence', 1406), ('soil', 1243), ('environment', 1188), ('carbon', 1176), ('control', 1134), ('model', 1100), ('molecule', 1086), ('italy', 1071), ('water', 1065), ('drug', 1013), ('nonhuman', 995), ('genetic', 971), ('enzyme', 931), ('forest', 849), ('metabolism', 820), ('structure', 803), ('priority', 747), ('journal', 746), ('genetics', 728)];[(('cell', 'NN'), 2478), (('analysis', 'NN'), 2270), (('article', 'NN'), 2051), (('protein', 'NN'), 1932), (('plant', 'NN'), 1668), (('gene', 'NN'), 1321), (('dna', 'NN'), 1310), (('sequence', 'NN'), 1293), (('study', 'NN'), 1223), (('carbon', 'NN'), 1095), (('molecular', 'JJ'), 1023), (('soil', 'NN'), 1018), (('drug', 'NN'), 1012), (('water', 'NN'), 987), (('human', 'JJ'), 955), (('genetic', 'JJ'), 928), (('environmental', 'JJ'), 879), (('nonhuman', 'JJ'), 873), (('acid', 'NN'), 846), (('metabolism', 'NN'), 753), (('animal', 'JJ'), 745), (('genetics', 'NNS'), 728), (('priority', 'NN'), 726), (('expression', 'NN'), 714), (('growth', 'NN'), 712), (('journal', 'NN'), 710), (('controlled', 'VBD'), 674), (('animals', 'NNS'), 665), (('derivative', 'JJ'), 644), (('structure', 'NN'), 615)]
Catanzaro;[('human', 13321), ('study', 11299), ('cell', 8973), ('age', 7797), ('protein', 7722), ('article', 7230), ('male', 6631), ('female', 6567), ('drug', 6332), ('disease', 6140), ('adult', 5447), ('clinic', 5209), ('control', 4526), ('middle', 3465), ('animal', 3442), ('blood', 3324), ('gene', 3299), ('factor', 3102), ('analysis', 3057), ('journal', 2883), ('priority', 2882), ('agent', 2811), ('cancer', 2423), ('heart', 2220), ('receptor', 2158), ('acid', 2129), ('risk', 2081), ('treatment', 2064), ('tumor', 2064), ('major', 2008)];[(('study', 'NN'), 8536), (('human', 'JJ'), 7923), (('article', 'NN'), 7230), (('cell', 'NN'), 7224), (('drug', 'NN'), 6311), (('adult', 'NN'), 5278), (('clinical', 'JJ'), 5201), (('disease', 'NN'), 5201), (('protein', 'NN'), 5046), (('female', 'JJ'), 4741), (('humans', 'NNS'), 4431), (('aged', 'VBN'), 3762), (('male', 'JJ'), 3550), (('gene', 'NN'), 3207), (('aged', 'VBD'), 3189), (('blood', 'NN'), 3077), (('analysis', 'NN'), 2976), (('male', 'NN'), 2926), (('priority', 'NN'), 2847), (('controlled', 'VBD'), 2828), (('journal', 'NN'), 2719), (('cancer', 'NN'), 2350), (('factor', 'NN'), 2154), (('treatment', 'NN'), 2053), (('major', 'JJ'), 2008), (('studies', 'NNS'), 1923), (('tumor', 'NN'), 1922), (('heart', 'NN'), 1851), (('risk', 'NN'), 1847), (('receptor', 'NN'), 1824)]
Enna;[('human', 1352), ('study', 980), ('age', 728), ('male', 703), ('female', 675), ('analysis', 671), ('article', 667), ('adult', 653), ('disease', 574), ('control', 485), ('clinic', 447), ('cell', 445), ('protein', 377), ('system', 360), ('heart', 333), ('model', 329), ('middle', 305), ('factor', 292), ('health', 280), ('drug', 280), ('risk', 261), ('water', 251), ('behavior', 245), ('network', 243), ('assessment', 243), ('gene', 242), ('test', 237), ('major', 233), ('disorder', 226), ('blood', 219)];[(('human', 'JJ'), 886), (('study', 'NN'), 791), (('article', 'NN'), 667), (('analysis', 'NN'), 663), (('adult', 'NN'), 633), (('disease', 'NN'), 529), (('female', 'JJ'), 509), (('clinical', 'JJ'), 445), (('humans', 'NNS'), 418), (('male', 'JJ'), 384), (('cell', 'NN'), 343), (('aged', 'VBN'), 320), (('heart', 'NN'), 317), (('male', 'NN'), 302), (('aged', 'VBD'), 283), (('health', 'NN'), 280), (('drug', 'NN'), 280), (('protein', 'NN'), 278), (('risk', 'NN'), 242), (('gene', 'NN'), 240), (('water', 'NN'), 237), (('major', 'JJ'), 233), (('controlled', 'VBD'), 217), (('systems', 'NNS'), 212), (('factor', 'NN'), 210), (('blood', 'NN'), 193), (('energy', 'NN'), 188), (('genetic', 'JJ'), 181), (('assessment', 'NN'), 179), (('failure', 'NN'), 177)]
Aosta;[('human', 60), ('social', 37), ('behavior', 36), ('female', 36), ('male', 36), ('adult', 31), ('analysis', 30), ('adolescent', 29), ('study', 27), ('italy', 21), ('market', 19), ('price', 18), ('article', 18), ('child', 18), ('questionnaire', 17), ('clinic', 16), ('industry', 15), ('age', 15), ('transportation', 14), ('model', 14), ('factor', 12), ('quality', 12), ('life', 12), ('assessment', 11), ('europe', 11), ('system', 11), ('young', 11), ('control', 11), ('infant', 11), ('economics', 10)];[(('human', 'JJ'), 39), (('social', 'JJ'), 37), (('analysis', 'NN'), 29), (('adult', 'NN'), 29), (('female', 'JJ'), 23), (('humans', 'NNS'), 21), (('study', 'NN'), 21), (('male', 'NN'), 19), (('behavior', 'NN'), 18), (('article', 'NN'), 18), (('behavior', 'JJ'), 17), (('male', 'JJ'), 17), (('clinical', 'JJ'), 16), (('adolescent', 'JJ'), 15), (('transportation', 'NN'), 14), (('adolescent', 'NN'), 14), (('female', 'NN'), 13), (('price', 'NN'), 12), (('industry', 'NN'), 12), (('market', 'NN'), 12), (('life', 'NN'), 12), (('italy', 'NN'), 11), (('young', 'JJ'), 11), (('child', 'NN'), 11), (('economics', 'NNS'), 9), (('europe', 'NN'), 9), (('model', 'NN'), 9), (('psychology', 'NN'), 9), (('change', 'NN'), 9), (('quality', 'NN'), 9)]
Pieve Emanuele;[('study', 5580), ('human', 5278), ('age', 3872), ('disease', 3134), ('cell', 2923), ('clinic', 2880), ('article', 2578), ('male', 2544), ('female', 2494), ('cancer', 2398), ('adult', 2342), ('protein', 2082), ('tumor', 1932), ('middle', 1648), ('control', 1645), ('drug', 1636), ('treatment', 1442), ('outcome', 1415), ('analysis', 1384), ('neoplasm', 1349), ('factor', 1317), ('survival', 1228), ('liver', 1169), ('surgery', 1120), ('agent', 1058), ('therapy', 1052), ('retrospective', 1043), ('animal', 1017), ('gene', 1003), ('major', 1001)];[(('study', 'NN'), 4327), (('human', 'JJ'), 3105), (('clinical', 'JJ'), 2873), (('disease', 'NN'), 2804), (('article', 'NN'), 2578), (('cell', 'NN'), 2477), (('cancer', 'NN'), 2381), (('adult', 'NN'), 2264), (('aged', 'VBN'), 1883), (('humans', 'NNS'), 1861), (('tumor', 'NN'), 1770), (('female', 'JJ'), 1769), (('aged', 'VBD'), 1715), (('drug', 'NN'), 1633), (('protein', 'NN'), 1550), (('treatment', 'NN'), 1436), (('analysis', 'NN'), 1378), (('male', 'NN'), 1275), (('male', 'JJ'), 1222), (('therapy', 'NN'), 1014), (('factor', 'NN'), 1011), (('studies', 'NNS'), 1009), (('major', 'JJ'), 1001), (('gene', 'NN'), 994), (('outcome', 'NN'), 973), (('trial', 'NN'), 888), (('controlled', 'VBD'), 852), (('survival', 'NN'), 799), (('risk', 'NN'), 790), (('receptor', 'NN'), 787)]
Novedrate;[('human', 483), ('study', 328), ('male', 291), ('adult', 289), ('age', 243), ('female', 215), ('control', 196), ('article', 193), ('test', 174), ('analysis', 152), ('exercise', 149), ('disease', 141), ('muscle', 135), ('clinic', 130), ('performance', 125), ('body', 109), ('middle', 102), ('cognition', 101), ('protein', 99), ('disorder', 99), ('adolescent', 95), ('model', 92), ('young', 91), ('system', 91), ('factor', 88), ('major', 84), ('cell', 82), ('behavior', 81), ('physiology', 79), ('experiment', 76)];[(('human', 'JJ'), 307), (('adult', 'NN'), 280), (('study', 'NN'), 264), (('article', 'NN'), 193), (('humans', 'NNS'), 166), (('male', 'JJ'), 161), (('analysis', 'NN'), 152), (('female', 'JJ'), 144), (('exercise', 'NN'), 138), (('clinical', 'JJ'), 127), (('test', 'NN'), 127), (('disease', 'NN'), 125), (('performance', 'NN'), 124), (('muscle', 'NN'), 122), (('male', 'NN'), 121), (('aged', 'VBN'), 109), (('controlled', 'VBD'), 107), (('body', 'NN'), 104), (('young', 'JJ'), 91), (('aged', 'VBD'), 88), (('protein', 'NN'), 84), (('major', 'JJ'), 84), (('disorder', 'NN'), 71), (('physiology', 'NN'), 71), (('female', 'NN'), 68), (('strength', 'NN'), 68), (('health', 'NN'), 66), (('cell', 'NN'), 66), (('motor', 'NN'), 65), (('factor', 'NN'), 64)]
