,affID,index_keywords
0,60028218.0,"{'article': 38862, 'female': 35584, 'male': 35208, 'human': 34895, 'adult': 26030, 'humans': 23042, 'priority journal': 18345, 'aged': 16309, 'controlled study': 16096, 'middle aged': 14260, 'italy': 10313, 'major clinical study': 9619, 'nonhuman': 8474, 'adolescent': 6956, 'clinical article': 6398, 'animals': 6341, 'treatment outcome': 6031, 'animal': 5911, 'child': 5367, 'unclassified drug': 5113, 'case report': 4497, 'metabolism': 4485, 'young adult': 4182, 'follow up': 3879, 'human cell': 3878, 'genetics': 3833, 'pathology': 3294, 'chemistry': 3255, 'clinical trial': 3189, 'procedures': 3143}"
1,60032350.0,"{'article': 61487, 'human': 61474, 'male': 60944, 'female': 59596, 'adult': 45505, 'humans': 39160, 'priority journal': 29660, 'aged': 27337, 'middle aged': 25707, 'controlled study': 25264, 'major clinical study': 16068, 'italy': 15775, 'adolescent': 12215, 'nonhuman': 12202, 'clinical article': 12160, 'child': 9970, 'treatment outcome': 9582, 'case report': 7944, 'animals': 7924, 'unclassified drug': 7527, 'animal': 7515, 'young adult': 6811, 'human cell': 6802, 'metabolism': 6634, 'follow up': 6278, 'pathology': 5423, 'genetics': 5024, 'comparative study': 4855, 'clinical trial': 4766, 'procedures': 4761}"
2,60030318.0,"{'article': 59953, 'female': 59164, 'human': 58934, 'male': 58195, 'adult': 42749, 'humans': 37009, 'priority journal': 31320, 'controlled study': 27452, 'aged': 26257, 'middle aged': 23469, 'major clinical study': 16800, 'nonhuman': 15363, 'italy': 14738, 'clinical article': 10893, 'animals': 10782, 'adolescent': 10627, 'animal': 10111, 'child': 8692, 'unclassified drug': 8301, 'treatment outcome': 8287, 'metabolism': 8280, 'human cell': 6932, 'animal experiment': 6633, 'genetics': 6555, 'case report': 6325, 'young adult': 6148, 'follow up': 5847, 'pathology': 5468, 'clinical trial': 5247, 'procedures': 4925}"
3,60017293.0,"{'article': 38466, 'human': 32341, 'male': 32156, 'female': 31972, 'adult': 22681, 'humans': 21363, 'priority journal': 18081, 'controlled study': 17444, 'aged': 12940, 'middle aged': 12516, 'nonhuman': 11002, 'italy': 9895, 'major clinical study': 8899, 'animals': 7626, 'unclassified drug': 6833, 'adolescent': 6415, 'animal': 6413, 'metabolism': 6079, 'clinical article': 5894, 'child': 5717, 'human cell': 4945, 'treatment outcome': 4868, 'genetics': 4189, 'case report': 4186, 'chemistry': 4151, 'animal experiment': 4071, 'follow up': 3628, 'clinical trial': 3159, 'pathology': 3135, 'young adult': 3105}"
4,60000481.0,"{'article': 40000, 'female': 39267, 'male': 39256, 'human': 37384, 'adult': 27528, 'humans': 25252, 'priority journal': 19935, 'controlled study': 17667, 'aged': 15976, 'middle aged': 14552, 'major clinical study': 10987, 'italy': 10834, 'nonhuman': 9589, 'adolescent': 8681, 'animals': 7639, 'child': 7564, 'animal': 7193, 'clinical article': 6711, 'metabolism': 5943, 'unclassified drug': 5376, 'treatment outcome': 5284, 'young adult': 4961, 'genetics': 4311, 'human cell': 4175, 'case report': 4122, 'follow up': 4012, 'animal experiment': 3909, 'physiology': 3899, 'pathology': 3573, 'prognosis': 3336}"
5,60028868.0,"{'article': 24734, 'female': 22689, 'male': 22521, 'human': 21376, 'adult': 16400, 'humans': 13975, 'priority journal': 11601, 'controlled study': 11333, 'aged': 9839, 'middle aged': 8764, 'nonhuman': 6465, 'italy': 6116, 'major clinical study': 5962, 'animals': 4767, 'animal': 4541, 'clinical article': 4272, 'unclassified drug': 3729, 'adolescent': 3713, 'metabolism': 3290, 'treatment outcome': 2988, 'child': 2667, 'animal experiment': 2660, 'human cell': 2481, 'physiology': 2179, 'young adult': 2173, 'genetics': 2169, 'chemistry': 2117, 'case report': 2067, 'follow up': 1977, 'pathology': 1965}"
6,60012259.0,"{'female': 33497, 'human': 33083, 'article': 33070, 'male': 32083, 'adult': 23698, 'humans': 21156, 'priority journal': 15766, 'aged': 15276, 'controlled study': 14685, 'middle aged': 13756, 'italy': 10224, 'major clinical study': 9839, 'nonhuman': 7607, 'adolescent': 6057, 'animals': 5843, 'animal': 5360, 'clinical article': 5105, 'treatment outcome': 5030, 'child': 4895, 'human cell': 4302, 'metabolism': 4294, 'unclassified drug': 4179, 'genetics': 3823, 'follow up': 3685, 'case report': 3637, 'pathology': 3627, 'animal experiment': 3304, 'young adult': 3227, 'clinical trial': 3159, 'prognosis': 3157}"
7,60023256.0,"{'article': 5842, 'human': 3547, 'humans': 2911, 'male': 2685, 'female': 2577, 'computer simulation': 2428, 'priority journal': 2241, 'controlled study': 2030, 'adult': 1975, 'mathematical models': 1639, 'italy': 1490, 'finite element method': 1268, 'algorithms': 1148, 'optimization': 1138, 'middle aged': 1097, 'aged': 1033, 'nonhuman': 928, 'physiology': 880, 'biomechanics': 875, 'procedures': 854, 'chemistry': 851, 'animals': 769, 'clinical article': 739, 'computational fluid dynamics': 724, 'uncertainty analysis': 699, 'sensitivity analysis': 674, 'algorithm': 667, 'carbon dioxide': 627, 'monte carlo methods': 606, 'risk assessment': 605}"
8,60021859.0,"{'article': 29012, 'human': 26355, 'male': 26058, 'female': 24498, 'humans': 17984, 'adult': 17584, 'priority journal': 14262, 'controlled study': 12559, 'aged': 12414, 'middle aged': 10143, 'italy': 8598, 'major clinical study': 7230, 'nonhuman': 7135, 'adolescent': 4986, 'unclassified drug': 4912, 'animals': 4454, 'clinical article': 4385, 'child': 4251, 'metabolism': 4229, 'animal': 4001, 'treatment outcome': 3790, 'chemistry': 3348, 'human cell': 3141, 'follow up': 2822, 'young adult': 2768, 'case report': 2673, 'genetics': 2627, 'animal experiment': 2623, 'pathology': 2578, 'procedures': 2307}"
9,60025153.0,"{'human': 22314, 'article': 21962, 'female': 20652, 'male': 20432, 'adult': 14969, 'humans': 13888, 'priority journal': 11628, 'controlled study': 9771, 'aged': 9454, 'middle aged': 8156, 'major clinical study': 6118, 'italy': 5514, 'nonhuman': 5127, 'adolescent': 4522, 'clinical article': 4332, 'child': 4195, 'animals': 3389, 'human cell': 3163, 'animal': 3071, 'treatment outcome': 2943, 'case report': 2919, 'unclassified drug': 2901, 'metabolism': 2436, 'young adult': 2183, 'follow up': 2033, 'animal experiment': 2019, 'pathology': 1977, 'clinical trial': 1972, 'genetics': 1776, 'animal cell': 1760}"
10,60027509.0,"{'article': 20431, 'male': 19100, 'human': 18827, 'female': 18634, 'adult': 13781, 'humans': 13486, 'priority journal': 11084, 'controlled study': 9704, 'aged': 8302, 'middle aged': 7957, 'nonhuman': 4777, 'major clinical study': 4605, 'italy': 4360, 'clinical article': 3654, 'adolescent': 3433, 'treatment outcome': 3180, 'animals': 3029, 'child': 2946, 'human cell': 2911, 'unclassified drug': 2671, 'metabolism': 2601, 'animal': 2347, 'young adult': 2304, 'genetics': 2215, 'follow up': 1949, 'mouse': 1803, 'case report': 1745, 'animal cell': 1733, 'apoptosis': 1671, 'pathology': 1662}"
11,60012306.0,"{'female': 13572, 'article': 12805, 'male': 12482, 'human': 11379, 'adult': 9652, 'humans': 9465, 'aged': 6294, 'controlled study': 6274, 'middle aged': 6264, 'priority journal': 5943, 'italy': 4363, 'major clinical study': 3854, 'adolescent': 2521, 'nonhuman': 2389, 'child': 2256, 'young adult': 2238, 'treatment outcome': 2014, 'clinical article': 1832, 'animals': 1821, 'metabolism': 1739, 'hypertension': 1664, 'follow up': 1638, 'unclassified drug': 1510, 'procedures': 1470, 'physiology': 1393, 'genetics': 1390, 'cohort analysis': 1385, 'retrospective study': 1252, 'prognosis': 1234, 'pathology': 1219}"
12,60012162.0,"{'article': 2482, 'human': 1509, 'computer simulation': 1397, 'humans': 1308, 'mathematical models': 1165, 'male': 1050, 'algorithms': 941, 'finite element method': 908, 'priority journal': 905, 'female': 886, 'italy': 859, 'adult': 854, 'controlled study': 836, 'optimization': 764, 'scanning electron microscopy': 677, 'electromyography': 570, 'chemistry': 528, 'numerical methods': 462, 'energy efficiency': 433, 'computational fluid dynamics': 428, 'temperature': 424, 'procedures': 421, 'glass': 417, 'middle aged': 392, 'algorithm': 390, 'uncertainty analysis': 388, 'mechanical properties': 383, 'physiology': 368, 'electrodes': 360, 'aged': 359}"
13,60015986.0,"{'article': 4420, 'male': 3885, 'female': 3791, 'human': 3649, 'adult': 3047, 'humans': 2939, 'controlled study': 1903, 'priority journal': 1670, 'young adult': 1332, 'physiology': 1172, 'italy': 1096, 'nonhuman': 1047, 'middle aged': 955, 'animals': 901, 'aged': 805, 'animal': 775, 'metabolism': 748, 'computer simulation': 746, 'human experiment': 741, 'brain': 673, 'genetics': 655, 'brain mapping': 636, 'procedures': 597, 'adolescent': 585, 'unclassified drug': 514, 'attention': 512, 'chemistry': 503, 'semantics': 498, 'reaction time': 488, 'remote sensing': 487}"
14,60015197.0,"{'human': 21304, 'article': 20776, 'male': 19981, 'female': 19620, 'adult': 14554, 'humans': 13004, 'priority journal': 10570, 'controlled study': 9016, 'aged': 8103, 'middle aged': 7246, 'major clinical study': 5643, 'italy': 4979, 'adolescent': 4762, 'nonhuman': 4465, 'child': 4209, 'clinical article': 3959, 'animal': 3007, 'unclassified drug': 2924, 'animals': 2889, 'case report': 2760, 'human cell': 2676, 'treatment outcome': 2562, 'metabolism': 2532, 'young adult': 2270, 'genetics': 2090, 'follow up': 1782, 'animal experiment': 1734, 'clinical trial': 1726, 'infant': 1675, 'pathology': 1665}"
15,60031984.0,"{'female': 27564, 'human': 25759, 'male': 24697, 'article': 22303, 'adult': 20298, 'humans': 17282, 'aged': 14134, 'middle aged': 12282, 'priority journal': 11934, 'controlled study': 9558, 'major clinical study': 7964, 'clinical article': 5695, 'italy': 5215, 'treatment outcome': 4979, 'adolescent': 4765, 'child': 3945, 'case report': 3940, 'follow up': 3164, 'clinical trial': 2746, 'retrospective study': 2723, 'young adult': 2648, 'nonhuman': 2629, 'prognosis': 2466, 'pathology': 2462, 'retrospective studies': 2397, 'aged, 80 and over': 2319, 'procedures': 2197, 'human tissue': 2139, 'human cell': 2037, 'unclassified drug': 1930}"
16,60010146.0,"{'article': 15110, 'human': 13994, 'male': 13943, 'female': 13169, 'adult': 9234, 'humans': 8917, 'controlled study': 6541, 'priority journal': 6287, 'aged': 6131, 'middle aged': 5372, 'italy': 4407, 'major clinical study': 3896, 'nonhuman': 3352, 'adolescent': 2762, 'clinical article': 2563, 'child': 2490, 'treatment outcome': 2485, 'unclassified drug': 2290, 'animals': 2194, 'case report': 2147, 'animal': 1832, 'metabolism': 1820, 'follow up': 1525, 'human cell': 1515, 'animal experiment': 1483, 'sicily': 1393, 'rat': 1372, 'chemistry': 1361, 'pathology': 1312, 'clinical trial': 1306}"
17,60022778.0,"{'article': 19983, 'female': 17805, 'male': 17596, 'human': 17156, 'adult': 12804, 'humans': 11410, 'priority journal': 8625, 'controlled study': 8563, 'aged': 7260, 'middle aged': 6980, 'italy': 6560, 'nonhuman': 5766, 'major clinical study': 4754, 'animals': 4275, 'animal': 3690, 'adolescent': 3659, 'clinical article': 3214, 'child': 2978, 'unclassified drug': 2727, 'metabolism': 2647, 'treatment outcome': 2467, 'case report': 2382, 'genetics': 2284, 'human cell': 1960, 'young adult': 1879, 'animal experiment': 1826, 'follow up': 1822, 'chemistry': 1668, 'clinical trial': 1541, 'pathology': 1478}"
18,60003003.0,"{'article': 15088, 'male': 13230, 'female': 13072, 'human': 12517, 'adult': 8563, 'humans': 8078, 'priority journal': 7313, 'aged': 6566, 'controlled study': 6535, 'middle aged': 5154, 'italy': 4535, 'nonhuman': 4240, 'major clinical study': 3744, 'animals': 3110, 'animal': 2806, 'unclassified drug': 2400, 'treatment outcome': 2116, 'adolescent': 2100, 'clinical article': 2031, 'metabolism': 1964, 'animal experiment': 1812, 'human cell': 1680, 'mouse': 1583, 'child': 1548, 'case report': 1510, 'follow up': 1428, 'clinical trial': 1410, 'animal cell': 1388, 'genetics': 1368, 'chemistry': 1324}"
19,60020261.0,"{'article': 3872, 'human': 1869, 'priority journal': 1719, 'controlled study': 1695, 'male': 1589, 'humans': 1495, 'female': 1456, 'italy': 1310, 'nonhuman': 1199, 'unclassified drug': 1034, 'chemistry': 895, 'animals': 887, 'metabolism': 856, 'adult': 659, 'human cell': 654, 'animal': 606, 'signal transduction': 520, 'computer simulation': 498, 'aged': 493, 'cell proliferation': 491, 'membranes': 431, 'animal experiment': 427, 'genetics': 427, 'protein expression': 415, 'catalysis': 413, 'scanning electron microscopy': 402, 'middle aged': 398, 'animal tissue': 397, 'mathematical models': 366, 'in vitro study': 362}"
20,60017697.0,"{'article': 15004, 'female': 14510, 'human': 14382, 'male': 14372, 'adult': 10579, 'humans': 9087, 'aged': 7187, 'controlled study': 6508, 'priority journal': 6392, 'middle aged': 6378, 'italy': 5304, 'major clinical study': 4317, 'nonhuman': 2988, 'clinical article': 2783, 'adolescent': 2434, 'child': 2065, 'treatment outcome': 2026, 'animals': 1990, 'animal': 1961, 'unclassified drug': 1955, 'sicily': 1763, 'metabolism': 1730, 'case report': 1685, 'human cell': 1565, 'young adult': 1483, 'genetics': 1384, 'pathology': 1331, 'follow up': 1317, 'clinical trial': 1302, 'retrospective study': 1260}"
21,60004591.0,"{'article': 14200, 'female': 13621, 'male': 13538, 'human': 13438, 'adult': 10181, 'humans': 8648, 'priority journal': 7377, 'aged': 6431, 'controlled study': 6376, 'middle aged': 5616, 'major clinical study': 3979, 'italy': 3870, 'nonhuman': 3490, 'clinical article': 2542, 'adolescent': 2301, 'treatment outcome': 2293, 'animals': 2056, 'unclassified drug': 1994, 'animal': 1970, 'case report': 1719, 'child': 1686, 'human cell': 1626, 'animal experiment': 1608, 'metabolism': 1564, 'rat': 1513, 'follow up': 1450, 'young adult': 1370, 'human tissue': 1301, 'clinical trial': 1299, 'retrospective study': 1294}"
22,60032259.0,"{'male': 11175, 'article': 10964, 'female': 9513, 'human': 9252, 'adult': 7106, 'humans': 5999, 'priority journal': 5300, 'controlled study': 5086, 'aged': 3940, 'italy': 3867, 'middle aged': 3785, 'nonhuman': 3437, 'major clinical study': 2645, 'animals': 2175, 'adolescent': 2122, 'rat': 2029, 'animal': 1970, 'unclassified drug': 1922, 'animal experiment': 1919, 'rats': 1669, 'clinical article': 1549, 'child': 1471, 'metabolism': 1394, 'chemistry': 1111, 'treatment outcome': 1107, 'dopamine': 1047, 'animal tissue': 1042, 'young adult': 1032, 'human cell': 1017, 'drug effect': 983}"
23,60004969.0,"{'article': 14112, 'human': 13147, 'male': 12975, 'female': 12863, 'adult': 9175, 'humans': 8308, 'priority journal': 6338, 'controlled study': 5928, 'aged': 5697, 'middle aged': 4538, 'italy': 3858, 'nonhuman': 3839, 'major clinical study': 3249, 'animals': 2697, 'animal': 2459, 'adolescent': 2328, 'clinical article': 2291, 'unclassified drug': 2102, 'metabolism': 1901, 'child': 1896, 'case report': 1801, 'animal experiment': 1537, 'treatment outcome': 1478, 'chemistry': 1427, 'human cell': 1409, 'genetics': 1222, 'young adult': 1200, 'physiology': 1198, 'comparative study': 1169, 'follow up': 1048}"
24,60007061.0,"{'article': 6234, 'human': 4097, 'male': 3869, 'female': 3763, 'humans': 3329, 'controlled study': 2722, 'adult': 2625, 'priority journal': 2172, 'middle aged': 1862, 'aged': 1636, 'unclassified drug': 1633, 'nonhuman': 1617, 'italy': 1345, 'chemistry': 1205, 'metabolism': 1077, 'animals': 983, 'major clinical study': 956, 'human cell': 837, 'adolescent': 768, 'young adult': 752, 'clinical article': 675, 'procedures': 675, 'animal': 619, 'child': 617, 'genetics': 601, 'drug effect': 586, 'cell proliferation': 586, 'treatment outcome': 579, 'mathematical models': 538, 'mouse': 537}"
25,60002838.0,"{'article': 15081, 'human': 13744, 'male': 13335, 'female': 13143, 'adult': 9802, 'humans': 9304, 'priority journal': 7331, 'controlled study': 6746, 'aged': 5649, 'middle aged': 5156, 'nonhuman': 4093, 'italy': 3885, 'major clinical study': 3344, 'unclassified drug': 2573, 'clinical article': 2516, 'adolescent': 2474, 'animals': 2368, 'metabolism': 2090, 'human cell': 2043, 'child': 2021, 'treatment outcome': 2008, 'animal': 2007, 'case report': 1789, 'genetics': 1414, 'young adult': 1406, 'animal experiment': 1403, 'pathology': 1340, 'chemistry': 1330, 'follow up': 1268, 'human tissue': 1247}"
26,60032256.0,"{'male': 17777, 'female': 17397, 'human': 17004, 'article': 15746, 'adult': 13657, 'humans': 11924, 'aged': 8778, 'priority journal': 8323, 'middle aged': 8205, 'controlled study': 7324, 'major clinical study': 4812, 'italy': 4120, 'adolescent': 3397, 'clinical article': 3205, 'treatment outcome': 2759, 'child': 2645, 'nonhuman': 2414, 'young adult': 2163, 'follow up': 1976, 'metabolism': 1970, 'case report': 1725, 'pathology': 1694, 'prognosis': 1672, 'human cell': 1654, 'retrospective study': 1630, 'clinical trial': 1611, 'genetics': 1598, 'procedures': 1577, 'unclassified drug': 1524, 'animals': 1512}"
27,60018363.0,"{'article': 10758, 'human': 9279, 'female': 8379, 'male': 8194, 'humans': 6060, 'adult': 5630, 'priority journal': 4552, 'controlled study': 4368, 'aged': 3754, 'middle aged': 3087, 'italy': 2780, 'nonhuman': 2563, 'major clinical study': 2207, 'animals': 1703, 'unclassified drug': 1683, 'adolescent': 1658, 'child': 1550, 'clinical article': 1512, 'animal': 1495, 'metabolism': 1353, 'human cell': 1250, 'chemistry': 1234, 'case report': 1171, 'genetics': 1069, 'treatment outcome': 994, 'animal experiment': 985, 'mouse': 942, 'young adult': 876, 'procedures': 869, 'pathology': 867}"
28,60012630.0,"{'article': 2217, 'italy': 1456, 'human': 1158, 'priority journal': 968, 'humans': 947, 'male': 923, 'controlled study': 907, 'female': 831, 'nonhuman': 822, 'animals': 625, 'adult': 492, 'computer simulation': 460, 'metabolism': 436, 'unclassified drug': 400, 'animal': 398, 'galaxies': 370, 'europe': 366, 'chemistry': 366, 'genetics': 309, 'eurasia': 299, 'human cell': 297, 'mathematical models': 287, 'deformation': 286, 'physiology': 260, 'algorithms': 259, 'signal transduction': 258, 'southern europe': 256, 'kinetics': 250, 'tectonics': 236, 'numerical model': 233}"
29,60024690.0,"{'article': 13129, 'human': 11672, 'male': 10470, 'female': 10460, 'humans': 7614, 'adult': 7242, 'priority journal': 6437, 'controlled study': 5961, 'aged': 4938, 'middle aged': 4038, 'italy': 3623, 'nonhuman': 3363, 'major clinical study': 2917, 'unclassified drug': 2411, 'animals': 2400, 'human cell': 2337, 'animal': 2002, 'metabolism': 1780, 'clinical article': 1727, 'adolescent': 1660, 'treatment outcome': 1412, 'animal experiment': 1389, 'genetics': 1270, 'child': 1256, 'case report': 1214, 'animal cell': 1097, 'in vitro study': 1085, 'animal tissue': 1075, 'young adult': 1060, 'mouse': 1045}"
30,60011576.0,"{'article': 13240, 'male': 12888, 'female': 12039, 'human': 11295, 'adult': 8448, 'humans': 7694, 'controlled study': 5982, 'priority journal': 5666, 'aged': 5280, 'middle aged': 4981, 'nonhuman': 3635, 'italy': 3346, 'major clinical study': 3103, 'animals': 2566, 'adolescent': 2521, 'clinical article': 2387, 'child': 2354, 'animal': 2085, 'unclassified drug': 1998, 'case report': 1976, 'animal experiment': 1909, 'treatment outcome': 1891, 'metabolism': 1653, 'young adult': 1333, 'follow up': 1305, 'pathology': 1249, 'animal tissue': 1191, 'immunohistochemistry': 1179, 'animal model': 1160, 'chemistry': 1142}"
31,60025965.0,"{'article': 6420, 'female': 6088, 'male': 5624, 'human': 5391, 'adult': 4634, 'humans': 4173, 'priority journal': 3006, 'aged': 2920, 'controlled study': 2893, 'middle aged': 2856, 'italy': 2221, 'major clinical study': 1608, 'nonhuman': 1259, 'adolescent': 971, 'clinical article': 968, 'treatment outcome': 937, 'animals': 888, 'metabolism': 848, 'young adult': 824, 'retrospective study': 682, 'genetics': 667, 'animal': 652, 'follow up': 647, 'procedures': 644, 'pathology': 637, 'child': 620, 'unclassified drug': 620, 'physiology': 619, 'clinical trial': 600, 'human cell': 590}"
32,60015300.0,"{'female': 12781, 'male': 12781, 'human': 12178, 'article': 11433, 'adult': 9425, 'humans': 8664, 'aged': 7148, 'priority journal': 6392, 'middle aged': 6173, 'controlled study': 5612, 'major clinical study': 3983, 'italy': 3469, 'treatment outcome': 2181, 'clinical article': 2168, 'adolescent': 2155, 'nonhuman': 1858, 'child': 1714, 'follow up': 1681, 'prognosis': 1559, 'retrospective study': 1489, 'clinical trial': 1384, 'human cell': 1377, 'young adult': 1351, 'pathology': 1311, 'animals': 1271, 'aged, 80 and over': 1233, 'retrospective studies': 1228, 'unclassified drug': 1214, 'cohort analysis': 1205, 'case report': 1191}"
33,60031624.0,"{'article': 10081, 'male': 9961, 'female': 9573, 'human': 9485, 'adult': 7282, 'humans': 6423, 'priority journal': 5138, 'aged': 5090, 'controlled study': 4747, 'middle aged': 4581, 'italy': 2804, 'major clinical study': 2637, 'nonhuman': 2474, 'clinical article': 1925, 'treatment outcome': 1739, 'animals': 1620, 'metabolism': 1528, 'adolescent': 1508, 'animal': 1243, 'unclassified drug': 1226, 'immunohistochemistry': 1147, 'human tissue': 1138, 'human cell': 1124, 'pathology': 1111, 'follow up': 1102, 'child': 1049, 'young adult': 1018, 'genetics': 1017, 'retrospective study': 998, 'clinical trial': 936}"
34,60013494.0,"{'article': 2019, 'italy': 1190, 'human': 849, 'priority journal': 631, 'female': 533, 'humans': 516, 'male': 515, 'controlled study': 499, 'nonhuman': 461, 'environmental monitoring': 373, 'climate change': 368, 'adult': 368, 'risk assessment': 342, 'chemistry': 338, 'unclassified drug': 335, 'catalysis': 308, 'veneto': 300, 'europe': 290, 'animals': 274, 'aged': 255, 'venice lagoon': 236, 'venezia [veneto]': 228, 'particulate matter': 219, 'synthesis': 211, 'copper': 211, 'mass spectrometry': 208, 'mediterranean sea': 206, 'oxidation': 199, 'animal': 194, 'temperature': 186}"
35,60024353.0,"{'article': 2351, 'human': 1118, 'italy': 1064, 'controlled study': 1016, 'humans': 881, 'priority journal': 872, 'male': 851, 'nonhuman': 845, 'female': 816, 'animals': 618, 'adult': 575, 'metabolism': 535, 'mediterranean sea': 512, 'chemistry': 477, 'unclassified drug': 449, 'animal': 439, 'scanning electron microscopy': 404, 'human cell': 331, 'computer simulation': 295, 'genetics': 281, 'thin films': 271, 'animal cell': 259, 'middle aged': 256, 'physiology': 249, 'protein expression': 248, 'mathematical models': 227, 'biodiversity': 219, 'morphology': 218, 'environmental monitoring': 215, 'puglia': 202}"
36,60018783.0,"{'article': 7919, 'male': 7545, 'female': 7266, 'human': 7244, 'adult': 5618, 'humans': 4776, 'priority journal': 3844, 'controlled study': 3496, 'aged': 3075, 'middle aged': 2963, 'italy': 2157, 'major clinical study': 1762, 'nonhuman': 1652, 'clinical article': 1506, 'adolescent': 1419, 'treatment outcome': 1126, 'animals': 1050, 'child': 1029, 'human cell': 985, 'young adult': 910, 'unclassified drug': 900, 'metabolism': 868, 'animal': 855, 'follow up': 721, 'case report': 715, 'pathology': 665, 'protein expression': 631, 'clinical trial': 615, 'retrospective study': 599, 'mouse': 591}"
37,60030674.0,"{'article': 1481, 'quantum theory': 536, 'nonhuman': 518, 'controlled study': 509, 'priority journal': 496, 'animals': 468, 'human': 438, 'humans': 351, 'male': 340, 'animal': 323, 'female': 310, 'chemistry': 300, 'metabolism': 293, 'integrated luminosity': 284, 'galaxies': 279, 'molecular dynamics': 258, 'high energy physics': 236, 'animal experiment': 233, 'mouse': 230, 'photons': 223, 'tellurium compounds': 213, 'unclassified drug': 210, 'computer simulation': 209, 'animal tissue': 204, 'luminance': 195, 'mathematical models': 195, 'animal cell': 193, 'cosmology': 193, 'genetics': 192, 'bosons': 189}"
38,60012227.0,"{'article': 2266, 'priority journal': 1122, 'male': 1067, 'controlled study': 1018, 'female': 994, 'human': 932, 'nonhuman': 919, 'humans': 785, 'animals': 738, 'adult': 712, 'galaxies': 598, 'molecular dynamics': 491, 'rat': 476, 'physiology': 444, 'animal': 430, 'computer simulation': 424, 'animal tissue': 402, 'animal cell': 392, 'rats': 368, 'cosmology': 367, 'hippocampus': 359, 'metabolism': 345, 'stars': 327, 'chemistry': 313, 'animal experiment': 303, 'young adult': 301, 'quantum theory': 297, 'mouse': 284, 'unclassified drug': 263, 'brain': 252}"
39,60026777.0,"{'male': 16139, 'female': 15878, 'article': 15100, 'human': 14215, 'adult': 11556, 'humans': 11102, 'controlled study': 7394, 'middle aged': 7385, 'aged': 7024, 'priority journal': 7008, 'major clinical study': 4491, 'italy': 4215, 'adolescent': 3387, 'child': 2950, 'treatment outcome': 2936, 'clinical article': 2812, 'nonhuman': 2684, 'young adult': 2213, 'follow up': 2062, 'metabolism': 2026, 'animals': 1964, 'unclassified drug': 1898, 'human cell': 1712, 'case report': 1700, 'clinical trial': 1609, 'genetics': 1600, 'pathology': 1563, 'retrospective study': 1488, 'procedures': 1407, 'human tissue': 1312}"
40,60009914.0,"{'article': 390, 'italy': 366, 'female': 285, 'male': 245, 'human': 208, 'metabolism': 179, 'controlled study': 164, 'humans': 158, 'chemistry': 153, 'nonhuman': 151, 'biomass': 139, 'adult': 138, 'animals': 120, 'fermentation': 120, 'climate change': 114, 'animal': 111, 'genetics': 107, 'carbon dioxide': 103, 'physiology': 94, 'forestry': 92, 'microbiology': 90, 'europe': 89, 'biodiversity': 87, 'priority journal': 83, 'soil': 79, 'iron': 79, 'procedures': 78, 'energy efficiency': 77, 'temperature': 76, 'nitrogen': 74}"
41,60010110.0,"{'article': 7587, 'female': 6715, 'male': 6710, 'human': 6271, 'adult': 4592, 'humans': 4138, 'italy': 3325, 'controlled study': 3309, 'priority journal': 3052, 'middle aged': 2579, 'aged': 2521, 'nonhuman': 2433, 'animals': 1904, 'major clinical study': 1754, 'animal': 1696, 'unclassified drug': 1216, 'adolescent': 1046, 'genetics': 961, 'clinical article': 955, 'animal experiment': 936, 'metabolism': 902, 'chemistry': 818, 'child': 813, 'case report': 803, 'human cell': 796, 'physiology': 733, 'treatment outcome': 727, 'sheep': 725, 'genotype': 709, 'prevalence': 657}"
42,60024316.0,"{'europe': 173, 'female': 134, 'human': 121, 'european union': 113, 'male': 110, 'article': 104, 'adult': 97, 'italy': 89, 'humans': 88, 'eurasia': 76, 'aged': 57, 'middle aged': 56, 'united kingdom': 53, 'party politics': 50, 'young adult': 48, 'united states': 44, 'spain': 42, 'germany': 42, 'energy policy': 41, 'decision making': 40, 'commerce': 39, 'governance approach': 36, 'child': 36, 'adolescent': 35, 'economics': 34, 'comparative study': 33, 'investments': 33, 'democracy': 32, 'energy market': 30, 'regulatory framework': 30}"
43,60003668.0,"{'article': 6359, 'male': 5795, 'female': 5767, 'human': 5414, 'humans': 4583, 'adult': 3790, 'aged': 3333, 'controlled study': 3195, 'priority journal': 3051, 'middle aged': 2947, 'major clinical study': 1859, 'italy': 1814, 'nonhuman': 1310, 'unclassified drug': 1150, 'treatment outcome': 1107, 'animals': 1044, 'human cell': 1043, 'metabolism': 992, 'adolescent': 938, 'follow up': 749, 'clinical article': 746, 'child': 734, 'genetics': 715, 'prognosis': 710, 'pathology': 708, 'chemistry': 642, 'procedures': 630, 'cell proliferation': 622, 'young adult': 620, 'retrospective study': 618}"
44,60032111.0,"{'article': 2992, 'human': 1807, 'controlled study': 1398, 'male': 1351, 'priority journal': 1302, 'humans': 1189, 'female': 1180, 'nonhuman': 1149, 'italy': 937, 'adult': 843, 'unclassified drug': 674, 'animals': 652, 'human cell': 619, 'animal': 531, 'metabolism': 493, 'aged': 415, 'chemistry': 394, 'animal experiment': 382, 'animal cell': 358, 'rat': 349, 'apoptosis': 342, 'middle aged': 337, 'animal tissue': 302, 'rats': 279, 'drug effect': 278, 'mouse': 276, 'oxidative stress': 260, 'in vitro study': 252, 'genetics': 251, 'mass spectrometry': 249}"
45,60027299.0,"{'article': 482, 'computer simulation': 416, 'italy': 371, 'mathematical models': 323, 'optimization': 303, 'finite element method': 242, 'algorithms': 231, 'human': 180, 'priority journal': 157, 'friction': 151, 'numerical model': 146, 'decision making': 143, 'humans': 129, 'deformation': 123, 'tellurium compounds': 111, 'algorithm': 110, 'integrated luminosity': 110, 'numerical methods': 109, 'adhesion': 105, 'risk assessment': 104, 'geometry': 103, 'puglia': 102, 'female': 101, 'uncertainty analysis': 99, 'elasticity': 99, 'hydrodynamics': 98, 'controlled study': 96, 'turbulence': 95, 'turbulent flow': 95, 'optical waveguides': 91}"
46,60026298.0,"{'article': 4034, 'nonhuman': 2380, 'male': 2314, 'controlled study': 1941, 'female': 1723, 'priority journal': 1692, 'human': 1615, 'animals': 1495, 'animal': 1466, 'unclassified drug': 1190, 'humans': 1149, 'animal experiment': 1009, 'italy': 953, 'rat': 829, 'chemistry': 757, 'animal tissue': 742, 'metabolism': 740, 'rats': 674, 'adult': 658, 'animal cell': 601, 'animal model': 477, 'human cell': 465, 'drug effect': 451, 'in vitro study': 432, 'drug synthesis': 402, 'genetics': 389, 'mouse': 389, 'escherichia coli': 376, ""support, non-u.s. gov't"": 362, 'animalia': 359}"
47,60050715.0,"{'article': 2005, 'italy': 1006, 'nonhuman': 995, 'controlled study': 798, 'priority journal': 746, 'animals': 651, 'human': 630, 'female': 581, 'metabolism': 571, 'male': 520, 'genetics': 509, 'humans': 490, 'animal': 477, 'chemistry': 435, 'unclassified drug': 381, 'forestry': 334, 'fungi': 302, 'europe': 297, 'biomass': 291, 'carbon dioxide': 285, 'phylogeny': 282, 'physiology': 267, 'climate change': 240, 'biodiversity': 235, 'enzyme activity': 218, 'animal cell': 217, 'amino acid sequence': 213, 'human cell': 210, 'nucleotide sequence': 203, 'ecosystem': 199}"
48,60107210.0,"{'male': 2531, 'female': 2472, 'human': 2391, 'article': 2142, 'humans': 1963, 'adult': 1921, 'aged': 1705, 'middle aged': 1628, 'controlled study': 1047, 'major clinical study': 967, 'treatment outcome': 884, 'priority journal': 763, 'retrospective study': 605, 'follow up': 568, 'pathology': 527, 'procedures': 525, 'italy': 507, 'cohort analysis': 468, 'retrospective studies': 437, 'clinical article': 436, 'multicenter study': 417, 'young adult': 391, 'clinical trial': 386, 'prognosis': 372, 'very elderly': 349, 'metabolism': 344, 'prospective study': 330, 'diagnostic imaging': 302, 'genetics': 300, 'aged, 80 and over': 297}"
49,60020919.0,"{'article': 1867, 'italy': 1059, 'nonhuman': 614, 'controlled study': 577, 'priority journal': 569, 'human': 484, 'unclassified drug': 447, 'female': 432, 'chemistry': 418, 'animals': 396, 'humans': 377, 'metabolism': 361, 'male': 355, 'animal': 335, 'mass spectrometry': 234, 'europe': 215, 'chemical structure': 205, 'computer simulation': 197, 'basilicata': 196, 'amino acid sequence': 191, 'integrated luminosity': 188, 'circular dichroism': 188, 'genetics': 186, 'remote sensing': 176, 'adult': 169, 'southern europe': 160, 'physiology': 157, 'temperature': 155, 'synthesis': 154, 'eurasia': 153}"
50,60001711.0,"{'article': 633, 'human': 490, 'female': 440, 'male': 436, 'italy': 410, 'humans': 389, 'adult': 323, 'controlled study': 271, 'computer simulation': 227, 'priority journal': 225, 'finite element method': 201, 'mathematical models': 197, 'adolescent': 178, 'particulate matter': 178, 'particle size': 176, 'aged': 149, 'middle aged': 149, 'optimization': 147, 'algorithms': 141, 'methane': 138, 'nonhuman': 129, 'anaerobic digestion': 111, 'numerical methods': 106, 'biomass': 95, 'risk assessment': 95, 'young adult': 91, 'major clinical study': 90, 'concentration (composition)': 88, 'robotics': 87, 'child': 85}"
51,60022956.0,"{'female': 5232, 'male': 5148, 'article': 4608, 'human': 4485, 'adult': 3786, 'humans': 3622, 'middle aged': 2600, 'aged': 2559, 'controlled study': 2210, 'priority journal': 2032, 'italy': 1637, 'major clinical study': 1507, 'treatment outcome': 918, 'clinical article': 891, 'adolescent': 775, 'nonhuman': 751, 'follow up': 700, 'metabolism': 650, 'young adult': 647, 'child': 641, 'animals': 625, 'human tissue': 559, 'case report': 559, 'procedures': 528, 'pathology': 484, 'retrospective study': 476, 'genetics': 464, 'prognosis': 463, 'human cell': 445, 'prospective study': 441}"
52,60009622.0,"{'male': 10980, 'female': 10095, 'human': 8903, 'article': 8499, 'adult': 7986, 'humans': 7605, 'middle aged': 6105, 'aged': 5979, 'controlled study': 4623, 'priority journal': 4594, 'major clinical study': 3378, 'treatment outcome': 2456, 'clinical article': 1873, 'follow up': 1732, 'italy': 1587, 'pathology': 1545, 'retrospective study': 1481, 'procedures': 1413, 'young adult': 1355, 'adolescent': 1350, 'retrospective studies': 1300, 'nonhuman': 1251, 'clinical trial': 1070, 'nuclear magnetic resonance imaging': 1064, 'metabolism': 1034, 'animals': 1030, 'genetics': 1000, 'cohort analysis': 998, 'prognosis': 994, 'diagnostic imaging': 978}"
53,60005254.0,"{'article': 455, 'human': 414, 'male': 406, 'female': 405, 'adult': 327, 'humans': 302, 'italy': 228, 'controlled study': 179, 'middle aged': 169, 'aged': 162, 'priority journal': 119, 'computer simulation': 118, 'young adult': 96, 'major clinical study': 92, 'optimization': 77, 'questionnaire': 76, 'adolescent': 74, 'cmos integrated circuits': 69, 'hemodynamics': 68, 'decision making': 67, 'europe': 65, 'clinical article': 64, 'psychology': 62, 'computational fluid dynamics': 60, 'human experiment': 59, 'quality of life': 58, 'air transportation': 57, 'algorithms': 57, 'physiology': 57, 'galerkin methods': 55}"
54,60069616.0,"{'male': 6534, 'female': 6471, 'article': 6120, 'human': 5864, 'adult': 4667, 'humans': 4633, 'middle aged': 3411, 'controlled study': 3253, 'aged': 3177, 'priority journal': 2882, 'major clinical study': 1928, 'italy': 1603, 'treatment outcome': 1248, 'nonhuman': 1160, 'clinical article': 1109, 'metabolism': 946, 'unclassified drug': 944, 'adolescent': 941, 'animals': 907, 'human cell': 853, 'follow up': 788, 'young adult': 732, 'pathology': 721, 'child': 721, 'genetics': 664, 'procedures': 645, 'case report': 618, 'retrospective study': 616, 'clinical trial': 593, 'risk factor': 585}"
55,60005308.0,"{'female': 4752, 'male': 4470, 'human': 3983, 'article': 3923, 'adult': 3328, 'humans': 3181, 'aged': 2981, 'middle aged': 2533, 'controlled study': 1963, 'priority journal': 1875, 'major clinical study': 1444, 'treatment outcome': 1110, 'italy': 1018, 'clinical article': 823, 'follow up': 682, 'retrospective study': 681, 'procedures': 651, 'young adult': 605, 'adolescent': 604, 'pathology': 592, 'nonhuman': 548, 'retrospective studies': 523, 'clinical trial': 513, 'aged, 80 and over': 512, 'prognosis': 494, 'metabolism': 490, 'child': 477, 'very elderly': 459, 'multicenter study': 446, 'prospective study': 409}"
56,60014096.0,"{'article': 2326, 'male': 1984, 'female': 1892, 'human': 1654, 'humans': 1347, 'adult': 1257, 'italy': 1122, 'controlled study': 1034, 'middle aged': 892, 'priority journal': 892, 'aged': 870, 'nonhuman': 672, 'animals': 526, 'major clinical study': 445, 'metabolism': 380, 'animal': 379, 'adolescent': 371, 'treatment outcome': 366, 'unclassified drug': 366, 'clinical article': 302, 'chemistry': 292, 'physiology': 288, 'procedures': 270, 'genetics': 265, 'young adult': 265, 'follow up': 246, 'europe': 232, 'genotype': 202, 'retrospective study': 202, 'child': 202}"
57,60020167.0,"{'article': 907, 'human': 691, 'male': 546, 'priority journal': 515, 'italy': 498, 'female': 464, 'controlled study': 357, 'nonhuman': 344, 'adult': 337, 'humans': 231, 'animal': 196, 'aged': 179, 'animals': 160, 'rat': 132, ""support, non-u.s. gov't"": 132, 'calabria': 128, 'case report': 127, 'chemistry': 125, 'computer simulation': 122, 'mathematical models': 117, 'rats': 117, 'human cell': 115, 'forestry': 112, 'metabolism': 111, 'soils': 108, 'clinical article': 108, 'animal experiment': 108, 'comparative study': 102, 'adolescent': 98, 'electroencephalography': 96}"
58,60004300.0,"{'article': 796, 'male': 467, 'italy': 455, 'controlled study': 436, 'human': 380, 'female': 358, 'nonhuman': 356, 'priority journal': 351, 'humans': 314, 'animals': 292, 'metabolism': 262, 'adult': 200, 'unclassified drug': 184, 'animal': 176, 'signal transduction': 171, 'protein expression': 156, 'genetics': 156, 'animal experiment': 151, 'computer simulation': 151, 'campania [italy]': 150, 'animal tissue': 141, 'chemistry': 138, 'human cell': 129, 'immunohistochemistry': 120, 'gene expression': 116, 'mathematical models': 115, 'aged': 114, 'animal cell': 113, 'mouse': 110, 'middle aged': 102}"
59,60136210.0,"{'cosmology': 139, 'galaxies': 83, 'article': 70, 'gamma rays': 70, 'stars': 65, 'gravity waves': 62, 'cosmic rays': 60, 'gravitational effects': 53, 'neutrons': 53, 'italy': 52, 'polarization': 47, 'particle detectors': 45, 'dark matter': 37, 'uncertainty analysis': 34, 'cosmic background radiation': 33, 'tellurium compounds': 32, 'cosmic microwave backgrounds': 31, 'scintillation': 30, 'telescopes': 29, 'supernovae': 28, 'computer simulation': 27, 'neutrinoless double-beta decays': 27, 'cosmology: observation': 27, 'turbulent flow': 26, 'cryogenics': 26, 'germanium compounds': 25, 'polynomial approximation': 24, 'matrix algebra': 24, 'numerical methods': 24, 'gravitation': 23}"
60,60019089.0,"{'article': 1473, 'animals': 1027, 'female': 1008, 'nonhuman': 998, 'male': 988, 'controlled study': 759, 'animal': 706, 'italy': 541, 'priority journal': 440, 'human': 430, 'humans': 366, 'animal experiment': 364, 'animal tissue': 345, 'metabolism': 323, 'genetics': 267, 'adult': 261, 'sheep': 253, 'unclassified drug': 223, 'animalia': 207, 'animal cell': 207, 'chemistry': 204, 'immunohistochemistry': 201, 'physiology': 198, 'dog': 198, 'polymerase chain reaction': 190, 'animal model': 184, 'phylogeny': 164, 'pathology': 155, 'dogs': 152, 'veterinary medicine': 150}"
61,60015466.0,"{'italy': 165, 'finite element method': 60, 'article': 57, 'decision making': 52, 'human': 50, 'female': 46, 'humans': 45, 'masonry materials': 43, 'male': 43, 'veneto': 42, 'energy efficiency': 41, 'climate change': 41, 'adult': 40, 'reinforced concrete': 39, 'structural analysis': 38, 'walls (structural partitions)': 36, 'mathematical models': 36, 'masonry construction': 35, 'biodiversity': 35, 'europe': 32, 'sustainable development': 32, 'computer simulation': 32, 'masonry': 31, 'buildings': 29, 'building': 28, 'seismology': 27, 'venezia [veneto]': 26, 'glass': 26, 'spatial planning': 25, 'probability': 25}"
62,60027141.0,"{'male': 263, 'female': 247, 'human': 208, 'article': 181, 'adolescent': 178, 'italy': 172, 'adult': 165, 'humans': 154, 'young adult': 112, 'child': 95, 'controlled study': 65, 'priority journal': 63, 'age determination by teeth': 60, 'procedures': 58, 'middle aged': 58, 'dental age estimation': 51, 'panoramic radiography': 51, 'age determination': 49, 'aged': 44, 'sensitivity and specificity': 43, 'radiography, panoramic': 42, 'europe': 37, 'third molar': 31, 'molar, third': 31, 'reproducibility of results': 31, 'diagnostic imaging': 31, 'tooth apex': 31, 'growth, development and aging': 29, 'human tissue': 27, 'nonhuman': 27}"
63,60104092.0,"{'male': 354, 'female': 352, 'article': 345, 'human': 330, 'adult': 272, 'humans': 187, 'italy': 169, 'controlled study': 155, 'adolescent': 118, 'major clinical study': 111, 'middle aged': 107, 'aged': 105, 'young adult': 105, 'questionnaire': 84, 'priority journal': 71, 'psychology': 64, 'human experiment': 60, 'child': 53, 'metabolism': 51, 'nonhuman': 45, 'physiology': 43, 'self report': 43, 'sicily': 42, 'biomass': 41, 'cognition': 39, 'psychometry': 34, 'salinity': 34, 'uncertainty analysis': 32, 'depression': 32, 'unclassified drug': 32}"
64,60105927.0,"{'article': 134, 'human': 121, 'female': 111, 'male': 98, 'adult': 80, 'humans': 66, 'controlled study': 61, 'nonhuman': 39, 'middle aged': 37, 'priority journal': 35, 'animals': 31, 'italy': 30, 'young adult': 28, 'animal tissue': 27, 'mouse': 27, 'treatment outcome': 27, 'aged': 26, 'animal experiment': 26, 'animal': 25, 'metabolism': 24, 'medulloblastoma': 23, 'animal model': 22, 'apoptosis': 22, 'major clinical study': 21, 'pathology': 20, 'unclassified drug': 19, 'adolescent': 19, 'signal transduction': 19, 'clinical article': 18, 'psoriasis': 18}"
65,60004975.0,"{'female': 581, 'male': 536, 'adult': 425, 'human': 411, 'article': 357, 'humans': 314, 'italy': 203, 'adolescent': 177, 'middle aged': 176, 'controlled study': 173, 'major clinical study': 166, 'child': 147, 'young adult': 141, 'psychology': 104, 'aged': 101, 'priority journal': 99, 'hiv infections': 91, 'questionnaire': 87, 'pregnancy': 82, 'human immunodeficiency virus infection': 78, 'malawi': 67, 'clinical article': 60, 'infant': 60, 'nevirapine': 57, 'cd4 lymphocyte count': 55, 'attention': 53, 'cognition': 52, 'human experiment': 52, 'mozambique': 48, 'self report': 45}"
66,60105475.0,"{'female': 287, 'male': 286, 'human': 253, 'article': 246, 'humans': 211, 'aged': 173, 'adult': 172, 'seismic design': 167, 'middle aged': 152, 'controlled study': 149, 'risk assessment': 148, 'reinforced concrete': 141, 'seismic response': 136, 'seismology': 124, 'italy': 103, 'earthquakes': 94, 'priority journal': 89, 'earthquake engineering': 85, 'cognition': 78, 'structural response': 69, 'ground motion': 68, 'language': 68, 'neuropsychological test': 67, 'brain': 67, 'structural analysis': 64, 'physiology': 64, 'executive function': 63, 'young adult': 63, 'alzheimer disease': 62, 'building': 54}"
67,60018048.0,"{'male': 1715, 'female': 1332, 'human': 1315, 'adult': 1252, 'article': 1156, 'humans': 1125, 'controlled study': 662, 'exercise': 491, 'middle aged': 454, 'physiology': 448, 'young adult': 422, 'adolescent': 398, 'aged': 398, 'priority journal': 388, 'human experiment': 313, 'italy': 256, 'child': 242, 'athletic performance': 227, 'normal human': 225, 'clinical article': 210, 'athlete': 197, 'muscle strength': 173, 'heart rate': 172, 'metabolism': 167, 'exercise test': 167, 'physical activity': 157, 'walking': 156, 'procedures': 154, 'major clinical study': 153, 'electromyography': 153}"
68,60104320.0,"{'male': 130, 'female': 128, 'article': 105, 'human': 104, 'humans': 76, 'adult': 74, 'controlled study': 49, 'child': 47, 'adolescent': 42, 'psychology': 40, 'major clinical study': 39, 'depression': 31, 'italy': 28, 'aged': 25, 'questionnaire': 24, 'self report': 23, 'priority journal': 23, 'dopamine transporter': 23, 'middle aged': 22, 'emotion': 21, 'dna methylation': 20, 'mental disease': 19, 'covid-19': 19, 'emotions': 19, 'genotype': 19, 'nonhuman': 18, 'anxiety': 17, 'genetics': 16, 'young adult': 16, 'continuum mechanics': 15}"
69,60005661.0,"{'floods': 17, 'italy': 15, 'rivers': 11, 'flood': 10, 'hydrological modeling': 10, 'floodplain': 9, 'computational fluid dynamics': 9, 'flood control': 9, 'risk assessment': 8, 'flooding': 8, 'united states': 8, 'hydraulic models': 7, 'male': 7, 'digital elevation model': 6, 'mapping method': 6, 'algorithm': 6, 'river basin': 6, 'human': 6, 'adult': 6, 'female': 6, 'hazards': 5, 'article': 5, 'water management': 5, 'uncertainty analysis': 5, 'tiber river': 4, 'mapping': 4, 'topography': 4, 'fluid dynamics': 4, 'hydrodynamics': 4, 'water levels': 4}"
70,60109537.0,"{'article': 16, 'female': 14, 'human': 13, 'male': 12, 'innovation': 11, 'knowledge management': 11, 'humans': 11, 'sustainable development': 10, 'covid-19': 10, 'adult': 10, 'italy': 9, 'smart city': 9, 'technology transfer': 8, 'pandemic': 8, 'risk assessment': 7, 'small and medium-sized enterprise': 7, 'decision making': 7, 'psychology': 7, 'technology adoption': 6, 'internet of things': 6, 'environmental impact': 6, 'performance assessment': 6, 'middle aged': 6, 'numerical model': 5, 'health care': 5, 'economic analysis': 5, 'technological development': 5, 'competition': 5, 'multinational enterprise': 5, 'technological innovation': 5}"
71,60104321.0,"{'female': 36, 'male': 36, 'human': 28, 'adolescent': 22, 'humans': 21, 'italy': 20, 'adult': 20, 'article': 17, 'young adult': 10, 'quality of life': 10, 'questionnaire': 10, 'major clinical study': 9, 'air transportation': 8, 'airline industry': 8, 'child': 8, 'controlled study': 7, 'employment': 7, 'europe': 6, 'motivation': 6, 'aged': 6, 'human experiment': 6, 'infant': 6, 'procedures': 6, 'drought': 6, 'adolescent behavior': 6, 'price dynamics': 5, 'epidemiology': 5, 'psychology': 5, 'child behavior': 5, 'consumer': 5}"
72,60103326.0,"{'female': 24, 'male': 24, 'adult': 20, 'human': 19, 'humans': 16, 'article': 15, 'italy': 12, 'empathy': 11, 'adolescent': 10, 'middle aged': 9, 'young adult': 8, 'depression': 7, 'controlled study': 7, 'major clinical study': 7, 'heart rate': 6, 'fear': 6, 'child': 6, 'graph theory': 5, 'heart rate variability': 5, 'questionnaire': 5, 'pandemic': 5, 'covid-19': 5, 'lazio': 5, 'roma [lazio]': 5, 'rome': 5, 'human experiment': 5, 'portugal': 4, 'coronavirus disease 2019': 4, 'normal human': 4, 'sars-cov-2': 4}"
73,60199653.0,"{'male': 335, 'female': 317, 'human': 285, 'article': 252, 'humans': 241, 'adult': 211, 'middle aged': 185, 'aged': 176, 'major clinical study': 111, 'controlled study': 110, 'priority journal': 104, 'heart failure': 103, 'greece': 74, 'young adult': 62, 'genetics': 57, 'prevalence': 53, 'complication': 50, 'cohort analysis': 47, 'adolescent': 46, 'treatment outcome': 46, 'quality of life': 44, 'clinical article': 44, 'genotype': 43, 'risk factor': 42, 'procedures': 35, 'human immunodeficiency virus infection': 34, 'disease severity': 33, 'single nucleotide polymorphism': 33, 'questionnaire': 32, 'follow up': 32}"
74,60073247.0,"{'article': 9, 'human': 8, 'adult': 5, 'female': 4, 'male': 4, 'research': 4, 'regeneration': 4, 'turbellaria': 4, 'weightlessness': 4, 'microgravity': 3, 'child': 3, 'prevention': 3, 'adolescent': 3, 'controlled study': 3, 'biology': 3, 'religion': 3, 'humans': 3, 'cell proliferation': 3, 'gene silencing': 3, 'consensus': 3, 'child sexual abuse': 2, 'major clinical study': 2, 'sexual abuse': 2, 'hypergravity': 2, 'equivalence classes': 2, 'philosophical aspects': 2, 'information': 2, 'death': 2, 'anthropology': 2, 'attitude to death': 2}"
75,60112425.0,"{'human': 7, 'humans': 7, 'article': 6, 'personal autonomy': 4, 'female': 4, 'male': 4, 'gene silencing': 3, 'adult': 3, 'ethics': 3, 'bioethics': 3, 'animal': 2, 'brain': 2, 'cognition': 2, 'creativity': 2, 'cultural anthropology': 2, 'physiology': 2, 'animals': 2, 'culture': 2, 'clinical decision making': 2, 'decision making': 2, 'morality': 2, 'clinical decision-making': 2, 'morals': 2, 'transcriptome': 2, 'cell proliferation': 2, 'in situ hybridization': 2, 'gene expression profiling': 2, 'gene expression regulation': 2, 'rna interference': 2, 'weightlessness': 2}"
76,60073834.0,"{'article': 1040, 'italy': 673, 'nonhuman': 555, 'genetics': 500, 'vitis': 497, 'animals': 495, 'female': 468, 'mass spectrometry': 453, 'animal': 420, 'male': 404, 'controlled study': 382, 'metabolism': 373, 'phylogeny': 332, 'human': 332, 'fruit': 324, 'chemistry': 313, 'humans': 278, 'physiology': 276, 'malus': 263, 'wine': 255, 'priority journal': 246, 'microbiology': 217, 'biodiversity': 212, 'procedures': 207, 'europe': 202, 'genotype': 193, 'fermentation': 178, 'adult': 178, 'classification': 172, 'vitis vinifera': 168}"
77,60016269.0,"{'language': 3, 'teaching': 2, 'education': 1, 'immigrant': 1, 'learning': 1, 'bottom-up control': 1, 'immigration': 1, 'landscape': 1, 'migration': 1, 'top-down control': 1, 'urban area': 1, 'italy': 1, 'multiculturalism': 1}"
78,60134846.0,"{'male': 291, 'human': 221, 'female': 215, 'adult': 201, 'humans': 167, 'article': 159, 'controlled study': 118, 'middle aged': 98, 'aged': 92, 'adolescent': 90, 'young adult': 88, 'physiology': 68, 'major clinical study': 59, 'exercise test': 56, 'exercise': 55, 'athletic performance': 53, 'italy': 52, 'procedures': 46, 'running': 44, 'cognition': 39, 'alzheimer disease': 38, 'human experiment': 37, 'psychology': 37, 'priority journal': 35, 'quality of life': 34, 'clinical article': 34, 'soccer': 34, 'obesity': 33, 'child': 33, 'questionnaire': 32}"
79,60001400.0,"{'female': 32, 'male': 30, 'human': 25, 'article': 24, 'humans': 20, 'aged': 19, 'adult': 18, 'middle aged': 13, 'italy': 12, 'physiology': 11, 'controlled study': 10, 'cognition': 9, 'priority journal': 8, 'young adult': 8, 'neuropsychological test': 8, 'neuropsychological tests': 8, 'memory': 8, 'human experiment': 7, 'aging': 7, 'adolescent': 7, 'alzheimer disease': 7, 'cyanobacteria': 6, 'decision making': 6, 'learning': 6, 'thinking': 6, 'psychomotor performance': 6, 'phylogeny': 6, 'bayes theorem': 6, 'campania [italy]': 5, 'biofilms': 5}"
80,60012280.0,"{'human': 21, 'male': 16, 'female': 15, 'italy': 14, 'adult': 13, 'article': 12, 'middle aged': 11, 'clergy': 8, 'humans': 7, 'catholic': 7, 'emotional stress': 7, 'religion': 6, 'satisfaction': 6, 'questionnaire': 6, 'young adult': 6, 'adolescent': 5, 'nun': 4, 'psychological well-being': 4, 'burnout': 4, 'psychology': 4, 'construct validity': 4, 'internal consistency': 4, 'major clinical study': 4, 'controlled study': 4, 'human experiment': 3, 'psychological theory': 3, 'psychometry': 3, 'therapy': 3, 'surveys and questionnaires': 3, 'impotence': 3}"
81,60005216.0,"{'cognition': 3, 'thinking': 3, 'gene silencing': 3, 'sustainability': 2, 'adolescent': 2, 'adult': 2, 'aged': 2, 'female': 2, 'inhibition (psychology)': 2, 'intuition': 2, 'male': 2, 'middle aged': 2, 'physiology': 2, 'religion': 2, 'theory of mind': 2, 'young adult': 2, 'transcriptome': 2, 'cell proliferation': 2, 'in situ hybridization': 2, 'gene expression profiling': 2, 'gene expression regulation': 2, 'rna interference': 2, 'weightlessness': 2, 'human evolution': 1, 'sustainable development': 1, 'assisi': 1, 'italy': 1, 'perugia': 1, 'umbria': 1, 'anthropology': 1}"
82,60103305.0,{}
83,60268246.0,"{'exhibition': 1, 'textile art': 1, 'conference report': 1, 'economic data': 1, 'exhibition review': 1, 'furnishing fabric': 1}"
84,60134847.0,"{'human': 81, 'female': 75, 'article': 74, 'adult': 73, 'male': 69, 'italy': 62, 'humans': 62, 'middle aged': 39, 'controlled study': 38, 'young adult': 33, 'soil pollution': 31, 'major clinical study': 31, 'obesity': 29, 'risk assessment': 25, 'child': 22, 'cystic fibrosis': 22, 'adolescent': 20, 'body mass': 20, 'concentration (composition)': 19, 'campania [italy]': 18, 'aged': 18, 'soils': 17, 'risk factor': 17, 'biomass': 17, 'priority journal': 16, 'metabolism': 14, 'masonry materials': 14, 'case control study': 14, 'anaerobic digestion': 13, 'procedures': 13}"
85,60016374.0,"{'italy': 92, 'human': 80, 'article': 66, 'male': 65, 'humans': 61, 'female': 59, 'adult': 53, 'decision making': 38, 'europe': 36, 'innovation': 35, 'young adult': 23, 'commerce': 22, 'theoretical study': 21, 'european union': 20, 'human experiment': 19, 'stochastic systems': 18, 'economics': 17, 'united states': 17, 'controlled study': 16, 'sustainable development': 16, 'questionnaire': 15, 'costs': 14, 'motivation': 14, 'party politics': 13, 'investments': 13, 'dynamic programming': 13, 'cluster analysis': 13, 'empirical analysis': 12, 'investment': 12, 'eurasia': 12}"
86,60196832.0,"{'human': 312, 'female': 290, 'male': 248, 'humans': 245, 'article': 234, 'adult': 209, 'middle aged': 130, 'controlled study': 128, 'aged': 105, 'major clinical study': 102, 'italy': 91, 'treatment outcome': 70, 'retrospective study': 55, 'pregnancy': 52, 'metabolism': 45, 'clinical article': 43, 'follow up': 43, 'genetics': 42, 'human cell': 40, 'cohort analysis': 40, 'risk factor': 37, 'unclassified drug': 35, 'retrospective studies': 35, 'pathology': 33, 'pandemic': 32, 'human immunodeficiency virus infection': 32, 'questionnaire': 31, 'anxiety': 30, 'coronavirus disease 2019': 30, 'nonhuman': 30}"
87,60105230.0,"{'male': 128, 'female': 125, 'article': 113, 'human': 110, 'controlled study': 81, 'humans': 81, 'adult': 74, 'middle aged': 54, 'animals': 51, 'metabolism': 50, 'animal': 49, 'aged': 41, 'nonhuman': 40, 'major clinical study': 32, 'genetics': 29, 'mouse': 28, 'animal experiment': 26, 'priority journal': 25, 'italy': 25, 'unclassified drug': 25, 'human cell': 25, 'physiology': 24, 'mice': 23, 'parkinson disease': 23, 'animal model': 22, 'chemistry': 22, 'oxidative stress': 22, 'protein expression': 22, 'animal tissue': 21, 'signal transduction': 21}"
88,60027791.0,"{'application method': 1, 'archaeological artefacts': 1, 'deteriorated structures': 1, 'microclimatic conditions': 1, 'porosity variations': 1, 'suspension concentrations': 1, 'unsolved problems': 1, 'calcium carbonate': 1, 'suspensions (fluids)': 1}"
89,60009340.0,{}
