,affID,authors_keywords
0,60028218.0,"{'italy': 707, 'galaxies: active': 674, 'galaxies: evolution': 482, 'hadron-hadron scattering (experiments)': 460, 'covid-19': 445, 'hadron-hadron scattering': 351, 'x-rays: galaxies': 331, 'immunohistochemistry': 321, 'galaxies: clusters: general': 316, 'epidemiology': 287, 'apoptosis': 278, 'depression': 277, 'prognosis': 265, 'cms': 261, 'aging': 244, 'children': 238, 'hepatocellular carcinoma': 235, 'radio continuum: galaxies': 235, 'cosmology: observations': 232, 'galaxies: high-redshift': 228, 'diagnosis': 224, 'inflammation': 220, 'large-scale structure of universe': 213, 'dog': 210, 'cancer': 199, 'ultrasound': 195, 'quality of life': 192, 'galaxies: nuclei': 191, 'physics': 191, 'oxidative stress': 190}"
1,60032350.0,"{'italy': 944, 'covid-19': 842, 'children': 629, 'multiple sclerosis': 482, 'apoptosis': 445, 'hadron-hadron scattering (experiments)': 432, 'inflammation': 397, 'oxidative stress': 392, 'depression': 385, 'obesity': 362, 'prognosis': 354, 'quality of life': 350, 'magnetic resonance imaging': 347, 'aging': 345, 'hadron-hadron scattering': 341, 'cancer': 324, 'surgery': 323, 'breast cancer': 320, 'hypertension': 312, 'epidemiology': 307, 'sars-cov-2': 290, 'stroke': 283, 'pregnancy': 280, 'mri': 271, ""parkinson's disease"": 269, 'risk factors': 269, 'elderly': 257, ""alzheimer's disease"": 256, 'cms': 250, 'anxiety': 245}"
2,60030318.0,"{'covid-19': 921, 'italy': 669, 'children': 551, 'inflammation': 541, 'breast cancer': 519, 'epidemiology': 496, 'risk factors': 483, 'mortality': 409, 'obesity': 397, 'prognosis': 396, 'sars-cov-2': 392, 'hypertension': 387, 'cancer': 371, 'oxidative stress': 348, 'pregnancy': 332, 'multiple sclerosis': 318, 'magnetic resonance imaging': 312, 'diet': 307, 'dog': 305, 'aging': 301, 'atherosclerosis': 281, 'quality of life': 278, 'apoptosis': 278, 'immunohistochemistry': 274, ""alzheimer's disease"": 273, 'cytokines': 273, 'surgery': 272, 'hiv': 271, 'heart failure': 259, 'biomarkers': 251}"
3,60017293.0,"{'italy': 511, 'covid-19': 469, 'inflammation': 369, 'hadron-hadron scattering (experiments)': 340, 'obesity': 338, 'apoptosis': 337, 'children': 327, 'oxidative stress': 296, 'breast cancer': 294, 'hypertension': 276, 'cms': 251, 'prognosis': 246, 'multiple sclerosis': 242, 'hadron-hadron scattering': 239, 'nmr': 231, 'cancer': 218, 'epidemiology': 217, 'magnetic resonance imaging': 213, 'heart failure': 207, 'immunohistochemistry': 203, 'quality of life': 202, 'polyphenols': 195, 'mass spectrometry': 195, 'physics': 192, 'sars-cov-2': 188, 'nitric oxide': 177, 'antioxidants': 170, 'elderly': 168, 'southern italy': 166, 'nmr spectroscopy': 162}"
4,60000481.0,"{'covid-19': 576, 'italy': 559, 'children': 481, 'galaxies: evolution': 407, 'epidemiology': 377, 'mitochondria': 360, 'prognosis': 344, 'hypertension': 333, 'hadron-hadron scattering (experiments)': 320, 'apoptosis': 273, 'inflammation': 270, 'aging': 264, 'galaxies: active': 260, 'cms': 257, 'obesity': 248, 'elderly': 239, 'quality of life': 234, 'oxidative stress': 234, 'hadron-hadron scattering': 219, 'depression': 217, 'cancer': 213, 'sars-cov-2': 212, 'survival': 204, 'diagnosis': 204, 'mortality': 202, 'diabetes': 199, 'cosmology: observations': 198, 'physics': 192, 'galaxies: formation': 191, 'galaxies: clusters: general': 186}"
5,60028868.0,"{'italy': 587, 'hadron-hadron scattering (experiments)': 459, 'hadron-hadron scattering': 332, 'oxidative stress': 271, 'covid-19': 249, 'cms': 248, 'dog': 231, 'tuscany': 201, 'physics': 191, 'hypertension': 187, 'beyond standard model': 177, 'inflammation': 176, 'prognosis': 165, 'type 2 diabetes': 159, 'children': 148, 'depression': 148, 'essential oil': 147, 'obesity': 145, 'breast cancer': 143, ""parkinson's disease"": 140, 'immunohistochemistry': 138, 'bipolar disorder': 137, 'b physics': 135, 'crystal structure': 133, 'pharmacokinetics': 131, 'diabetes': 130, 'apoptosis': 129, 'biomarkers': 125, 'ultrasound': 124, 'mediterranean sea': 123}"
6,60012259.0,"{'italy': 624, 'covid-19': 407, 'prognosis': 352, 'breast cancer': 329, 'epidemiology': 316, 'cms': 252, 'children': 244, 'survival': 227, 'immunohistochemistry': 222, 'quality of life': 219, 'hadron-hadron scattering (experiments)': 215, 'cancer': 207, 'apoptosis': 204, 'inflammation': 197, 'chemotherapy': 195, 'pregnancy': 194, 'oxidative stress': 193, 'obesity': 190, 'physics': 190, 'prostate cancer': 188, 'mortality': 185, 'diagnosis': 179, 'depression': 176, 'surgery': 173, 'risk factors': 171, 'taxonomy': 169, 'radiotherapy': 162, 'magnetic resonance imaging': 156, 'ultrasound': 153, 'dog': 153}"
7,60023256.0,"{'optimization': 220, 'simulation': 188, 'italy': 182, 'computational fluid dynamics': 177, 'machine learning': 174, 'masonry': 150, 'additive manufacturing': 148, 'mechanical properties': 146, 'finite element method': 145, 'uncertainty': 144, 'finite elements': 133, 'sustainability': 132, 'energy efficiency': 129, 'fatigue': 125, 'rehabilitation': 121, 'cfd': 115, 'modeling': 111, 'climate change': 109, 'deep learning': 108, 'microstructure': 108, 'corrosion': 108, 'concrete': 107, 'stability': 106, 'innovation': 104, 'heart rate variability': 99, 'sensitivity analysis': 96, 'optimal control': 93, 'neural networks': 91, 'gait analysis': 90, 'covid-19': 89}"
8,60021859.0,"{'carbonic anhydrase': 787, 'italy': 685, 'covid-19': 326, 'children': 264, 'cms': 251, 'prognosis': 242, 'hadron-hadron scattering (experiments)': 241, 'multiple sclerosis': 236, 'sulfonamide': 232, 'hadron-hadron scattering': 218, 'epidemiology': 206, 'breast cancer': 200, 'inflammation': 198, 'systemic sclerosis': 196, 'physics': 191, 'elderly': 187, ""alzheimer's disease"": 180, 'aging': 178, 'immunohistochemistry': 178, 'quality of life': 170, 'cancer': 170, 'melanoma': 168, 'taxonomy': 166, 'oxidative stress': 159, 'apoptosis': 155, 'mortality': 153, 'conservation': 147, 'nmr': 146, 'climate change': 145, 'crystal structure': 143}"
9,60025153.0,"{'hadron-hadron scattering (experiments)': 458, 'covid-19': 343, 'multiple sclerosis': 314, 'italy': 311, 'hadron-hadron scattering': 296, 'mediterranean sea': 210, 'cms': 201, 'inflammation': 188, 'epilepsy': 175, 'children': 172, ""alzheimer's disease"": 168, 'magnetic resonance imaging': 164, 'breast cancer': 159, 'physics': 155, 'apoptosis': 155, 'asthma': 149, 'b physics': 135, 'ultrasound': 133, 'beyond standard model': 131, 'juvenile idiopathic arthritis': 129, 'quality of life': 129, 'optimization': 127, 'sars-cov-2': 122, 'systemic sclerosis': 121, 'oxidative stress': 116, 'mri': 110, 'cancer': 109, 'obesity': 108, 'epidemiology': 107, 'diagnosis': 106}"
10,60027509.0,"{'apoptosis': 360, 'covid-19': 300, 'hadron-hadron scattering (experiments)': 249, 'italy': 230, 'hadron-hadron scattering': 203, 'multiple sclerosis': 185, ""alzheimer's disease"": 185, ""parkinson's disease"": 182, 'inflammation': 179, 'oxidative stress': 164, 'galaxies: active': 161, 'cosmic rays': 157, 'obesity': 156, 'sars-cov-2': 151, 'aging': 148, 'psoriasis': 143, 'hiv': 142, 'children': 138, 'methods: data analysis': 136, 'cosmology: observations': 133, 'rehabilitation': 124, 'b physics': 123, 'quality of life': 121, 'cancer': 120, 'depression': 119, 'galaxies: clusters: general': 115, 'cosmic background radiation': 114, 'striatum': 112, 'atherosclerosis': 109, 'diabetes': 107}"
11,60012306.0,"{'covid-19': 364, 'hadron-hadron scattering (experiments)': 319, 'hypertension': 288, 'italy': 264, 'cms': 245, 'hadron-hadron scattering': 232, 'physics': 189, 'children': 177, 'mortality': 165, 'blood pressure': 158, 'b physics': 129, 'heart failure': 123, 'galaxies: evolution': 117, 'epidemiology': 114, 'ads-cft correspondence': 112, 'risk factors': 108, 'stroke': 103, 'inflammation': 103, 'prognosis': 101, 'qcd': 100, 'cancer': 99, 'depression': 98, 'supersymmetric gauge theory': 95, 'sars-cov-2': 92, 'beyond standard model': 92, 'black hole physics': 91, ""alzheimer's disease"": 89, 'obesity': 88, 'survival': 84, 'ovarian cancer': 82}"
12,60012162.0,"{'mechanical properties': 184, 'machine learning': 152, 'additive manufacturing': 151, 'optimization': 150, 'finite element method': 122, 'modeling': 118, 'simulation': 114, 'carrera unified formulation': 110, 'microstructure': 105, 'sustainability': 101, 'stability': 100, 'uncertainty': 99, 'cfd': 91, 'nanoparticles': 91, 'computational fluid dynamics': 90, 'nanocomposites': 90, 'energy efficiency': 88, 'electromyography': 88, 'kinetic theory': 87, 'biogas': 84, 'italy': 82, 'modelling': 81, 'deep learning': 77, 'composites': 76, 'photopolymerization': 74, 'reliability': 69, 'fatigue': 68, '3d printing': 67, 'monitoring': 65, 'scaffold': 62}"
13,60015986.0,"{'hadron-hadron scattering (experiments)': 284, 'cms': 187, 'remote sensing': 174, 'physics': 149, 'italy': 146, 'mechanical properties': 137, 'hadron-hadron scattering': 137, 'covid-19': 111, 'fmri': 101, 'beyond standard model': 87, 'machine learning': 83, 'deep learning': 72, 'gravitational waves': 72, 'higgs physics': 70, 'attention': 66, 'supersymmetry': 61, 'x-ray diffraction': 58, 'classification': 57, 'nanocomposites': 57, 'eeg': 55, 'microstructure': 52, 'climate change': 52, 'top physics': 52, 'raman spectroscopy': 51, 'thin films': 49, 'comets: individual: 67p/churyumov-gerasimenko': 49, 'simulation': 48, 'ecosystem services': 47, 'gender': 46, 'sustainability': 45}"
14,60015197.0,"{'hadron-hadron scattering (experiments)': 369, 'covid-19': 341, 'children': 296, 'cms': 254, 'hadron-hadron scattering': 251, 'italy': 218, 'physics': 190, 'epilepsy': 150, 'aging': 144, 'hypertension': 140, 'sars-cov-2': 133, 'epidemiology': 131, 'migraine': 130, 'genetics': 130, 'obesity': 127, 'asthma': 124, 'multiple sclerosis': 124, 'inflammation': 122, 'prognosis': 121, 'isogeometric analysis': 120, 'beyond standard model': 118, 'apoptosis': 117, 'cerebellum': 108, ""alzheimer's disease"": 105, 'ultrasound': 104, 'oxidative stress': 103, 'rehabilitation': 101, 'cancer': 99, 'quality of life': 99, 'higgs physics': 95}"
15,60031984.0,"{'covid-19': 338, 'personalized medicine': 243, 'prognosis': 226, 'children': 212, 'quality of life': 205, 'inflammation': 195, 'elderly': 193, 'pregnancy': 186, 'ovarian cancer': 173, 'radiotherapy': 164, 'surgery': 163, 'epidemiology': 159, 'mortality': 148, 'depression': 146, 'ultrasound': 143, 'laparoscopy': 141, 'diagnosis': 139, 'italy': 133, ""alzheimer's disease"": 130, 'sars-cov-2': 129, 'magnetic resonance imaging': 129, 'hiv': 128, 'obesity': 127, 'survival': 123, 'chemotherapy': 121, 'ultrasonography': 120, 'aging': 119, 'risk factors': 115, 'multiple sclerosis': 111, 'cancer': 110}"
16,60010146.0,"{'sicily': 316, 'cms': 246, 'italy': 228, 'hadron-hadron scattering (experiments)': 218, 'multiple sclerosis': 207, 'covid-19': 202, 'physics': 189, 'oxidative stress': 184, 'inflammation': 175, 'taxonomy': 174, 'apoptosis': 164, 'hadron-hadron scattering': 140, 'quality of life': 135, 'children': 125, 'immunohistochemistry': 116, 'epidemiology': 112, 'mediterranean sea': 107, 'diabetes': 105, 'cancer': 100, 'rat': 99, 'nitric oxide': 98, 'aging': 95, ""alzheimer's disease"": 93, 'beyond standard model': 88, 'depression': 85, 'prognosis': 83, 'diagnosis': 83, 'nanoparticles': 82, 'copper': 82, 'elderly': 81}"
17,60022778.0,"{'italy': 361, 'hadron-hadron scattering (experiments)': 319, 'covid-19': 272, 'mitochondria': 270, 'cms': 258, 'multiple sclerosis': 235, 'hadron-hadron scattering': 232, 'epidemiology': 210, 'physics': 190, 'dog': 172, 'children': 157, 'mediterranean sea': 139, ""alzheimer's disease"": 138, 'apoptosis': 130, 'b physics': 129, 'prognosis': 125, 'diagnosis': 125, 'sars-cov-2': 124, 'oxidative stress': 124, 'obesity': 121, 'multiple disabilities': 112, 'inflammation': 106, 'southern italy': 105, 'quality of life': 104, 'angiogenesis': 103, 'dogs': 100, 'machine learning': 100, 'beyond standard model': 97, 'lactic acid bacteria': 96, 'pregnancy': 94}"
18,60003003.0,"{'italy': 299, 'cms': 248, 'hadron-hadron scattering (experiments)': 215, 'physics': 189, 'inflammation': 182, 'covid-19': 164, ""alzheimer's disease"": 158, 'stroke': 149, 'galaxies: active': 140, 'hadron-hadron scattering': 139, 'apoptosis': 126, 'prognosis': 126, 'oxidative stress': 115, 'hypertension': 114, 'epidemiology': 109, 'immunohistochemistry': 108, 'dog': 106, 'mortality': 102, 'dementia': 100, 'risk factors': 100, 'diagnosis': 100, 'children': 100, 'mechanical properties': 99, 'surgery': 98, 'cancer': 94, 'horse': 93, 'breast cancer': 91, 'beyond standard model': 88, 'elderly': 86, 'quality of life': 83}"
19,60020261.0,"{'italy': 154, 'hadron-hadron scattering (experiments)': 124, 'hadron-hadron scattering': 110, 'breast cancer': 107, 'turbulence': 104, 'calabria': 102, 'antioxidant activity': 88, 'liquid crystals': 81, 'solar wind': 79, 'answer set programming': 77, 'nitric oxide': 75, 'apoptosis': 72, 'antioxidant': 71, 'simulation': 71, 'palladium': 70, 'mitochondria': 66, 'southern italy': 65, 'membrane reactor': 62, 'density functional theory': 61, 'rheology': 60, 'dft': 54, 'hydrogen production': 53, 'modeling': 52, 'membrane': 52, 'aging': 51, 'covid-19': 50, 'carbonylation': 50, 'graphene': 49, 'transport': 48, 'machine learning': 47}"
20,60017697.0,"{'sicily': 409, 'italy': 295, 'covid-19': 218, 'inflammation': 191, 'mediterranean sea': 187, 'epidemiology': 173, 'apoptosis': 159, 'obesity': 148, 'taxonomy': 143, 'breast cancer': 141, 'x-rays: stars': 138, 'children': 131, 'stars: neutron': 126, 'hepatocellular carcinoma': 126, 'oxidative stress': 124, 'x-rays: binaries': 123, 'mediterranean': 122, 'hypertension': 117, 'elderly': 116, 'magnetic resonance imaging': 107, 'photocatalysis': 102, 'prognosis': 101, 'risk factors': 101, 'asthma': 98, 'labiatae': 98, 'quality of life': 96, 'mechanical properties': 96, 'multiple sclerosis': 93, 'essential oil': 92, 'cancer': 91}"
21,60004591.0,"{'covid-19': 263, 'italy': 176, 'rat': 152, 'hiv': 141, 'apoptosis': 132, 'prognosis': 132, 'b physics': 117, 'immunohistochemistry': 113, 'inflammation': 107, 'atrial fibrillation': 105, 'hadron-hadron scattering (experiments)': 104, 'epidemiology': 101, 'hadron-hadron scattering': 94, 'obesity': 93, 'melanoma': 91, 'survival': 90, 'children': 89, 'microstructure': 89, 'aging': 86, 'nanoparticles': 86, 'pregnancy': 84, 'cancer': 83, 'sars-cov-2': 81, 'glycosaminoglycans': 81, 'flavor physics': 80, 'depression': 79, 'mechanical properties': 78, 'breast cancer': 78, 'dopamine': 77, 'stress': 76}"
22,60032259.0,"{'sardinia': 412, 'dopamine': 285, 'italy': 208, 'multiple sclerosis': 172, 'rat': 156, 'microdialysis': 155, 'covid-19': 138, 'quality of life': 130, 'depression': 120, 'epidemiology': 118, 'b physics': 117, 'schizophrenia': 110, 'hadron-hadron scattering (experiments)': 107, 'stars: neutron': 106, 'hadron-hadron scattering': 100, 'mediterranean sea': 99, 'metabolomics': 97, ""parkinson's disease"": 95, 'x-rays: binaries': 95, 'immunohistochemistry': 85, 'essential oil': 82, 'bipolar disorder': 82, 'flavor physics': 79, 'nucleus accumbens': 78, 'ethanol': 76, 'aging': 75, 'penile erection': 72, 'oxytocin': 72, 'oxidative stress': 68, 'machine learning': 66}"
23,60004969.0,"{'italy': 223, 'covid-19': 171, 'crystal structure': 138, 'children': 116, 'epidemiology': 95, 'inflammation': 93, 'oxidative stress': 88, 'palladium': 83, 'dog': 79, 'calixarenes': 76, 'obesity': 75, 'computed tomography': 74, 'aging': 72, 'apoptosis': 72, 'asthma': 71, 'prognosis': 70, 'sars-cov-2': 69, 'fluorescence': 68, 'depression': 66, 'immunohistochemistry': 63, 'sleep': 62, 'cyclic alternating pattern': 59, 'multiple sclerosis': 58, 'sustainability': 58, 'schizophrenia': 58, 'diagnosis': 58, 'elderly': 57, 'mortality': 54, 'immunotherapy': 54, 'nitric oxide': 54}"
24,60007061.0,"{'covid-19': 162, 'machine learning': 95, 'antioxidant activity': 91, 'apoptosis': 89, ""parkinson's disease"": 87, 'inflammation': 86, 'nmr': 86, 'flavonoids': 83, 'sustainability': 81, 'gravitational lensing: micro': 77, 'sars-cov-2': 75, 'oxidative stress': 73, 'modeling': 67, 'optimization': 67, 'italy': 65, 'obesity': 65, 'gravitational waves': 64, 'mechanical properties': 64, 'essential oil': 60, 'photocatalysis': 58, 'supercritical fluids': 54, 'nanocomposites': 53, 'breast cancer': 53, 'fem': 52, 'polyphenols': 51, 'children': 51, 'antimicrobial activity': 51, 'planetary systems': 51, 'cancer': 49, 'modelling': 49}"
25,60002838.0,"{'italy': 354, 'hadron-hadron scattering (experiments)': 246, 'oxidative stress': 208, 'multiple sclerosis': 167, 'apoptosis': 153, 'covid-19': 148, 'hadron-hadron scattering': 138, 'cms': 113, 'inflammation': 110, 'prognosis': 107, 'pain': 105, 'antarctica': 105, 'tuscany': 93, 'biomarkers': 91, 'gastric cancer': 89, 'beyond standard model': 88, 'physics': 87, 'osteoporosis': 85, 'pregnancy': 84, 'electrochemistry': 79, 'ultrastructure': 79, 'tem': 77, 'heart failure': 76, 'cancer': 75, 'cytokines': 73, 'sars-cov-2': 72, 'echocardiography': 72, 'mri': 69, 'epidemiology': 69, 'epilepsy': 69}"
26,60032256.0,"{'covid-19': 257, 'children': 244, 'prognosis': 179, 'epidemiology': 171, 'asthma': 167, 'italy': 151, 'obesity': 142, 'inflammation': 136, 'schizophrenia': 130, 'pancreatic cancer': 127, 'immunohistochemistry': 126, 'quality of life': 125, 'diagnosis': 122, 'magnetic resonance imaging': 121, 'rehabilitation': 120, 'risk factors': 112, 'multiple sclerosis': 106, 'pancreas': 105, 'osteoporosis': 102, 'surgery': 101, 'mortality': 99, 'cancer': 97, 'sars-cov-2': 93, 'aging': 91, 'coronary artery disease': 84, 'stroke': 82, 'hypertension': 81, 'mri': 80, 'psoriasis': 80, 'heart failure': 80}"
27,60018363.0,"{'cms': 243, 'hadron-hadron scattering (experiments)': 215, 'galaxies: clusters: general': 200, 'physics': 189, 'galaxies: evolution': 189, 'italy': 178, 'covid-19': 163, 'cosmology: observations': 163, 'hadron-hadron scattering': 138, 'methods: numerical': 117, 'heart failure': 109, 'large-scale structure of universe': 109, 'prognosis': 108, 'crystal structure': 101, 'children': 99, 'inflammation': 93, 'beyond standard model': 93, 'galaxies: active': 90, 'galaxies: formation': 89, 'cosmic background radiation': 88, 'dark matter': 84, 'sars-cov-2': 82, 'self-assembly': 81, 'apoptosis': 81, 'cosmology: theory': 79, 'carbon nanotubes': 73, 'breast cancer': 72, 'higgs physics': 72, 'supersymmetry': 72, 'cancer': 71}"
28,60012630.0,"{'galaxies: active': 271, 'italy': 236, 'x-rays: galaxies': 214, 'galaxies: seyfert': 179, 'hadron-hadron scattering (experiments)': 144, 'hadron-hadron scattering': 106, 'central italy': 83, 'large-scale structure of universe': 83, 'cosmology: observations': 81, 'galaxies: nuclei': 67, 'beyond standard model': 63, 'taxonomy': 56, 'masonry': 53, 'surveys': 50, 'covid-19': 47, 'sustainability': 47, 'quasars: general': 45, 'subduction': 45, 'galaxies: evolution': 44, 'raman spectroscopy': 43, 'geometric morphometrics': 43, 'mediterranean': 43, 'rome': 42, 'black hole physics': 42, 'kinetics': 42, 'economic growth': 42, 'conservation': 41, 'higgs physics': 41, 'innovation': 39, 'metamaterials': 39}"
29,60024690.0,"{'italy': 218, 'inflammation': 193, 'apoptosis': 149, 'covid-19': 144, 'multiple sclerosis': 138, 'epidemiology': 124, 'b physics': 116, 'cosmology: observations': 112, 'hadron-hadron scattering (experiments)': 104, 'cancer': 98, 'mortality': 96, 'cosmic background radiation': 96, 'hadron-hadron scattering': 94, 'oxidative stress': 90, 'prognosis': 89, 'nociceptin/orphanin fq': 82, 'flavor physics': 78, 'gene expression': 77, 'elderly': 76, 'asthma': 74, 'gamma rays: bursts': 74, 'branching fraction': 71, 'methods: data analysis': 64, 'breast cancer': 63, 'aging': 62, 'galaxies: clusters: general': 62, 'depression': 61, 'microdialysis': 60, 'pregnancy': 58, 'heart failure': 57}"
30,60011576.0,"{'inflammation': 314, 'oxidative stress': 295, 'apoptosis': 171, 'children': 161, 'covid-19': 152, 'cytokines': 143, 'italy': 127, 'immunohistochemistry': 125, 'sicily': 117, 'horse': 103, 'nitric oxide': 94, 'dog': 92, 'antioxidant activity': 90, 'quality of life': 90, 'variational methods': 88, 'prognosis': 86, 'epidemiology': 85, 'depression': 83, 'mediterranean sea': 83, 'cancer': 81, 'magnetic resonance imaging': 81, ""parkinson's disease"": 80, 'breast cancer': 79, 'pregnancy': 78, 'polyphenols': 78, 'computed tomography': 71, 'anxiety': 70, 'epilepsy': 67, 'flavonoids': 67, 'prime ring': 67}"
31,60025965.0,"{'hadron-hadron scattering (experiments)': 144, 'italy': 141, 'covid-19': 124, 'hadron-hadron scattering': 109, 'breast cancer': 96, 'galaxies: active': 83, 'magnetic resonance imaging': 78, 'liver transplantation': 68, 'gamma rays: galaxies': 64, 'radiation mechanisms: non-thermal': 56, 'gamma rays: general': 54, 'gamma rays: observations': 51, 'epidemiology': 50, 'oxidative stress': 50, 'ceria': 48, 'apoptosis': 48, 'gene expression': 46, 'periodic solutions': 45, 'grapevine': 44, 'prognosis': 44, 'risk factors': 44, 'vitis vinifera': 43, 'inverse problems': 43, 'machine learning': 42, 'children': 42, 'ultrasound': 41, 'modeling': 40, 'galaxies: jets': 39, 'mitochondria': 38, 'obesity': 38}"
32,60015300.0,"{'covid-19': 263, 'heart failure': 251, 'prognosis': 189, 'hypertension': 136, 'hiv': 132, 'radiotherapy': 115, ""alzheimer's disease"": 110, 'mortality': 105, 'sars-cov-2': 101, 'inflammation': 100, 'frontotemporal dementia': 98, 'epidemiology': 95, 'biomarkers': 92, 'angiogenesis': 92, 'elderly': 87, 'acute heart failure': 87, 'stroke': 85, 'italy': 82, 'diagnosis': 81, 'schizophrenia': 78, 'echocardiography': 76, 'surgery': 75, 'children': 73, 'survival': 71, 'apoptosis': 70, 'risk factors': 69, 'immunohistochemistry': 69, 'pregnancy': 68, 'rehabilitation': 66, 'chemotherapy': 65}"
33,60031624.0,"{'italy': 164, 'oxidative stress': 164, 'covid-19': 140, 'mediterranean sea': 137, 'rheumatoid arthritis': 131, 'immunohistochemistry': 127, 'apoptosis': 111, 'prognosis': 110, 'ultrasound': 106, 'inflammation': 102, 'prostate cancer': 98, 'biomarkers': 92, 'obesity': 80, 'pregnancy': 74, 'biodiversity': 74, 'antioxidants': 74, 'adriatic sea': 73, 'ultrasonography': 72, 'sustainability': 70, 'phytosociology': 68, 'epidemiology': 65, 'hypertension': 61, 'aging': 61, 'machine learning': 60, 'psoriasis': 60, 'prostate': 57, 'stroke': 57, 'climate change': 57, 'microstructure': 56, 'breast cancer': 55}"
34,60013494.0,"{'venice lagoon': 110, 'climate change': 93, 'italy': 92, 'palladium': 67, 'sustainability': 50, 'heavy metals': 50, 'nanoparticles': 48, 'venice': 45, 'antarctica': 42, 'covid-19': 41, 'oxidation': 40, 'china': 39, 'voltammetry': 37, 'anaerobic digestion': 37, 'lagoon of venice': 35, 'platinum': 35, 'ruthenium': 35, 'green chemistry': 35, 'photoluminescence': 34, 'hydrogen peroxide': 32, 'adriatic sea': 32, 'copper': 32, 'innovation': 31, 'hydroformylation': 31, 'risk assessment': 31, 'hydrogenation': 31, 'mediterranean sea': 30, 'migration': 24, 'ethnobotany': 24, 'machine learning': 24}"
35,60024353.0,"{'mediterranean sea': 148, 'hadron-hadron scattering (experiments)': 144, 'hadron-hadron scattering': 108, 'italy': 96, 'mechanical properties': 76, 'ads-cft correspondence': 60, 'covid-19': 59, 'climate change': 55, 'biodiversity': 54, 'electrodeposition': 54, 'apoptosis': 52, 'mitochondria': 46, 'sustainability': 45, 'thin films': 45, 'cosmic rays': 45, 'copula': 43, 'beyond standard model': 38, 'nanocomposites': 37, 'nanoparticles': 36, 'laser ablation': 35, 'mediterranean': 35, 'atlas': 35, 'cisplatin': 33, 'electrospinning': 32, 'cardanol': 32, 'higgs physics': 32, 'apulia': 32, 'pulsed laser deposition': 32, 'sensors': 31, 'machine learning': 30}"
36,60018783.0,"{'schizophrenia': 116, 'covid-19': 114, 'italy': 109, 'apoptosis': 92, 'oxidative stress': 80, 'earthquake': 70, 'taxonomy': 69, 'hypertension': 69, 'children': 68, 'depression': 60, 'quality of life': 60, 'inflammation': 57, 'molecular dynamics': 52, 'stability': 52, 'epidemiology': 51, 'obesity': 51, 'aging': 50, 'mri': 50, 'radiotherapy': 50, 'prostate cancer': 49, 'palladium': 47, 'migraine': 46, 'melanoma': 45, 'stroke': 45, 'immunotherapy': 44, 'breast cancer': 44, 'cosmic rays': 43, 'infrared thermography': 42, 'cancer': 41, 'optimization': 41}"
37,60030674.0,"{'hadron-hadron scattering (experiments)': 321, 'cms': 243, 'hadron-hadron scattering': 218, 'physics': 190, 'galaxies: high-redshift': 163, 'beyond standard model': 135, 'b physics': 127, 'galaxies: evolution': 108, 'cosmology: theory': 84, 'higgs physics': 84, 'intergalactic medium': 82, 'flavor physics': 79, 'supersymmetry': 70, 'galaxies: ism': 70, 'qcd': 69, 'cp violation': 62, 'early universe': 61, 'dark ages, reionization, first stars': 61, 'galaxies: active': 60, 'branching fraction': 60, 'galaxies: formation': 59, 'top physics': 56, 'social movements': 55, 'italy': 53, 'methods: numerical': 53, 'supernovae: general': 47, 'reionization': 46, 'cosmology: observations': 45, 'particle and resonance production': 44, 'dark matter': 43}"
38,60012227.0,"{'galaxies: active': 211, 'cosmology: observations': 170, 'galaxies: evolution': 163, 'dark matter': 157, 'cosmology: theory': 147, 'large-scale structure of universe': 145, 'galaxies: formation': 127, 'cosmic background radiation': 127, 'galaxies: clusters: general': 116, 'methods: numerical': 101, 'beyond standard model': 100, 'methods: data analysis': 99, 'x-rays: galaxies': 96, 'infrared: galaxies': 89, 'ads-cft correspondence': 87, 'molecular dynamics': 83, 'galaxies: high-redshift': 80, 'galaxies: nuclei': 77, 'black hole physics': 76, 'conformal field theory': 74, 'hadron-hadron scattering': 73, 'radio continuum: galaxies': 71, 'cosmic microwave background': 69, 'quasars: general': 67, 'surveys': 66, 'supersymmetric gauge theory': 64, 'hydrodynamics': 59, 'galaxies: jets': 58, 'polarization': 56, 'black holes': 55}"
39,60026777.0,"{'covid-19': 322, 'children': 252, 'multiple sclerosis': 189, 'italy': 178, 'apoptosis': 177, 'obesity': 157, 'inflammation': 143, 'schizophrenia': 135, 'sars-cov-2': 128, 'heart failure': 122, 'oxidative stress': 122, 'quality of life': 121, 'magnetic resonance imaging': 121, 'breast cancer': 119, 'cancer': 113, 'prognosis': 112, 'depression': 112, 'echocardiography': 102, 'mri': 88, 'hypertension': 87, 'asthma': 86, 'elderly': 86, 'immunohistochemistry': 85, 'colorectal cancer': 85, 'dermoscopy': 84, 'pain': 82, 'atrial fibrillation': 82, 'systemic sclerosis': 82, 'type 2 diabetes': 82, 'surgery': 80}"
40,60009914.0,"{'italy': 53, 'industry 4.0': 47, 'copula': 40, 'climate change': 37, 'sustainability': 36, 'covid-19': 34, 'biomass': 31, 'innovation': 31, 'family business': 30, 'lactic acid bacteria': 29, 'machine learning': 26, 'biodiversity': 25, 'family firms': 24, 'fermentation': 20, 'gasification': 20, 'south tyrol': 19, 'systematic literature review': 19, 'energy efficiency': 19, 'cluster analysis': 19, 'children': 17, 'performance': 17, 'description logics': 16, 'remote sensing': 16, 'sourdough': 16, 'cfd': 16, 'gears': 16, 'tail dependence': 16, 'recommender systems': 15, 'data envelopment analysis': 15, 'case study': 15}"
41,60010110.0,"{'sardinia': 343, 'italy': 229, 'sheep': 141, 'covid-19': 130, 'multiple sclerosis': 120, 'epidemiology': 98, 'mediterranean sea': 92, 'oxidative stress': 90, 'hiv': 79, 'biodiversity': 72, 'tuberculosis': 65, 'sars-cov-2': 62, 'dopamine': 59, 'taxonomy': 58, 'mediterranean': 50, 'climate change': 49, 'milk': 49, 'breast cancer': 49, 'hypertension': 46, 'gene expression': 45, 'inflammation': 44, 'phylogeny': 43, 'goat': 43, 'rat': 43, 'mortality': 42, 'capillary electrophoresis': 42, 'risk factors': 40, 'cancer': 39, 'hepatocellular carcinoma': 39, 'conservation': 38}"
42,60024316.0,"{'european union': 87, 'italy': 72, 'migration': 54, 'europe': 45, 'citizenship': 40, 'democracy': 35, 'covid-19': 34, 'gender': 33, 'regulation': 33, 'germany': 31, 'political parties': 28, 'nationalism': 26, 'european integration': 25, 'education': 23, 'social movements': 23, 'immigration': 23, 'populism': 22, 'human rights': 22, 'cointegration': 22, 'spain': 21, 'globalization': 21, 'eu': 21, 'china': 21, 'brexit': 20, 'european parliament': 19, 'forecasting': 19, 'legitimacy': 18, 'institutions': 17, 'business cycles': 17, 'france': 16}"
43,60003668.0,"{'cms': 246, 'physics': 189, 'hadron-hadron scattering (experiments)': 189, 'covid-19': 154, 'hadron-hadron scattering': 138, 'apoptosis': 85, 'prognosis': 78, 'beyond standard model': 78, 'inflammation': 76, 'multiple sclerosis': 72, 'italy': 71, 'supersymmetry': 64, 'survival': 62, 'sars-cov-2': 62, 'rehabilitation': 59, 'coronary artery disease': 58, 'oxidative stress': 57, 'meta-analysis': 55, 'mortality': 55, 'cancer': 55, 'higgs physics': 54, 'surgery': 52, 'epidemiology': 51, 'autophagy': 51, 'asbestos': 48, 'top physics': 47, 'radiotherapy': 46, 'breast cancer': 44, 'percutaneous coronary intervention': 43, 'primary angioplasty': 43}"
44,60032111.0,"{'b physics': 117, 'hadron-hadron scattering (experiments)': 104, 'apoptosis': 94, 'hadron-hadron scattering': 94, 'italy': 93, 'flavor physics': 78, 'gravitational waves': 73, 'oxidative stress': 66, 'branching fraction': 59, 'cytotoxicity': 52, 'covid-19': 49, 'cp violation': 47, 'benthic foraminifera': 43, 'melatonin': 43, 'rat': 42, 'inflammation': 40, 'mediterranean sea': 39, 'electron microscopy': 39, 'qcd': 39, 'hydrogen peroxide': 38, 'flow cytometry': 37, 'dna damage': 36, 'adriatic sea': 34, 'rare decay': 33, 'charm physics': 32, 'meiofauna': 32, 'ultrastructure': 32, 'breast cancer': 31, 'mitochondria': 31, 'essential oil composition': 30}"
45,60027299.0,"{'cms': 245, 'hadron-hadron scattering (experiments)': 224, 'physics': 189, 'hadron-hadron scattering': 146, 'beyond standard model': 85, 'adhesion': 82, 'supersymmetry': 67, 'optimization': 66, 'higgs physics': 66, 'top physics': 55, 'contact mechanics': 46, 'roughness': 46, 'galaxies: active': 45, 'simulation': 44, 'gamma rays: general': 43, 'integrated optics': 41, 'finite element analysis': 40, 'viscoelasticity': 38, 'sustainability': 37, 'jets': 36, 'modeling': 36, 'higgs': 36, 'friction': 35, 'variational methods': 35, 'stability': 33, 'gamma rays: galaxies': 33, 'uncertainty': 32, 'cosmic rays': 32, 'photogrammetry': 31, 'laser welding': 31}"
46,60026298.0,"{'essential oil': 124, 'italy': 96, 'rat': 80, 'oxidative stress': 58, 'apoptosis': 53, 'immunohistochemistry': 50, 'central italy': 50, 'nmr': 49, 'taxonomy': 48, 'cytotoxicity': 48, 'antioxidant': 46, 'malaria': 44, 'gravitational waves': 44, 'aging': 42, 'antioxidant activity': 42, 'dog': 40, 'polyphenols': 39, 'stress': 39, 'essential oils': 38, 'horse': 37, 'x-ray': 36, 'copper': 35, 'silver': 32, 'inflammation': 32, 'addiction': 30, 'covid-19': 29, 'gc-ms': 28, 'culex quinquefasciatus': 28, 'autoradiography': 28, 'climate change': 27}"
47,60050715.0,"{'italy': 132, 'taxonomy': 87, 'climate change': 71, 'wheat': 52, 'durum wheat': 47, 'apoptosis': 46, 'new species': 46, 'phylogeny': 44, 'eddy covariance': 44, 'chrysidoidea': 43, 'biodiversity': 43, 'sustainability': 43, 'photosynthesis': 42, 'mediterranean': 41, 'metabolomics': 41, 'biomass': 40, 'dryinidae': 40, 'antioxidant activity': 39, 'genetic diversity': 38, 'proteomics': 37, 'circular economy': 35, 'conservation': 35, 'polyphenols': 35, 'oxidative stress': 35, 'fish': 35, 'central italy': 34, 'populus': 34, 'remote sensing': 33, 'gene expression': 33, 'key': 32}"
48,60107210.0,"{'covid-19': 148, 'inflammatory bowel disease': 54, 'sars-cov-2': 50, 'surgery': 50, 'ulcerative colitis': 47, 'hepatocellular carcinoma': 47, 'inflammation': 42, ""crohn's disease"": 38, 'prostate cancer': 38, 'immunotherapy': 38, 'quality of life': 37, 'asthma': 31, 'prognosis': 30, 'mortality': 30, 'breast cancer': 27, 'sbrt': 26, 'radiotherapy': 25, 'colorectal cancer': 25, 'crohn’s disease': 24, 'diagnosis': 23, 'vmat': 23, 'cancer': 23, 'severe asthma': 22, 'percutaneous coronary intervention': 22, 'guidelines': 21, 'outcome': 21, 'biomarkers': 21, 'survival': 21, 'oligometastases': 21, 'biologics': 20}"
49,60020919.0,"{'hadron-hadron scattering (experiments)': 319, 'hadron-hadron scattering': 227, 'cms': 200, 'physics': 151, 'b physics': 128, 'italy': 98, 'beyond standard model': 89, 'southern italy': 79, 'flavor physics': 79, 'higgs physics': 67, 'supersymmetry': 64, 'branching fraction': 60, 'southern apennines': 59, 'qcd': 58, 'top physics': 56, 'orthogonal polynomials': 55, 'lagrange interpolation': 51, 'cp violation': 51, 'remote sensing': 50, 'antioxidant activity': 42, 'particle and resonance production': 42, 'circular dichroism': 39, 'saccharomyces cerevisiae': 37, 'charm physics': 34, 'sustainability': 33, 'gis': 33, 'wine': 33, 'rare decay': 32, 'basilicata': 31, 'climate change': 31}"
50,60001711.0,"{'ultrafine particles': 49, 'italy': 40, 'simulation': 38, 'homogenization': 38, 'energy efficiency': 37, 'finite element method': 35, 'anaerobic digestion': 32, 'tolerance analysis': 28, 'covid-19': 28, 'optimization': 27, 'design': 27, 'masonry': 27, 'hydrogen': 26, 'robotics': 25, 'damage': 25, 'eddy currents': 24, 'eddy current testing': 23, 'intellectual capital': 23, 'analytic hierarchy process': 21, 'parallel manipulators': 21, 'machine learning': 20, 'kinematics': 20, 'antenna arrays': 20, 'finite element analysis': 20, 'integral equations': 19, 'antenna measurements': 19, 'ahp': 18, 'numerical analysis': 18, 'physical activity': 18, 'massive mimo': 18}"
51,60022956.0,"{'covid-19': 116, 'atrial fibrillation': 105, 'italy': 96, 'shelf life': 88, 'prognosis': 86, 'oxidative stress': 73, 'catheter ablation': 67, 'inflammation': 59, 'obesity': 58, 'heart failure': 56, 'depression': 53, 'wine': 52, 'immunohistochemistry': 51, 'apoptosis': 50, 'cystic fibrosis': 48, 'stroke': 46, 'mitochondria': 46, 'sars-cov-2': 44, 'osteoporosis': 44, 'survival': 43, 'schizophrenia': 42, ""alzheimer's disease"": 42, 'children': 41, 'sustainability': 38, 'antioxidant activity': 38, 'lactobacillus plantarum': 38, 'magnetic resonance imaging': 36, 'risk factors': 36, 'epidemiology': 35, 'elderly': 35}"
52,60009622.0,"{'covid-19': 286, 'multiple sclerosis': 244, 'prostate cancer': 243, 'radical prostatectomy': 117, 'sars-cov-2': 110, 'inflammation': 109, 'mri': 106, 'bipolar disorder': 104, 'depression': 101, 'mortality': 100, 'survival': 95, 'prognosis': 94, 'schizophrenia': 83, 'magnetic resonance imaging': 82, 'bladder cancer': 80, 'surgery': 79, 'optical coherence tomography': 76, 'diagnosis': 75, 'erectile dysfunction': 72, 'quality of life': 70, 'cardiac surgery': 69, 'hiv': 68, 'genetics': 68, 'biomarkers': 62, 'renal cell carcinoma': 61, 'treatment': 61, 'fmri': 59, ""alzheimer's disease"": 56, 'anesthesia': 56, 'recurrence': 55}"
53,60005254.0,"{'italy': 73, 'covid-19': 53, 'sustainability': 34, 'discontinuous galerkin': 31, 'innovation': 29, 'entrepreneurial finance': 24, 'cmos': 24, 'higher education': 20, 'stochastic dominance': 20, 'corrosion': 20, 'crowdfunding': 19, 'micro-edm': 19, 'stochastic programming': 19, 'family business': 19, 'ipos': 18, 'sol-gel': 18, 'fatigue': 17, 'supply chain management': 16, 'virtual reality': 15, 'industry 4.0': 15, 'gender': 15, 'performance': 15, 'obesity': 15, 'additive manufacturing': 14, 'academic entrepreneurship': 14, 'panel data': 14, 'depression': 14, 'ethnography': 14, 'family firms': 14, 'cosmology: theory': 14}"
54,60069616.0,"{'covid-19': 160, 'italy': 106, 'epilepsy': 89, 'obesity': 89, 'inflammation': 83, 'children': 76, 'insulin resistance': 74, 'oxidative stress': 67, ""parkinson's disease"": 63, 'sars-cov-2': 58, 'multiple sclerosis': 58, 'atherosclerosis': 57, 'multiple myeloma': 52, 'type 2 diabetes': 51, 'apoptosis': 51, 'laparoscopy': 48, 'diabetes': 48, 'quality of life': 48, 'elderly': 47, 'genetics': 47, 'depression': 46, 'hypertension': 44, 'breast cancer': 44, 'rehabilitation': 42, 'pain': 41, 'metabolic syndrome': 40, 'biomarkers': 40, 'risk factors': 39, 'surgery': 39, 'bladder cancer': 38}"
55,60005308.0,"{'covid-19': 108, 'elderly': 75, 'quality of life': 72, 'breast cancer': 57, 'prognosis': 46, 'stroke': 46, ""alzheimer's disease"": 46, 'sars-cov-2': 44, 'inflammation': 44, 'epidemiology': 43, 'type 1 diabetes': 41, 'chemotherapy': 39, 'autism': 38, 'immunotherapy': 38, 'surgery': 37, 'comprehensive two-dimensional gas chromatography': 35, 'osteoporosis': 35, 'diabetes': 33, 'cancer': 33, 'radiotherapy': 31, 'colorectal cancer': 31, 'antioxidant activity': 30, 'obesity': 29, 'lung cancer': 29, 'transcranial magnetic stimulation': 29, 'atrial fibrillation': 28, 'mortality': 28, 'aging': 28, 'multiple sclerosis': 27, 'phenolic compounds': 26}"
56,60014096.0,"{'italy': 126, 'covid-19': 47, 'psoriatic arthritis': 44, 'mitochondria': 38, 'climate change': 37, 'nmr': 37, 'adolescents': 34, 'elderly': 33, 'magnetic resonance imaging': 28, 'polyphenols': 28, 'suicide': 27, 'southern italy': 27, 'photosynthesis': 26, 'meat quality': 26, 'vitamin e': 25, 'inflammation': 25, 'oxidative stress': 24, 'mortality': 24, 'fatty acids': 23, 'olive oil': 23, 'biochar': 23, 'biodiversity': 23, 'sustainability': 22, 'ultrasound': 22, 'lactic acid bacteria': 22, 'seyle': 22, 'computed tomography': 22, 'phenolic compounds': 22, 'antioxidant activity': 21, 'machine learning': 20}"
57,60020167.0,"{'italy': 62, 'variational methods': 62, 'multiple solutions': 39, 'sustainability': 38, 'antioxidant activity': 37, 'phenolic compounds': 31, 'internet of things': 30, 'life cycle assessment': 29, 'soil erosion': 28, 'antioxidant': 26, 'critical point theory': 26, 'antioxidants': 24, 'fatty acids': 24, 'phytosociology': 23, 'calabria': 22, 'anaerobic digestion': 22, 'epilepsy': 22, 'electrospinning': 21, 'meat quality': 20, 'adsorption': 19, 'olive oil': 19, 'fractional laplacian': 18, 'root morphology': 18, 'citrus': 18, 'polyphenols': 18, 'eeg': 18, 'critical points': 18, 'conservation': 17, 'cluster analysis': 17, '5g': 17}"
58,60004300.0,"{'italy': 81, 'gravitational waves': 58, 'southern italy': 53, 'dynamic simulation': 28, 'machine learning': 26, 'homogenization': 24, 'hysteresis': 23, 'model checking': 23, 'sustainability': 22, 'simulation': 21, 'proteomics': 21, 'empirical study': 21, 'covid-19': 19, 'mitochondria': 18, 'mining software repositories': 18, 'southern apennines': 17, 'mediterranean climate': 17, 'polyphenols': 17, 'energy saving': 17, 'growth': 16, 'modeling': 16, 'gis': 16, 'multi-objective optimization': 15, 'optical fiber sensors': 15, 'entropy': 15, 'deep learning': 15, 'metamaterials': 15, 'colorectal cancer': 15, 'uncertainty': 15, 'genetic algorithm': 14}"
59,60136210.0,"{'gravitational waves': 71, 'cosmic rays': 54, 'cosmic background radiation': 46, 'methods: data analysis': 42, 'cosmology: observations': 39, 'modified gravity': 34, 'dark matter': 26, 'astroparticle physics': 25, 'acceleration of particles': 21, 'dark energy': 20, 'neutrinos': 20, 'ism: supernova remnants': 19, 'neutrino astronomy': 18, 'neutrino detectors': 17, 'polarization': 17, 'ultra high energy cosmic rays': 16, 'large-scale structure of universe': 16, 'radiation mechanisms: non-thermal': 16, 'cosmological parameters': 15, 'gamma-ray burst: general': 15, 'dark energy theory': 15, 'italy': 14, 'stars: neutron': 14, 'cosmology': 13, 'double beta decay': 13, 'dark matter detectors (wimps, axions, etc.)': 13, 'turbulent convection': 13, 'cosmological perturbation theory': 13, 'inflation': 12, 'cryogenic detectors': 12}"
60,60019089.0,"{'dog': 80, 'italy': 69, 'horse': 48, 'sheep': 47, 'endocannabinoids': 47, 'cat': 41, 'diagnosis': 33, 'anandamide': 33, 'immunohistochemistry': 32, 'donkey': 27, 'inflammation': 26, 'polyphenols': 26, 'dna methylation': 25, 'listeria monocytogenes': 25, 'biogenic amines': 25, 'dogs': 24, 'epidemiology': 24, 'antioxidant activity': 24, 'endocannabinoid system': 23, 'volatile compounds': 22, 'gene expression': 21, 'saccharomyces cerevisiae': 20, 'fish': 20, 'aelurostrongylus abstrusus': 20, 'oocyte': 18, 'oxidative stress': 18, 'pig': 18, 'antioxidants': 17, 'spermatozoa': 17, 'pcr': 16}"
61,60015466.0,"{'masonry': 34, 'cultural heritage': 21, 'italy': 20, 'climate change': 20, 'sustainability': 18, 'provenance': 18, 'archaeometry': 17, 'urban regeneration': 14, 'modal analysis': 13, 'petrography': 13, 'venice': 12, 'homogenization': 11, 'ecosystem services': 10, 'energy efficiency': 9, 'urban planning': 9, 'seismic assessment': 9, 'laser scanner': 8, 'uncertainty': 8, 'dynamic identification': 8, 'gis': 7, 'remote sensing': 7, 'architecture': 7, 'circular economy': 7, 'conservation': 7, 'durability': 7, 'social housing': 7, 'pushover analysis': 7, 'buckling': 7, 'photogrammetry': 7, 'geostatistics': 7}"
62,60027141.0,"{'italy': 126, 'history of education': 45, 'age estimation': 44, 'covid-19': 24, 'forensic science': 23, 'sustainability': 22, 'forensic sciences': 20, 'innovation': 19, 'forensic odontology': 18, 'xxth century': 17, 'europe': 15, 'spain': 14, 'social accounting matrix': 14, 'southern europe': 13, 'opposites': 13, 'china': 13, 'economic growth': 12, 'dental age estimation': 12, 'pulp/tooth area': 12, 'xixth-xxth centuries': 12, 'third molar maturity index': 11, 'forensic anthropology': 11, 'mediterranean europe': 10, 'education': 10, 'identity': 10, 'xix-xx centuries': 10, 'european union': 9, 'social media': 9, 'structural change': 9, 'inequality': 9}"
63,60104092.0,"{'covid-19': 46, 'adolescence': 40, 'alexithymia': 28, 'dissociation': 23, 'personality': 19, 'mechanical properties': 17, 'anxiety': 17, 'assessment': 16, 'self-efficacy': 15, 'depression': 15, 'physical activity': 14, 'stress': 14, 'attachment': 13, 'italy': 12, 'children': 12, 'wireless sensor networks': 11, 'salinity': 11, 'fuzzy logic controller': 11, 'nanocomposites': 11, 'sport': 10, 'nucleosynthesis': 10, 'public transport': 10, 'hydrothermal carbonization': 10, 'resilience': 10, 'road safety': 10, 'well-being': 10, 'life satisfaction': 10, 'adolescents': 10, 'psychopathy': 10, 'identity': 9}"
64,60105927.0,"{'hadron-hadron scattering': 30, 'machine learning': 10, 'cms': 10, 'obsessive-compulsive disorder': 9, 'frcm': 9, 'masonry': 8, 'physics': 8, 'wind energy': 8, 'depression': 7, 'dark forces': 7, 'deontological guilt': 7, 'frp': 6, 'point interactions': 6, 'calorimetry': 6, 'vitiligo': 6, 'guilt': 6, 'subscriber loop': 6, 'vdsl2': 6, 'forgiveness': 5, 'axiomatic design': 5, 'covid-19': 5, 'medulloblastoma': 5, 'e+e- collisions': 5, 'dark matter': 5, 'cosmological constant': 5, 'deep learning': 5, 'disgust': 5, 'altruistic guilt': 5, 'wind turbines': 5, 'crosstalk': 5}"
65,60004975.0,"{'covid-19': 22, 'adolescents': 22, 'italy': 21, 'hiv': 20, 'adolescence': 19, 'anxiety': 16, 'informed consent': 16, 'burnout': 15, 'depression': 14, 'well-being': 13, 'malawi': 13, 'job satisfaction': 13, 'personality': 13, 'work engagement': 12, 'assessment': 12, 'psychopathy': 12, 'gender': 12, 'children': 11, 'teachers': 11, 'attachment': 11, 'alexithymia': 10, 'performance': 10, 'pregnancy': 10, 'values': 10, 'self-esteem': 9, 'civil economy': 9, 'sleep': 9, 'job insecurity': 8, 'hidden markov models': 8, 'mental health': 8}"
66,60105475.0,"{'stars: neutron': 56, 'x-rays: binaries': 32, 'pulsars: general': 25, 'seismic risk': 24, 'seismic assessment': 24, 'performance-based earthquake engineering': 19, 'x-rays: stars': 19, ""alzheimer's disease"": 17, 'pragmatics': 15, 'non-structural elements': 14, 'mild cognitive impairment': 13, 'seismic performance': 12, 'schizophrenia': 11, 'language': 11, 'figurative language': 11, 'stars: magnetars': 11, 'experimental pragmatics': 11, 'fragility curves': 10, 'x-rays: bursts': 10, 'social cognition': 10, 'metaphor': 10, 'amyotrophic lateral sclerosis': 10, 'eurocode 8': 10, 'exposure': 9, 'bridges': 9, 'reinforced concrete': 9, 'frontotemporal dementia': 9, 'subdwarfs': 9, 'x-rays: general': 9, 'vulnerability': 9}"
67,60018048.0,"{'physical activity': 79, 'exercise': 69, 'sport': 37, 'heart rate': 35, 'aging': 32, 'biomechanics': 29, 'athletes': 28, 'knee': 27, 'elderly': 27, 'doping': 26, 'executive function': 22, 'erp': 22, 'sports': 22, 'fatigue': 21, 'performance': 20, 'gait': 20, 'rehabilitation': 20, 'soccer': 19, 'physical fitness': 19, 'locomotion': 19, 'children': 19, 'obesity': 19, 'arthroscopy': 19, 'electromyography': 19, 'oxidative stress': 18, 'match analysis': 17, 'testosterone': 17, 'covid-19': 16, 'quality of life': 16, 'osteoporosis': 16}"
68,60104320.0,"{'oscillation': 28, 'generating functions': 16, 'adolescence': 16, 'moral disengagement': 16, 'covid-19': 15, 'jem-euso': 14, 'univalent functions': 13, 'analytic functions': 13, 'delay differential equations': 13, 'fourth-order': 12, 'strain gradient': 10, 'damage mechanics': 9, 'hermite polynomials': 9, 'italy': 9, 'hölder’s inequality': 9, 'neutral delay': 9, 'chebyshev polynomials': 9, 'microstructure': 8, 'orthogonal polynomials': 8, 'dynamic inequality': 8, 'differential equations': 8, 'impulsivity': 8, 'psychopathology': 8, 'depression': 8, 'wave propagation': 7, 'bessel functions': 7, 'adolescents': 7, 'delay differential equation': 7, 'noncanonical case': 7, 'time scale': 7}"
69,60005661.0,"{'italian': 6, 'dem': 5, 'terrain analysis': 5, 'ungauged basins': 4, 'volume of fluid': 3, 'computational fluid dynamics': 3, 'phraseology': 3, 'floodplain': 3, 'hydrogeomorphic model': 3, 'damage detection': 3, 'displacements reconstruction': 3, 'classroom interaction': 3, 'immigration': 3, 'hull slamming': 3, 'hydraulic modelling': 3, 'sloshing': 3, 'tuned sloshing damper': 3, 'populism': 3, 'flood': 2, 'flood modeling': 2, 'fluid dynamics': 2, 'fluid structure interaction': 2, 'extreme events': 2, 'flood risk': 2, 'dam break': 2, 'zionism': 2, 'multimodality': 2, 'specialized medical encounters': 2, 'learner corpus research': 2, 'psycholinguistics': 2}"
70,60109537.0,"{'innovation': 8, 'smes': 8, 'big data': 7, 'italy': 7, 'internet of things': 6, 'open innovation': 6, 'system dynamics': 6, 'covid-19': 6, 'intellectual capital': 6, 'knowledge management': 5, 'ambidexterity': 5, 'social media': 5, 'bayesian networks': 4, 'internationalization': 4, 'microfoundations': 4, 'technology transfer': 4, 'smart city': 4, 'systems thinking': 4, 'artificial intelligence': 4, 'entrepreneurship': 4, 'digital transformation': 4, 'crowdfunding': 4, 'gamification': 3, 'emerging countries': 3, 'entrepreneurial ecosystem': 3, 'technological innovation': 3, 'dynamic capabilities': 3, 'ict': 3, 'sustainable development goals': 3, 'circular economy': 3}"
71,60104321.0,"{'covid-19': 8, 'adolescence': 8, 'sustainability': 5, 'italy': 5, 'dynamic pricing': 5, 'quality of life': 5, 'knowledge building': 4, 'generalized convexity': 4, 'total factor productivity': 4, 'coming out': 4, 'early adolescence': 4, 'social support': 4, 'children': 3, 'qualitative research': 3, 'l93': 3, 'sexuality': 3, 'post-qualitative research': 3, 'adolescents': 3, 'rorschach': 3, 'emotion regulation': 3, 'civic engagement': 3, 'early vocal contact': 3, 'cooperative/collaborative learning': 3, 'post-secondary education': 3, 'preterm infants': 3, 'trends and challenges': 2, 'alps': 2, 'connection to nature': 2, 'biophilic design': 2, 'adhd': 2}"
72,60103326.0,"{'self-criticism': 10, 'heart rate variability': 9, 'compassion': 8, 'social media': 7, 'entrepreneurship': 7, 'rome': 6, 'self-compassion': 6, 'artificial intelligence': 5, 'roma': 5, 'depression': 4, 'digitalization': 4, 'brazil': 3, 'italy': 3, 'signaling theory': 3, 'job satisfaction': 3, 'self-reassurance': 3, 'compassion focused therapy': 3, 'covid-19': 3, 'compassion-focused therapy': 3, 'informality': 3, 'compassionate mind training': 3, 'cross-cultural studies': 3, 'internet': 2, 'web 2.0': 2, 'youth': 2, 'climate change': 2, 'right-wing': 2, 'twitter': 2, 'firm performance': 2, 'secularization': 2}"
73,60199653.0,"{'heart failure': 29, 'hiv': 12, 'covid-19': 11, 'polymorphism': 11, 'systemic lupus erythematosus': 8, 'quality of life': 8, 'multiple sclerosis': 8, 'cancer': 7, 'inflammation': 7, 'pwid': 7, 'acute heart failure': 7, 'cardio-oncology': 7, 'cardiotoxicity': 7, 'genetics': 6, 'diabetes': 6, 'vaccination': 5, ""parkinson's disease"": 5, 'cognition': 5, 'sars-cov-2': 5, 'autoimmunity': 5, 'intervention': 4, 'prevention': 4, 'thromboelastometry': 4, 'hypersexual disorder': 4, 'safety': 4, 'patient-reported outcomes': 4, 'epidemiology': 4, 'anaphylaxis': 4, 'primary ciliary dyskinesia': 4, 'pain': 4}"
74,60073247.0,"{'catholicism': 4, 'sexual abuse': 3, 'history': 3, 'ethics': 3, 'evaluation': 3, 'faith': 3, 'trinity': 3, 'love': 3, 'religious studies': 2, 'experience': 2, 'god': 2, 'evil': 2, 'justice': 2, 'christology': 2, 'creation': 2, 'theological method': 2, 'free will': 2, 'moral responsibility': 2, 'sociology of religion': 2, 'biblical hermeneutics': 2, 'word of god': 2, 'cinema': 2, 'memory': 2, 'person': 2, 'heidegger': 2, 'marion': 2, 'jesus christ': 2, 'passion': 2, 'ut unum sint': 2, 'solidarity': 2}"
75,60112425.0,"{'religion': 6, 'relation': 5, 'catholic church': 5, 'marriage': 4, 'aristotle': 4, 'justice': 4, 'church': 3, '*': 3, 'epistemology': 3, 'anthropology': 3, 'soul': 3, 'family': 3, 'law': 3, 'prayer': 3, 'science': 3, 'theology': 3, 'mercy': 3, 'freedom': 3, 'aquinas': 3, 'ethics': 3, 'trinity': 3, 'reason': 3, 'literature': 3, 'faith & culture': 3, 'creation': 2, 'redemption': 2, 'technoethics': 2, 'religious freedom': 2, 'society': 2, 'cultural innovations': 2}"
76,60073834.0,"{'vitis vinifera': 76, 'wine': 59, 'apple': 58, 'grapevine': 57, 'climate change': 54, 'remote sensing': 52, 'polyphenols': 46, 'metabolomics': 43, 'biodiversity': 42, 'gene expression': 38, 'volatile organic compounds': 34, 'anthocyanins': 34, 'biological control': 33, 'ptr-ms': 32, 'vocs': 31, 'electron transport': 31, 'temperature': 30, 'ptr-tof-ms': 30, 'invasive species': 27, 'aroma': 25, 'irms': 24, 'conservation': 23, 'microsatellites': 22, 'photosynthesis': 21, 'plasmopara viticola': 21, 'erwinia amylovora': 21, 'donor side': 21, 'cyanobacteria': 20, 'grape': 20, 'gut microbiota': 20}"
77,60016269.0,"{'tuscany': 2, 'italian': 2, 'multilingual education': 2, 'translanguaging': 2, 'dubbing': 2, 'italian schools': 2, 'deontic modality': 1, 'historical syntax': 1, 'morphosyntactic alignment': 1, 'past participle': 1, 'verbal adjectives': 1, 'italian-canadian writing': 1, 'literary translation': 1, 'migrant writing': 1, 'return': 1, 'cross-linguistic influence from french': 1, 'italian as an l2': 1, 'university students': 1, 'written production': 1, 'foreign languages': 1, 'internationalization': 1, 'language needs': 1, 'sienna': 1, 'sme': 1, 'civic identity': 1, 'hospitals': 1, 'small towns': 1, 'welfare': 1, 'collocations': 1, 'compositionality': 1}"
78,60134846.0,"{'virtual reality': 19, 'rehabilitation': 19, 'team sport': 17, 'obesity': 16, 'exercise': 13, 'covid-19': 12, 'assessment': 11, 'memory': 11, 'depression': 11, 'mild cognitive impairment': 11, 'eeg': 10, 'fatigue': 10, 'longitudinal study': 10, 'heart rate': 9, 'exercise physiology': 8, 'extracorporeal shock wave therapy': 8, 'children': 8, 'masonry': 8, 'neuropsychology': 8, 'gender': 7, 'machine learning': 7, ""alzheimer's disease"": 7, 'motor control': 7, 'muscle strength': 7, 'clinical psychology': 7, 'sustainability': 6, 'reliability': 6, 'metabolic demand': 6, 'metabolism': 6, 'aging': 6}"
79,60001400.0,"{'italy': 4, 'southern italy': 4, 'biodeterioration': 3, 'conservation': 3, 'biofilm': 3, 'cultural heritage': 3, 'aging': 3, 'cyanobacteria': 2, 'mediterranean flora': 2, 'phylogeny': 2, 'campania': 2, 'privacy': 2, 'future': 2, 'memory': 2, 'prospective memory': 2, 'microalgae': 2, 'transcriptome analysis': 2, 'episodic memory': 2, 'ace-iii': 2, 'ecas': 2, 'naples': 2, 'ai': 2, 'speech synthesis': 2, 'vesuvius': 2, 'politics': 2, 'biolaw': 2, 'archaeometallurgy': 1, 'bronze age': 1, 'cu-sn alloys': 1, 'ed-xrf': 1}"
80,60012280.0,"{'burnout': 6, 'clergy': 5, 'purpose in life': 5, 'psychological type': 5, 'italy': 5, 'psychology of religion': 5, 'psychology': 4, 'balanced affect': 4, 'religious sisters': 4, 'catholic priests': 4, 'religion': 3, 'catholic church': 3, 'psychological autopsy': 3, 'dark triad': 3, 'priests': 3, 'art': 3, 'bicycle': 2, 'sustainable mobility': 2, 'creation': 2, 'personality': 2, 'religious orientation': 2, 'christianity': 2, 'democracy': 2, 'discernment': 2, 'pope francis': 2, 'hermeneutic setting': 2, 'historical case': 2, 'emotional intelligence': 2, 'attachment': 2, 'logotherapy': 2}"
81,60005216.0,"{'beliefs': 3, 'university': 3, 'spirituality': 2, 'philosophy': 2, 'integral ecology': 2, 'active self-transcendence': 1, 'brain and culture': 1, 'cultural neural re-use': 1, 'imago dei': 1, 'karl rahner': 1, 'theological anthropology': 1, 'visual word form area': 1, 'written language': 1, 'italy': 1, 'mariano artigas': 1, 'portugal': 1, 'spain': 1, 'teilhard de chardin': 1, 'biology of religion': 1, 'cognitive science': 1, 'limits of science': 1, 'religion and science': 1, 'religious mind': 1, 'religious studies': 1, 'immortality': 1, 'impeccability': 1, 'john duns scotus': 1, 'original justice': 1, 'sin of adam': 1, 'state of innocence': 1}"
82,60103305.0,"{'revelation': 2, 'allegorical exegesis': 2, 'deuteronomy': 2, 'wisdom': 2, 'psalm 29': 1, 'structure': 1, 'natural theology': 1, 'nature': 1, 'psalms': 1, 'the creation': 1, 'the creator': 1, 'doublet': 1, 'hos 10:6a': 1, 'justin martyr': 1, 'kaige recension': 1, 'mark 15:1 // matt 27:2': 1, 'old greek': 1, 'old latin': 1, 'patristic quotations': 1, 'books of samuel': 1, 'lucianic text': 1, 'narrative analysis': 1, 'septuagint': 1, 'textual criticism': 1, 'deification of humans': 1, 'exodus': 1, 'incarnation': 1, 'exodus 1-2': 1, 'passions': 1, 'rationality': 1}"
83,60268246.0,{}
84,60134847.0,"{'gamma rays: general': 14, 'obesity': 8, 'masonry': 8, 'nutritionist': 8, 'gravitational waves': 8, 'mediterranean diet': 7, 'catalogs': 7, 'cosmic rays': 7, 'gamma rays: galaxies': 7, 'mortality': 6, 'strain gradient theory': 6, 'galaxies: active': 6, 'anaerobic digestion': 5, 'circular economy': 5, 'physical activity': 5, 'diet': 5, 'buckling': 5, 'cancer': 5, 'exercise': 5, 'polycyclic aromatic hydrocarbons': 5, 'compositional data': 5, 'hydrogen': 5, 'covid-19': 5, 'methods: observational': 5, 'gamma-rays: general': 5, 'analytical modelling': 4, 'epidemiology': 4, 'stochastic': 4, 'thermal properties': 4, 'size effects': 4}"
85,60016374.0,"{'italy': 47, 'covid-19': 32, 'sustainability': 24, 'innovation': 23, 'monetary policy': 21, 'european union': 21, 'open innovation': 16, 'performance': 16, 'corporate governance': 16, 'western europe': 15, 'experiments': 15, 'europe': 14, 'corporate social responsibility': 14, 'dynamic programming': 14, 'governance': 13, 'entrepreneurship': 13, 'coordination': 13, 'social media': 12, 'regulation': 12, 'communication': 11, 'populism': 11, 'endogenous growth': 11, 'financial crisis': 10, 'smes': 10, 'leadership': 9, 'human capital': 9, 'blockchain': 9, 'uncertainty': 9, 'experiment': 9, 'participation': 9}"
86,60196832.0,"{'covid-19': 27, 'sars-cov-2': 16, 'quality of life': 8, 'obsessive-compulsive disorder': 7, 'bicuspid aortic valve': 7, 'mortality': 7, 'hiv': 7, 'depression': 6, 'heart failure': 6, 'breast cancer': 6, 'biomarkers': 6, 'optical coherence tomography': 6, 'dental implants': 6, 'oxidative stress': 6, 'hiv-1': 5, 'vaccine': 5, 'pregnancy': 5, 'atherosclerosis': 5, 'metabolism': 5, 'energy metabolism': 5, 'mitochondrial dysfunction': 5, 'oxidative/nitrosative stress': 5, 'gender': 5, 'mental health': 4, 'psychiatry': 4, 'inflammation': 4, 'italy': 4, 'pandemic': 4, 'photodynamic therapy': 4, 'polymorphisms': 4}"
87,60105230.0,"{'oxidative stress': 10, 'inflammation': 8, 'dna damage': 6, 'parkinson’s disease': 5, 'rehabilitation': 5, 'striatum': 5, 'multiple sclerosis': 5, 'migraine': 5, 'migraine treatment': 5, 'monoclonal antibodies': 5, 'dairy goats': 4, 'imaging analysis': 4, 'sars-cov-2': 4, 'synaptic plasticity': 4, 'exercise': 4, 'covid-19': 4, 'celiac disease': 4, 'calcitonin gene-related peptide': 4, 'electrical conductivity': 3, 'mastitis': 3, 'levodopa': 3, 'dna repair': 3, 'liquid crystals': 3, 'dorsolateral striatum': 3, 'chronic migraine': 3, 'real-world': 3, 'erenumab': 3, 'biomarkers': 3, 'water status': 3, 'aging': 3}"
88,60027791.0,"{'early christian architecture': 2, 'rome': 2, 'tuscany': 2, 'trace element chemistry': 2, 'catacombs': 2, 'adulis': 1, 'british museum church': 1, 'early christianity': 1, 'islam': 1, 'alfarano': 1, 'old st. peter’s': 1, 'windows': 1, 'apse lighting': 1, 'ravenna': 1, 's. giovanni evangelista': 1, 'windows reconstruction': 1, 'central italy': 1, 'churches': 1, 'high middle architecture': 1, 'monasteries': 1, 'bishops': 1, 'domus': 1, 'eccleasiae episcopales': 1, 'urban topography': 1, ""apostles' and martyrs' graves"": 1, 'corpus': 1, 'early middle ages': 1, 'late antiquity': 1, 'pilgrimage': 1, 'suburban churches': 1}"
89,60009340.0,"{'foundation': 1, 'harbor': 1, 'manfred': 1, 'manfredonia': 1, 'strata magna': 1, 'apotheosis': 1, 'consecratio': 1, 'dead': 1, 'ovidius': 1, 'witness': 1, 'calendar of saints': 1, 'hagiography': 1, 'liturgical books': 1, 'russian byzantine catholics': 1, 'russian catholic apostolate': 1, 'russian religiosity': 1, 'the collegium russicum': 1, 'bishop': 1, 'dead of emperor': 1, 'emperor, election': 1, 'panegyrists': 1, 'double monasteries': 1, 'gender cohabitation': 1, 'monastic rules': 1, 'orthodox monasticism': 1, 'adam/man': 1, 'ephrem the syrian': 1, 'garment of skin': 1, 'judeo-christian tradition': 1, 'robe/garment of glory/light': 1}"
