;title_lemma;title_pos
Padua;[('study', 8545), ('effect', 5628), ('patient', 5362), ('analysis', 4376), ('cell', 4303), ('model', 4297), ('di', 3938), ('use', 3557), ('system', 3130), ('structure', 2943), ('new', 2724), ('disease', 2639), ('italian', 2616), ('case', 2557), ('italy', 2548), ('treatment', 2462), ('human', 2400), ('measurement', 2357), ('cancer', 2266), ('clinic', 2127), ('control', 2065), ('protein', 2060), ('role', 1988), ('approach', 1945), ('complex', 1944), ('property', 1924), ('activity', 1893), ('high', 1721), ('collision', 1671), ('production', 1654)];[(('study', 'NN'), 6781), (('patients', 'NNS'), 4904), (('analysis', 'NN'), 4043), (('effects', 'NNS'), 3058), (('di', 'NN'), 3005), (('new', 'JJ'), 2718), (('italian', 'JJ'), 2574), (('effect', 'NN'), 2569), (('treatment', 'NN'), 2337), (('using', 'VBG'), 2252), (('human', 'JJ'), 2128), (('model', 'NN'), 2094), (('clinical', 'JJ'), 2072), (('case', 'NN'), 1982), (('cancer', 'NN'), 1953), (('cells', 'NNS'), 1953), (('role', 'NN'), 1927), (('disease', 'NN'), 1881), (('properties', 'NNS'), 1866), (('system', 'NN'), 1703), (('cell', 'NN'), 1697), (('activity', 'NN'), 1668), (('italy', 'NN'), 1664), (('production', 'NN'), 1649), (('approach', 'NN'), 1644), (('collisions', 'NNS'), 1639), (('structure', 'NN'), 1596), (('results', 'NNS'), 1579), (('characterization', 'NN'), 1570), (('evaluation', 'NN'), 1476)]
Napoli;[('study', 9623), ('patient', 7966), ('effect', 6824), ('cell', 6090), ('analysis', 5629), ('model', 4997), ('di', 4886), ('disease', 4236), ('cancer', 4070), ('italy', 3981), ('system', 3968), ('use', 3943), ('case', 3847), ('treatment', 3727), ('new', 3640), ('structure', 3481), ('human', 3230), ('clinic', 3014), ('italian', 2954), ('activity', 2928), ('approach', 2725), ('role', 2468), ('protein', 2433), ('evaluation', 2352), ('control', 2290), ('measurement', 2277), ('experiment', 2255), ('acid', 2239), ('factor', 2218), ('risk', 2152)];[(('study', 'NN'), 8012), (('patients', 'NNS'), 7206), (('analysis', 'NN'), 5274), (('effects', 'NNS'), 3816), (('di', 'NN'), 3753), (('new', 'JJ'), 3635), (('cancer', 'NN'), 3622), (('treatment', 'NN'), 3553), (('case', 'NN'), 3158), (('disease', 'NN'), 3039), (('effect', 'NN'), 3008), (('cells', 'NNS'), 2979), (('human', 'JJ'), 2958), (('italian', 'JJ'), 2926), (('clinical', 'JJ'), 2916), (('model', 'NN'), 2620), (('italy', 'NN'), 2593), (('activity', 'NN'), 2552), (('using', 'VBG'), 2533), (('role', 'NN'), 2401), (('approach', 'NN'), 2364), (('cell', 'NN'), 2346), (('system', 'NN'), 2258), (('evaluation', 'NN'), 2233), (('characterization', 'NN'), 2018), (('properties', 'NNS'), 1926), (('risk', 'NN'), 1918), (('expression', 'NN'), 1829), (('data', 'NNS'), 1810), (('production', 'NN'), 1802)]
Frosinone;[('model', 478), ('analysis', 429), ('system', 378), ('approach', 212), ('effect', 206), ('design', 205), ('study', 203), ('use', 203), ('experiment', 195), ('base', 170), ('control', 169), ('performance', 161), ('power', 159), ('new', 152), ('measurement', 147), ('method', 145), ('italy', 145), ('network', 141), ('italian', 136), ('numerical', 129), ('test', 121), ('energy', 117), ('structure', 112), ('process', 109), ('di', 108), ('detection', 106), ('evaluation', 106), ('application', 99), ('assessment', 98), ('robot', 95)];[(('analysis', 'NN'), 406), (('model', 'NN'), 249), (('systems', 'NNS'), 204), (('approach', 'NN'), 184), (('design', 'NN'), 181), (('system', 'NN'), 174), (('study', 'NN'), 170), (('based', 'VBN'), 159), (('power', 'NN'), 156), (('new', 'JJ'), 152), (('control', 'NN'), 151), (('experimental', 'JJ'), 151), (('using', 'VBG'), 148), (('performance', 'NN'), 147), (('italian', 'JJ'), 135), (('numerical', 'JJ'), 129), (('energy', 'NN'), 109), (('effect', 'NN'), 107), (('detection', 'NN'), 105), (('evaluation', 'NN'), 100), (('effects', 'NNS'), 99), (('method', 'NN'), 93), (('networks', 'NNS'), 91), (('italy', 'NN'), 86), (('di', 'NN'), 84), (('characterization', 'NN'), 82), (('assessment', 'NN'), 81), (('influence', 'NN'), 77), (('treatment', 'NN'), 76), (('case', 'NN'), 76)]
Siena;[('study', 2491), ('patient', 1911), ('cell', 1578), ('effect', 1519), ('di', 1490), ('italy', 1281), ('human', 1183), ('analysis', 1129), ('new', 1104), ('use', 998), ('treatment', 995), ('case', 968), ('structure', 914), ('clinic', 893), ('model', 872), ('italian', 846), ('disease', 810), ('activity', 808), ('cancer', 782), ('system', 755), ('collision', 746), ('synthesis', 739), ('syndrome', 698), ('evaluation', 687), ('search', 676), ('tev', 645), ('del', 642), ('della', 634), ('protein', 631), ('measurement', 587)];[(('study', 'NN'), 1886), (('patients', 'NNS'), 1711), (('di', 'NN'), 1130), (('new', 'JJ'), 1101), (('human', 'JJ'), 1079), (('analysis', 'NN'), 1064), (('treatment', 'NN'), 949), (('clinical', 'JJ'), 877), (('italy', 'NN'), 877), (('effects', 'NNS'), 868), (('italian', 'JJ'), 838), (('case', 'NN'), 758), (('cells', 'NNS'), 753), (('collisions', 'NNS'), 733), (('activity', 'NN'), 729), (('cancer', 'NN'), 694), (('evaluation', 'NN'), 652), (('effect', 'NN'), 651), (('synthesis', 'NN'), 643), (('search', 'NN'), 614), (('della', 'NN'), 612), (('using', 'VBG'), 610), (('cell', 'NN'), 565), (('production', 'NN'), 529), (('structure', 'NN'), 513), (('approach', 'NN'), 507), (('del', 'NN'), 490), (('role', 'NN'), 485), (('disease', 'NN'), 480), (('different', 'JJ'), 480)]
Perugia;[('study', 3451), ('effect', 2250), ('cell', 2139), ('patient', 2052), ('analysis', 1660), ('italy', 1508), ('model', 1485), ('di', 1422), ('use', 1365), ('measurement', 1275), ('new', 1231), ('system', 1199), ('search', 1095), ('disease', 1075), ('structure', 1019), ('collision', 1012), ('treatment', 1008), ('case', 1000), ('activity', 999), ('decay', 985), ('italian', 960), ('molecule', 942), ('acid', 908), ('cancer', 872), ('property', 834), ('human', 829), ('experiment', 815), ('reaction', 784), ('production', 777), ('tev', 770)];[(('study', 'NN'), 2790), (('patients', 'NNS'), 1876), (('analysis', 'NN'), 1557), (('new', 'JJ'), 1229), (('effects', 'NNS'), 1169), (('cells', 'NNS'), 1090), (('effect', 'NN'), 1081), (('di', 'NN'), 1070), (('search', 'NN'), 1001), (('collisions', 'NNS'), 976), (('italian', 'JJ'), 951), (('treatment', 'NN'), 949), (('italy', 'NN'), 948), (('using', 'VBG'), 891), (('activity', 'NN'), 888), (('case', 'NN'), 841), (('properties', 'NNS'), 818), (('cell', 'NN'), 804), (('cancer', 'NN'), 790), (('production', 'NN'), 774), (('measurement', 'NN'), 749), (('model', 'NN'), 729), (('human', 'JJ'), 728), (('role', 'NN'), 725), (('clinical', 'JJ'), 683), (('system', 'NN'), 664), (('synthesis', 'NN'), 660), (('evaluation', 'NN'), 659), (('characterization', 'NN'), 649), (('disease', 'NN'), 631)]
Vercelli;[('study', 1229), ('collision', 1209), ('patient', 1144), ('tev', 972), ('cell', 902), ('measurement', 684), ('search', 639), ('production', 599), ('analysis', 523), ('pp', 510), ('effect', 489), ('decay', 474), ('cancer', 464), ('use', 443), ('√s', 418), ('disease', 413), ('human', 382), ('italian', 381), ('model', 341), ('new', 336), ('clinic', 336), ('treatment', 334), ('italy', 330), ('boson', 326), ('protonproton', 321), ('structure', 297), ('di', 294), ('state', 281), ('chronic', 280), ('synthesis', 280)];[(('collisions', 'NNS'), 1202), (('patients', 'NNS'), 1050), (('study', 'NN'), 1047), (('tev', 'NN'), 641), (('search', 'NN'), 601), (('production', 'NN'), 599), (('analysis', 'NN'), 494), (('measurement', 'NN'), 439), (('cells', 'NNS'), 415), (('cancer', 'NN'), 407), (('√s', 'VBP'), 385), (('italian', 'JJ'), 375), (('cell', 'NN'), 359), (('human', 'JJ'), 350), (('new', 'JJ'), 335), (('clinical', 'JJ'), 329), (('treatment', 'NN'), 318), (('disease', 'NN'), 300), (('using', 'VBG'), 289), (('effects', 'NNS'), 288), (('tev', 'VBP'), 270), (('synthesis', 'NN'), 260), (('chronic', 'JJ'), 258), (('role', 'NN'), 256), (('pp', 'NN'), 251), (('cross', 'NN'), 240), (('risk', 'NN'), 222), (('results', 'NNS'), 217), (('di', 'NN'), 215), (('evaluation', 'NN'), 211)]
Benevento;[('model', 366), ('analysis', 341), ('system', 317), ('italy', 315), ('effect', 265), ('study', 221), ('use', 189), ('approach', 182), ('southern', 171), ('wave', 162), ('data', 155), ('energy', 152), ('base', 151), ('experiment', 148), ('network', 147), ('performance', 143), ('control', 138), ('cell', 137), ('application', 136), ('gravitation', 132), ('case', 129), ('assessment', 123), ('search', 123), ('protein', 121), ('build', 118), ('dynamic', 113), ('measurement', 111), ('method', 109), ('design', 108), ('structure', 108)];[(('analysis', 'NN'), 317), (('italy', 'NN'), 217), (('study', 'NN'), 193), (('model', 'NN'), 193), (('southern', 'JJ'), 170), (('systems', 'NNS'), 164), (('approach', 'NN'), 163), (('using', 'VBG'), 163), (('effects', 'NNS'), 159), (('system', 'NN'), 153), (('energy', 'NN'), 150), (('data', 'NNS'), 147), (('based', 'VBN'), 144), (('gravitational', 'JJ'), 132), (('performance', 'NN'), 127), (('case', 'NN'), 124), (('control', 'NN'), 118), (('experimental', 'JJ'), 106), (('effect', 'NN'), 106), (('detection', 'NN'), 105), (('search', 'NN'), 105), (('new', 'JJ'), 104), (('design', 'NN'), 95), (('italian', 'JJ'), 90), (('characterization', 'NN'), 89), (('power', 'NN'), 87), (('waves', 'NNS'), 87), (('assessment', 'NN'), 78), (('networks', 'NNS'), 76), (('water', 'NN'), 75)]
Modena;[('study', 3247), ('patient', 2143), ('effect', 2063), ('cell', 1750), ('di', 1564), ('analysis', 1413), ('structure', 1168), ('model', 1071), ('treatment', 1052), ('case', 1013), ('use', 988), ('human', 971), ('system', 962), ('rat', 949), ('italy', 937), ('clinic', 909), ('molecule', 903), ('property', 882), ('new', 881), ('italian', 845), ('disease', 844), ('cancer', 803), ('activity', 711), ('acid', 696), ('receptor', 680), ('approach', 673), ('role', 664), ('surface', 656), ('complex', 653), ('evaluation', 601)];[(('study', 'NN'), 2635), (('patients', 'NNS'), 1939), (('analysis', 'NN'), 1306), (('di', 'NN'), 1203), (('effects', 'NNS'), 1104), (('treatment', 'NN'), 983), (('effect', 'NN'), 959), (('human', 'JJ'), 891), (('clinical', 'JJ'), 884), (('new', 'JJ'), 879), (('properties', 'NNS'), 870), (('italian', 'JJ'), 834), (('cells', 'NNS'), 782), (('cell', 'NN'), 749), (('case', 'NN'), 748), (('cancer', 'NN'), 735), (('role', 'NN'), 647), (('activity', 'NN'), 618), (('italy', 'NN'), 607), (('molecular', 'JJ'), 592), (('disease', 'NN'), 585), (('structure', 'NN'), 583), (('characterization', 'NN'), 581), (('evaluation', 'NN'), 576), (('using', 'VBG'), 569), (('approach', 'NN'), 554), (('della', 'NN'), 539), (('results', 'NNS'), 526), (('system', 'NN'), 520), (('model', 'NN'), 512)]
Parma;[('study', 2762), ('effect', 2195), ('di', 1996), ('structure', 1917), ('cell', 1582), ('patient', 1568), ('analysis', 1376), ('complex', 1299), ('model', 1291), ('synthesis', 1142), ('new', 1057), ('case', 1055), ('use', 1035), ('crystal', 1025), ('system', 1018), ('treatment', 985), ('italy', 962), ('human', 956), ('acid', 882), ('property', 864), ('molecule', 845), ('activity', 805), ('italian', 792), ('del', 792), ('disease', 791), ('della', 735), ('clinic', 728), ('characterization', 718), ('approach', 704), ('evaluation', 646)];[(('study', 'NN'), 2247), (('di', 'NN'), 1555), (('patients', 'NNS'), 1425), (('analysis', 'NN'), 1279), (('structure', 'NN'), 1124), (('effects', 'NNS'), 1118), (('effect', 'NN'), 1077), (('new', 'JJ'), 1055), (('synthesis', 'NN'), 986), (('treatment', 'NN'), 941), (('properties', 'NNS'), 852), (('human', 'JJ'), 846), (('case', 'NN'), 831), (('complexes', 'NNS'), 807), (('italian', 'JJ'), 788), (('cells', 'NNS'), 777), (('model', 'NN'), 742), (('della', 'NN'), 725), (('activity', 'NN'), 717), (('clinical', 'JJ'), 709), (('characterization', 'NN'), 703), (('italy', 'NN'), 667), (('using', 'VBG'), 625), (('del', 'NN'), 621), (('molecular', 'JJ'), 614), (('evaluation', 'NN'), 610), (('approach', 'NN'), 609), (('role', 'NN'), 595), (('cell', 'NN'), 589), (('different', 'JJ'), 566)]
Roma;[('study', 21992), ('patient', 19145), ('cell', 12931), ('di', 11681), ('effect', 11664), ('analysis', 10918), ('model', 9953), ('use', 8937), ('treatment', 8715), ('disease', 8639), ('case', 8383), ('system', 7907), ('human', 7648), ('new', 7248), ('cancer', 7171), ('clinic', 6838), ('italian', 6833), ('italy', 6677), ('structure', 6012), ('role', 5542), ('measurement', 5288), ('result', 5068), ('approach', 4945), ('del', 4802), ('activity', 4734), ('della', 4694), ('evaluation', 4622), ('factor', 4619), ('syndrome', 4566), ('surgery', 4454)];[(('study', 'NN'), 18413), (('patients', 'NNS'), 17245), (('analysis', 'NN'), 10215), (('di', 'NN'), 8946), (('treatment', 'NN'), 8356), (('new', 'JJ'), 7240), (('human', 'JJ'), 6938), (('italian', 'JJ'), 6743), (('case', 'NN'), 6716), (('clinical', 'JJ'), 6685), (('cancer', 'NN'), 6667), (('effects', 'NNS'), 6487), (('cells', 'NNS'), 6426), (('using', 'VBG'), 5575), (('disease', 'NN'), 5499), (('model', 'NN'), 5495), (('role', 'NN'), 5375), (('effect', 'NN'), 5176), (('cell', 'NN'), 4972), (('results', 'NNS'), 4834), (('della', 'NN'), 4591), (('evaluation', 'NN'), 4351), (('approach', 'NN'), 4309), (('system', 'NN'), 4258), (('italy', 'NN'), 4237), (('activity', 'NN'), 4167), (('collisions', 'NNS'), 3902), (('del', 'NN'), 3821), (('search', 'NN'), 3727), (('data', 'NNS'), 3668)]
Bergamo;[('model', 374), ('study', 226), ('analysis', 214), ('effect', 208), ('system', 187), ('italian', 176), ('approach', 155), ('performance', 150), ('di', 143), ('design', 124), ('case', 124), ('use', 122), ('process', 118), ('method', 115), ('new', 112), ('role', 111), ('la', 110), ('application', 107), ('italy', 107), ('evidence', 106), ('de', 102), ('dynamic', 98), ('structure', 96), ('flow', 96), ('assessment', 94), ('firm', 94), ('base', 93), ('impact', 92), ('industry', 90), ('development', 90)];[(('analysis', 'NN'), 199), (('study', 'NN'), 180), (('italian', 'JJ'), 174), (('model', 'NN'), 174), (('performance', 'NN'), 143), (('approach', 'NN'), 138), (('case', 'NN'), 119), (('effects', 'NNS'), 114), (('new', 'JJ'), 112), (('design', 'NN'), 109), (('role', 'NN'), 108), (('systems', 'NNS'), 104), (('evidence', 'NN'), 101), (('di', 'NN'), 101), (('effect', 'NN'), 94), (('models', 'NNS'), 87), (('system', 'NN'), 83), (('based', 'VBN'), 82), (('using', 'VBG'), 80), (('data', 'NNS'), 80), (('social', 'JJ'), 79), (('family', 'NN'), 79), (('management', 'NN'), 77), (('optimization', 'NN'), 74), (('development', 'NN'), 72), (('process', 'NN'), 69), (('risk', 'NN'), 69), (('control', 'NN'), 69), (('stochastic', 'JJ'), 66), (('italy', 'NN'), 65)]
Salerno;[('model', 1771), ('analysis', 1339), ('study', 1328), ('system', 1319), ('effect', 1169), ('use', 890), ('approach', 863), ('structure', 821), ('cell', 763), ('property', 753), ('new', 746), ('base', 672), ('activity', 671), ('process', 638), ('patient', 584), ('network', 580), ('control', 537), ('method', 537), ('synthesis', 521), ('application', 517), ('disease', 511), ('experiment', 458), ('dynamic', 457), ('case', 444), ('high', 443), ('data', 439), ('field', 439), ('evaluation', 431), ('italy', 430), ('measurement', 426)];[(('analysis', 'NN'), 1272), (('study', 'NN'), 1077), (('model', 'NN'), 968), (('new', 'JJ'), 746), (('approach', 'NN'), 735), (('properties', 'NNS'), 725), (('systems', 'NNS'), 691), (('using', 'VBG'), 673), (('system', 'NN'), 627), (('based', 'VBN'), 615), (('effects', 'NNS'), 602), (('effect', 'NN'), 567), (('activity', 'NN'), 564), (('patients', 'NNS'), 529), (('synthesis', 'NN'), 469), (('data', 'NNS'), 426), (('italian', 'JJ'), 419), (('case', 'NN'), 411), (('evaluation', 'NN'), 407), (('control', 'NN'), 385), (('cells', 'NNS'), 384), (('characterization', 'NN'), 365), (('role', 'NN'), 352), (('energy', 'NN'), 347), (('design', 'NN'), 339), (('treatment', 'NN'), 336), (('field', 'NN'), 327), (('disease', 'NN'), 326), (('process', 'NN'), 324), (('production', 'NN'), 324)]
Milano;[('study', 17579), ('patient', 13782), ('effect', 10616), ('cell', 10024), ('model', 9998), ('analysis', 9652), ('use', 6925), ('system', 6689), ('di', 6661), ('cancer', 6249), ('disease', 6018), ('treatment', 5889), ('new', 5524), ('case', 5315), ('human', 5305), ('structure', 5254), ('clinic', 5009), ('italian', 4953), ('italy', 4652), ('control', 4469), ('approach', 4406), ('risk', 4086), ('evaluation', 3873), ('role', 3862), ('activity', 3789), ('measurement', 3663), ('result', 3521), ('factor', 3489), ('high', 3472), ('synthesis', 3390)];[(('study', 'NN'), 14531), (('patients', 'NNS'), 12531), (('analysis', 'NN'), 9014), (('effects', 'NNS'), 5815), (('cancer', 'NN'), 5720), (('treatment', 'NN'), 5544), (('new', 'JJ'), 5519), (('di', 'NN'), 5013), (('italian', 'JJ'), 4869), (('clinical', 'JJ'), 4868), (('model', 'NN'), 4856), (('effect', 'NN'), 4799), (('cells', 'NNS'), 4764), (('human', 'JJ'), 4712), (('using', 'VBG'), 4442), (('case', 'NN'), 4266), (('disease', 'NN'), 4106), (('cell', 'NN'), 3895), (('approach', 'NN'), 3762), (('role', 'NN'), 3751), (('evaluation', 'NN'), 3662), (('risk', 'NN'), 3577), (('system', 'NN'), 3487), (('activity', 'NN'), 3391), (('results', 'NNS'), 3387), (('systems', 'NNS'), 3202), (('data', 'NNS'), 3119), (('synthesis', 'NN'), 3082), (('italy', 'NN'), 3003), (('properties', 'NNS'), 2921)]
Bolzano;[('model', 347), ('analysis', 263), ('system', 239), ('effect', 233), ('study', 207), ('use', 191), ('approach', 152), ('case', 136), ('dynamic', 136), ('performance', 133), ('plant', 130), ('data', 128), ('italy', 126), ('design', 121), ('italian', 113), ('process', 111), ('impact', 105), ('different', 96), ('family', 94), ('energy', 94), ('application', 93), ('soil', 92), ('assessment', 91), ('method', 90), ('production', 89), ('base', 89), ('de', 88), ('structure', 88), ('management', 88), ('tourism', 87)];[(('analysis', 'NN'), 249), (('study', 'NN'), 167), (('model', 'NN'), 151), (('systems', 'NNS'), 148), (('case', 'NN'), 136), (('effects', 'NNS'), 132), (('approach', 'NN'), 131), (('using', 'VBG'), 131), (('performance', 'NN'), 122), (('data', 'NNS'), 122), (('italian', 'JJ'), 109), (('effect', 'NN'), 101), (('design', 'NN'), 97), (('different', 'JJ'), 94), (('energy', 'NN'), 94), (('system', 'NN'), 91), (('italy', 'NN'), 90), (('production', 'NN'), 89), (('family', 'NN'), 88), (('new', 'JJ'), 87), (('social', 'JJ'), 85), (('management', 'NN'), 85), (('tourism', 'NN'), 83), (('based', 'VBN'), 80), (('development', 'NN'), 77), (('dynamics', 'NNS'), 76), (('research', 'NN'), 76), (('role', 'NN'), 76), (('plant', 'NN'), 75), (('quality', 'NN'), 74)]
Sassari;[('study', 1469), ('effect', 993), ('di', 908), ('patient', 890), ('italy', 858), ('sardinia', 781), ('cell', 723), ('analysis', 692), ('use', 629), ('new', 607), ('case', 568), ('synthesis', 555), ('human', 529), ('activity', 527), ('treatment', 524), ('mediterranean', 515), ('acid', 508), ('model', 499), ('complex', 483), ('structure', 479), ('italian', 456), ('system', 445), ('molecule', 401), ('clinic', 385), ('sheep', 383), ('cancer', 380), ('disease', 380), ('evaluation', 377), ('della', 361), ('rat', 359)];[(('study', 'NN'), 1158), (('patients', 'NNS'), 804), (('di', 'NN'), 700), (('analysis', 'NN'), 646), (('italy', 'NN'), 615), (('new', 'JJ'), 607), (('sardinia', 'NN'), 536), (('effects', 'NNS'), 515), (('synthesis', 'NN'), 497), (('treatment', 'NN'), 494), (('human', 'JJ'), 481), (('effect', 'NN'), 478), (('activity', 'NN'), 467), (('case', 'NN'), 459), (('italian', 'JJ'), 453), (('using', 'VBG'), 378), (('clinical', 'JJ'), 369), (('evaluation', 'NN'), 353), (('della', 'NN'), 348), (('role', 'NN'), 330), (('characterization', 'NN'), 328), (('molecular', 'JJ'), 328), (('different', 'JJ'), 327), (('cells', 'NNS'), 324), (('complexes', 'NNS'), 324), (('cancer', 'NN'), 316), (('sardinian', 'JJ'), 304), (('cell', 'NN'), 296), (('species', 'NNS'), 283), (('approach', 'NN'), 278)]
Catania;[('study', 3268), ('effect', 2301), ('patient', 2288), ('di', 2064), ('model', 1802), ('analysis', 1692), ('new', 1646), ('system', 1578), ('cell', 1471), ('case', 1402), ('use', 1313), ('treatment', 1311), ('collision', 1301), ('italy', 1282), ('disease', 1254), ('sicily', 1052), ('activity', 1024), ('clinic', 1010), ('structure', 949), ('approach', 908), ('tev', 902), ('evaluation', 884), ('italian', 876), ('human', 852), ('cancer', 848), ('della', 847), ('property', 830), ('del', 813), ('energy', 805), ('production', 804)];[(('study', 'NN'), 2657), (('patients', 'NNS'), 2027), (('new', 'JJ'), 1640), (('di', 'NN'), 1600), (('analysis', 'NN'), 1591), (('effects', 'NNS'), 1311), (('collisions', 'NNS'), 1263), (('treatment', 'NN'), 1247), (('case', 'NN'), 1168), (('sicily', 'RB'), 1008), (('clinical', 'JJ'), 995), (('effect', 'NN'), 989), (('model', 'NN'), 986), (('activity', 'NN'), 920), (('system', 'NN'), 907), (('italian', 'JJ'), 863), (('disease', 'NN'), 847), (('evaluation', 'NN'), 844), (('della', 'NN'), 817), (('using', 'VBG'), 817), (('production', 'NN'), 797), (('approach', 'NN'), 796), (('human', 'JJ'), 791), (('properties', 'NNS'), 789), (('italy', 'NN'), 779), (('role', 'NN'), 774), (('cancer', 'NN'), 744), (('characterization', 'NN'), 741), (('cells', 'NNS'), 729), (('synthesis', 'NN'), 696)]
Messina;[('study', 2471), ('effect', 2039), ('patient', 1942), ('di', 1625), ('analysis', 1157), ('cell', 1087), ('disease', 1044), ('model', 1015), ('treatment', 967), ('case', 944), ('system', 887), ('use', 861), ('new', 853), ('activity', 834), ('complex', 816), ('structure', 802), ('clinic', 771), ('evaluation', 770), ('italy', 756), ('water', 738), ('italian', 733), ('solution', 711), ('property', 698), ('synthesis', 655), ('human', 628), ('cancer', 622), ('del', 616), ('role', 611), ('approach', 603), ('della', 585)];[(('study', 'NN'), 2027), (('patients', 'NNS'), 1734), (('di', 'NN'), 1255), (('effects', 'NNS'), 1163), (('analysis', 'NN'), 1079), (('treatment', 'NN'), 930), (('effect', 'NN'), 876), (('new', 'JJ'), 846), (('case', 'NN'), 793), (('clinical', 'JJ'), 750), (('evaluation', 'NN'), 739), (('disease', 'NN'), 729), (('italian', 'JJ'), 724), (('activity', 'NN'), 718), (('properties', 'NNS'), 686), (('model', 'NN'), 609), (('role', 'NN'), 598), (('synthesis', 'NN'), 579), (('della', 'NN'), 566), (('human', 'JJ'), 564), (('different', 'JJ'), 544), (('characterization', 'NN'), 542), (('cells', 'NNS'), 534), (('cancer', 'NN'), 530), (('approach', 'NN'), 524), (('del', 'NN'), 505), (('system', 'NN'), 504), (('complexes', 'NNS'), 498), (('using', 'VBG'), 488), (('italy', 'NN'), 427)]
Torino;[('study', 8337), ('analysis', 5685), ('model', 5488), ('cell', 5405), ('patient', 5329), ('di', 4915), ('effect', 4887), ('system', 4042), ('use', 3889), ('cancer', 3643), ('italy', 3001), ('new', 2980), ('treatment', 2831), ('structure', 2828), ('case', 2775), ('italian', 2657), ('approach', 2615), ('human', 2567), ('measurement', 2218), ('disease', 2192), ('property', 2136), ('clinic', 2080), ('evaluation', 2022), ('surface', 2004), ('control', 1987), ('application', 1947), ('role', 1931), ('method', 1925), ('experiment', 1847), ('la', 1821)];[(('study', 'NN'), 7011), (('analysis', 'NN'), 5316), (('patients', 'NNS'), 4841), (('di', 'NN'), 3756), (('cancer', 'NN'), 3351), (('new', 'JJ'), 2979), (('italian', 'JJ'), 2627), (('treatment', 'NN'), 2604), (('model', 'NN'), 2564), (('using', 'VBG'), 2494), (('effect', 'NN'), 2464), (('cells', 'NNS'), 2442), (('effects', 'NNS'), 2421), (('human', 'JJ'), 2356), (('approach', 'NN'), 2247), (('cell', 'NN'), 2229), (('case', 'NN'), 2158), (('properties', 'NNS'), 2066), (('clinical', 'JJ'), 2040), (('system', 'NN'), 2025), (('systems', 'NNS'), 2017), (('italy', 'NN'), 1979), (('evaluation', 'NN'), 1900), (('role', 'NN'), 1873), (('production', 'NN'), 1769), (('characterization', 'NN'), 1737), (('results', 'NNS'), 1648), (('della', 'NN'), 1604), (('energy', 'NN'), 1573), (('data', 'NNS'), 1518)]
Trieste;[('study', 2746), ('model', 2491), ('structure', 1843), ('effect', 1840), ('collision', 1638), ('measurement', 1593), ('system', 1577), ('analysis', 1448), ('search', 1428), ('use', 1358), ('cell', 1336), ('decay', 1322), ('di', 1258), ('tev', 1242), ('patient', 1230), ('galaxy', 1207), ('new', 1173), ('theory', 1075), ('property', 1055), ('production', 1052), ('complex', 991), ('quantum', 980), ('molecule', 971), ('state', 914), ('dynamic', 910), ('surface', 905), ('result', 882), ('case', 847), ('solution', 835), ('activity', 831)];[(('study', 'NN'), 2150), (('collisions', 'NNS'), 1598), (('model', 'NN'), 1354), (('analysis', 'NN'), 1323), (('search', 'NN'), 1281), (('new', 'JJ'), 1170), (('effects', 'NNS'), 1105), (('patients', 'NNS'), 1101), (('production', 'NN'), 1052), (('using', 'VBG'), 1044), (('structure', 'NN'), 1019), (('properties', 'NNS'), 1017), (('di', 'NN'), 974), (('measurement', 'NN'), 942), (('systems', 'NNS'), 919), (('results', 'NNS'), 815), (('activity', 'NN'), 758), (('dynamics', 'NNS'), 739), (('theory', 'NN'), 736), (('effect', 'NN'), 735), (('approach', 'NN'), 713), (('molecular', 'JJ'), 710), (('case', 'NN'), 698), (('energy', 'NN'), 687), (('models', 'NNS'), 666), (('√s', 'VBP'), 663), (('cells', 'NNS'), 661), (('system', 'NN'), 658), (('human', 'JJ'), 653), (('tev', 'NN'), 653)]
Venezia;[('study', 752), ('model', 690), ('analysis', 657), ('complex', 586), ('italy', 547), ('di', 538), ('structure', 484), ('synthesis', 476), ('use', 459), ('venice', 421), ('system', 399), ('case', 398), ('effect', 398), ('new', 379), ('water', 355), ('approach', 347), ('la', 344), ('lagoon', 313), ('city', 305), ('italian', 291), ('de', 287), ('assessment', 282), ('reaction', 280), ('change', 275), ('catalyst', 274), ('acid', 261), ('characterization', 257), ('environment', 242), ('dynamic', 237), ('del', 230)];[(('analysis', 'NN'), 615), (('study', 'NN'), 553), (('complexes', 'NNS'), 490), (('synthesis', 'NN'), 428), (('di', 'NN'), 426), (('italy', 'NN'), 387), (('case', 'NN'), 381), (('new', 'JJ'), 379), (('model', 'NN'), 329), (('venice', 'NN'), 301), (('using', 'VBG'), 298), (('italian', 'JJ'), 284), (('approach', 'NN'), 283), (('characterization', 'NN'), 257), (('structure', 'NN'), 245), (('water', 'NN'), 238), (('system', 'NN'), 218), (('lagoon', 'NN'), 216), (('effects', 'NNS'), 207), (('role', 'NN'), 204), (('evidence', 'NN'), 202), (('sea', 'NN'), 197), (('risk', 'NN'), 194), (('assessment', 'NN'), 192), (('effect', 'NN'), 191), (('properties', 'NNS'), 191), (('urban', 'JJ'), 187), (('preparation', 'NN'), 186), (('systems', 'NNS'), 181), (('data', 'NNS'), 180)]
Campobasso;[('italy', 462), ('study', 443), ('effect', 411), ('use', 322), ('analysis', 291), ('italian', 288), ('patient', 280), ('cell', 226), ('case', 210), ('forest', 204), ('model', 201), ('new', 198), ('system', 198), ('activity', 194), ('di', 179), ('treatment', 162), ('quality', 158), ('olive', 157), ('approach', 156), ('role', 156), ('assessment', 155), ('southern', 151), ('different', 149), ('mediterranean', 148), ('method', 143), ('oil', 142), ('response', 135), ('structure', 134), ('evaluation', 133), ('acid', 133)];[(('study', 'NN'), 382), (('italy', 'NN'), 309), (('italian', 'JJ'), 284), (('analysis', 'NN'), 268), (('patients', 'NNS'), 251), (('effects', 'NNS'), 206), (('effect', 'NN'), 205), (('new', 'JJ'), 198), (('case', 'NN'), 193), (('using', 'VBG'), 187), (('activity', 'NN'), 173), (('role', 'NN'), 153), (('southern', 'JJ'), 150), (('different', 'JJ'), 145), (('treatment', 'NN'), 145), (('quality', 'NN'), 143), (('approach', 'NN'), 132), (('di', 'NN'), 131), (('evaluation', 'NN'), 125), (('olive', 'JJ'), 122), (('cancer', 'NN'), 119), (('species', 'NNS'), 115), (('system', 'NN'), 113), (('data', 'NNS'), 111), (('central', 'JJ'), 111), (('forest', 'JJS'), 111), (('human', 'JJ'), 111), (('cells', 'NNS'), 111), (('growth', 'NN'), 110), (('oil', 'NN'), 107)]
Pavia;[('study', 3968), ('patient', 3326), ('di', 2813), ('cell', 2734), ('effect', 2552), ('model', 2093), ('analysis', 1984), ('collision', 1930), ('use', 1741), ('human', 1691), ('tev', 1673), ('treatment', 1595), ('disease', 1548), ('system', 1462), ('clinic', 1440), ('case', 1426), ('new', 1425), ('structure', 1356), ('measurement', 1339), ('search', 1232), ('italy', 1223), ('syndrome', 1200), ('italian', 1163), ('production', 1110), ('detector', 1089), ('atlas', 1088), ('pp', 1077), ('activity', 1017), ('evaluation', 1008), ('approach', 975)];[(('study', 'NN'), 3193), (('patients', 'NNS'), 3016), (('di', 'NN'), 2202), (('analysis', 'NN'), 1860), (('collisions', 'NNS'), 1839), (('treatment', 'NN'), 1518), (('human', 'JJ'), 1514), (('new', 'JJ'), 1421), (('clinical', 'JJ'), 1413), (('effects', 'NNS'), 1379), (('cells', 'NNS'), 1354), (('effect', 'NN'), 1173), (('using', 'VBG'), 1164), (('italian', 'JJ'), 1145), (('search', 'NN'), 1130), (('production', 'NN'), 1109), (('case', 'NN'), 1108), (('model', 'NN'), 1083), (('disease', 'NN'), 1060), (('cell', 'NN'), 1025), (('detector', 'NN'), 998), (('evaluation', 'NN'), 947), (('activity', 'NN'), 884), (('della', 'NN'), 880), (('system', 'NN'), 873), (('approach', 'NN'), 843), (('atlas', 'NNS'), 840), (('properties', 'NNS'), 806), (('tev', 'NN'), 798), (('role', 'NN'), 785)]
Brescia;[('patient', 2670), ('study', 2182), ('cell', 1417), ('analysis', 1039), ('effect', 1035), ('treatment', 968), ('disease', 962), ('cancer', 869), ('heart', 835), ('clinic', 828), ('model', 811), ('italian', 773), ('human', 727), ('di', 703), ('case', 670), ('system', 629), ('use', 612), ('failure', 611), ('syndrome', 557), ('factor', 554), ('italy', 533), ('outcome', 512), ('therapy', 504), ('risk', 496), ('acute', 496), ('result', 484), ('role', 479), ('new', 478), ('carcinoma', 466), ('growth', 455)];[(('patients', 'NNS'), 2423), (('study', 'NN'), 1957), (('analysis', 'NN'), 983), (('treatment', 'NN'), 930), (('cancer', 'NN'), 816), (('clinical', 'JJ'), 811), (('italian', 'JJ'), 768), (('human', 'JJ'), 648), (('heart', 'NN'), 645), (('cells', 'NNS'), 636), (('cell', 'NN'), 617), (('disease', 'NN'), 608), (('failure', 'NN'), 600), (('effects', 'NNS'), 593), (('case', 'NN'), 538), (('di', 'NN'), 504), (('new', 'JJ'), 478), (('role', 'NN'), 467), (('therapy', 'NN'), 466), (('results', 'NNS'), 457), (('growth', 'NN'), 454), (('effect', 'NN'), 442), (('risk', 'NN'), 433), (('model', 'NN'), 424), (('evaluation', 'NN'), 420), (('carcinoma', 'NN'), 401), (('system', 'NN'), 385), (('management', 'NN'), 378), (('chronic', 'JJ'), 363), (('approach', 'NN'), 361)]
Trento;[('model', 1561), ('study', 1444), ('analysis', 1306), ('effect', 1296), ('use', 1236), ('collision', 1122), ('tev', 984), ('system', 982), ('search', 890), ('structure', 875), ('approach', 767), ('measurement', 733), ('dynamic', 715), ('property', 689), ('data', 680), ('production', 677), ('process', 629), ('network', 621), ('space', 621), ('italy', 621), ('new', 619), ('method', 615), ('pp', 605), ('base', 589), ('experiment', 577), ('detector', 574), ('state', 568), ('image', 543), ('application', 540), ('high', 529)];[(('analysis', 'NN'), 1206), (('collisions', 'NNS'), 1077), (('study', 'NN'), 1076), (('using', 'VBG'), 970), (('search', 'NN'), 810), (('model', 'NN'), 765), (('effects', 'NNS'), 688), (('production', 'NN'), 677), (('data', 'NNS'), 664), (('properties', 'NNS'), 661), (('approach', 'NN'), 651), (('new', 'JJ'), 618), (('effect', 'NN'), 608), (('systems', 'NNS'), 549), (('based', 'VBN'), 546), (('dynamics', 'NNS'), 494), (('tev', 'NN'), 487), (('detector', 'NN'), 459), (('√s', 'VBP'), 444), (('characterization', 'NN'), 437), (('role', 'NN'), 437), (('system', 'NN'), 433), (('italian', 'JJ'), 432), (('case', 'NN'), 431), (('energy', 'NN'), 417), (('italy', 'NN'), 409), (('social', 'JJ'), 387), (('high', 'JJ'), 386), (('structure', 'NN'), 386), (('measurement', 'NN'), 382)]
Palermo;[('study', 3327), ('patient', 2641), ('effect', 2423), ('di', 2160), ('analysis', 1862), ('cell', 1764), ('model', 1576), ('system', 1499), ('italy', 1466), ('case', 1359), ('use', 1274), ('cancer', 1267), ('treatment', 1256), ('sicily', 1245), ('new', 1233), ('disease', 1231), ('structure', 1058), ('activity', 965), ('water', 962), ('italian', 944), ('approach', 893), ('mediterranean', 871), ('role', 869), ('clinic', 861), ('human', 816), ('evaluation', 786), ('del', 778), ('della', 754), ('property', 753), ('characterization', 726)];[(('study', 'NN'), 2696), (('patients', 'NNS'), 2402), (('analysis', 'NN'), 1744), (('di', 'NN'), 1681), (('effects', 'NNS'), 1408), (('new', 'JJ'), 1233), (('sicily', 'RB'), 1185), (('treatment', 'NN'), 1183), (('case', 'NN'), 1172), (('cancer', 'NN'), 1092), (('effect', 'NN'), 1015), (('cells', 'NNS'), 930), (('italian', 'JJ'), 929), (('disease', 'NN'), 869), (('activity', 'NN'), 858), (('role', 'NN'), 850), (('clinical', 'JJ'), 841), (('italy', 'NN'), 808), (('model', 'NN'), 800), (('system', 'NN'), 799), (('approach', 'NN'), 779), (('human', 'JJ'), 757), (('using', 'VBG'), 751), (('evaluation', 'NN'), 747), (('della', 'NN'), 741), (('properties', 'NNS'), 707), (('characterization', 'NN'), 703), (('systems', 'NNS'), 700), (('cell', 'NN'), 629), (('different', 'JJ'), 597)]
L'Aquila;[('study', 1853), ('model', 1476), ('system', 1250), ('effect', 1134), ('patient', 1105), ('analysis', 1093), ('cell', 1075), ('use', 843), ('structure', 740), ('new', 684), ('treatment', 662), ('human', 626), ('di', 618), ('case', 598), ('italy', 593), ('cancer', 570), ('italian', 546), ('experiment', 540), ('disease', 525), ('approach', 514), ('dynamic', 495), ('result', 494), ('clinic', 487), ('method', 465), ('control', 425), ('data', 421), ('property', 416), ('energy', 406), ('solution', 403), ('equation', 403)];[(('study', 'NN'), 1543), (('analysis', 'NN'), 1037), (('patients', 'NNS'), 1022), (('model', 'NN'), 756), (('systems', 'NNS'), 737), (('new', 'JJ'), 683), (('effects', 'NNS'), 644), (('treatment', 'NN'), 615), (('using', 'VBG'), 611), (('human', 'JJ'), 576), (('cells', 'NNS'), 576), (('italian', 'JJ'), 541), (('cancer', 'NN'), 532), (('case', 'NN'), 531), (('system', 'NN'), 513), (('effect', 'NN'), 490), (('di', 'NN'), 479), (('clinical', 'JJ'), 476), (('results', 'NNS'), 470), (('approach', 'NN'), 458), (('data', 'NNS'), 411), (('properties', 'NNS'), 401), (('role', 'NN'), 382), (('energy', 'NN'), 377), (('cell', 'NN'), 374), (('evaluation', 'NN'), 371), (('italy', 'NN'), 357), (('activity', 'NN'), 347), (('disease', 'NN'), 338), (('structure', 'NN'), 336)]
Teramo;[('effect', 243), ('cell', 207), ('italy', 203), ('study', 159), ('italian', 142), ('analysis', 139), ('dog', 125), ('activity', 111), ('use', 107), ('system', 107), ('food', 106), ('sheep', 105), ('quality', 97), ('human', 94), ('detection', 93), ('di', 92), ('evaluation', 87), ('receptor', 87), ('canine', 85), ('model', 85), ('characterization', 85), ('acid', 83), ('molecule', 83), ('olive', 82), ('cat', 75), ('vitro', 75), ('different', 74), ('gene', 74), ('treatment', 72), ('role', 72)];[(('italian', 'JJ'), 142), (('effect', 'NN'), 138), (('study', 'NN'), 134), (('analysis', 'NN'), 131), (('italy', 'NN'), 119), (('cells', 'NNS'), 110), (('effects', 'NNS'), 105), (('activity', 'NN'), 99), (('quality', 'NN'), 95), (('detection', 'NN'), 91), (('food', 'NN'), 88), (('dogs', 'NNS'), 84), (('evaluation', 'NN'), 84), (('characterization', 'NN'), 84), (('human', 'JJ'), 83), (('system', 'NN'), 81), (('molecular', 'JJ'), 76), (('different', 'JJ'), 71), (('role', 'NN'), 71), (('using', 'VBG'), 70), (('cell', 'NN'), 70), (('di', 'NN'), 67), (('olive', 'JJ'), 67), (('treatment', 'NN'), 65), (('properties', 'NNS'), 65), (('model', 'NN'), 62), (('expression', 'NN'), 62), (('canine', 'NN'), 60), (('new', 'JJ'), 59), (('growth', 'NN'), 56)]
Reggio Di Calabria;[('model', 399), ('effect', 374), ('analysis', 371), ('system', 320), ('italy', 302), ('use', 267), ('approach', 252), ('study', 222), ('network', 213), ('cell', 212), ('problem', 200), ('soil', 193), ('olive', 183), ('solution', 174), ('application', 163), ('case', 158), ('base', 150), ('calabria', 144), ('different', 143), ('oil', 140), ('new', 139), ('structure', 139), ('southern', 137), ('method', 135), ('activity', 135), ('assessment', 133), ('mediterranean', 132), ('response', 127), ('nonlinear', 126), ('forest', 123)];[(('analysis', 'NN'), 349), (('approach', 'NN'), 229), (('effects', 'NNS'), 217), (('model', 'NN'), 212), (('italy', 'NN'), 207), (('study', 'NN'), 189), (('using', 'VBG'), 184), (('systems', 'NNS'), 174), (('effect', 'NN'), 157), (('system', 'NN'), 146), (('based', 'VBN'), 145), (('case', 'NN'), 144), (('different', 'JJ'), 140), (('olive', 'JJ'), 140), (('solutions', 'NNS'), 140), (('new', 'JJ'), 139), (('southern', 'JJ'), 135), (('soil', 'NN'), 123), (('cells', 'NNS'), 117), (('evaluation', 'NN'), 115), (('activity', 'NN'), 115), (('problems', 'NNS'), 114), (('energy', 'NN'), 111), (('properties', 'NNS'), 110), (('networks', 'NNS'), 110), (('characterization', 'NN'), 107), (('quality', 'NN'), 103), (('response', 'NN'), 101), (('italian', 'JJ'), 100), (('growth', 'NN'), 100)]
Cosenza;[('model', 1254), ('study', 1141), ('analysis', 1106), ('membrane', 1062), ('atlas', 1034), ('use', 1014), ('system', 930), ('effect', 891), ('detector', 885), ('italy', 866), ('collision', 809), ('structure', 772), ('cell', 757), ('tev', 736), ('measurement', 671), ('property', 664), ('approach', 658), ('production', 606), ('new', 603), ('synthesis', 593), ('search', 586), ('pp', 540), ('base', 515), ('complex', 497), ('experiment', 480), ('data', 478), ('human', 474), ('√s', 470), ('liquid', 466), ('crystal', 466)];[(('analysis', 'NN'), 1029), (('study', 'NN'), 897), (('detector', 'NN'), 873), (('using', 'VBG'), 810), (('atlas', 'NNS'), 798), (('collisions', 'NNS'), 736), (('properties', 'NNS'), 644), (('model', 'NN'), 622), (('production', 'NN'), 606), (('new', 'JJ'), 603), (('italy', 'NN'), 601), (('approach', 'NN'), 582), (('membrane', 'NN'), 571), (('search', 'NN'), 543), (('synthesis', 'NN'), 531), (('effects', 'NNS'), 507), (('based', 'VBN'), 473), (('systems', 'NNS'), 468), (('data', 'NNS'), 463), (('system', 'NN'), 462), (('human', 'JJ'), 450), (('characterization', 'NN'), 447), (('membranes', 'NNS'), 433), (('southern', 'JJ'), 419), (('cells', 'NNS'), 408), (('effect', 'NN'), 384), (('energy', 'NN'), 382), (('measurement', 'NN'), 375), (('activity', 'NN'), 357), (('tev', 'JJ'), 356)]
Potenza;[('collision', 940), ('tev', 787), ('measurement', 782), ('italy', 773), ('decay', 771), ('search', 733), ('study', 678), ('production', 583), ('analysis', 576), ('use', 570), ('southern', 486), ('effect', 478), ('model', 475), ('√s', 428), ('pp', 427), ('system', 388), ('structure', 362), ('boson', 360), ('new', 331), ('protonproton', 320), ('→', 317), ('state', 300), ('water', 281), ('property', 267), ('jet', 260), ('approach', 258), ('soil', 250), ('activity', 245), ('characterization', 245), ('observation', 240)];[(('collisions', 'NNS'), 934), (('search', 'NN'), 681), (('italy', 'NN'), 592), (('production', 'NN'), 583), (('analysis', 'NN'), 542), (('tev', 'NN'), 499), (('study', 'NN'), 494), (('measurement', 'NN'), 487), (('southern', 'JJ'), 482), (('using', 'VBG'), 429), (('√s', 'VBP'), 390), (('new', 'JJ'), 331), (('decays', 'NNS'), 289), (('effects', 'NNS'), 272), (('properties', 'NNS'), 261), (('→', 'NNP'), 254), (('characterization', 'NN'), 243), (('model', 'NN'), 242), (('tev', 'VBP'), 239), (('approach', 'NN'), 225), (('pp', 'NN'), 220), (('case', 'NN'), 219), (('final', 'JJ'), 217), (('water', 'NN'), 212), (('activity', 'NN'), 209), (('data', 'NNS'), 209), (('effect', 'NN'), 206), (('decay', 'NN'), 206), (('system', 'NN'), 204), (('soil', 'NN'), 202)]
Florence;[('study', 6306), ('patient', 3708), ('effect', 3601), ('analysis', 3173), ('cell', 3132), ('di', 3042), ('model', 2866), ('italy', 2756), ('new', 2544), ('structure', 2476), ('use', 2441), ('system', 2386), ('human', 2286), ('case', 1976), ('disease', 1911), ('italian', 1893), ('treatment', 1882), ('carbon', 1685), ('complex', 1669), ('cancer', 1633), ('synthesis', 1598), ('activity', 1577), ('clinic', 1545), ('measurement', 1471), ('approach', 1425), ('role', 1375), ('evaluation', 1374), ('inhibitor', 1337), ('molecule', 1333), ('property', 1327)];[(('study', 'NN'), 4838), (('patients', 'NNS'), 3402), (('analysis', 'NN'), 2956), (('new', 'JJ'), 2539), (('di', 'NN'), 2335), (('human', 'JJ'), 2105), (('effects', 'NNS'), 2054), (('italian', 'JJ'), 1862), (('italy', 'NN'), 1834), (('treatment', 'NN'), 1784), (('cells', 'NNS'), 1631), (('case', 'NN'), 1606), (('effect', 'NN'), 1547), (('using', 'VBG'), 1531), (('clinical', 'JJ'), 1504), (('model', 'NN'), 1489), (('cancer', 'NN'), 1437), (('activity', 'NN'), 1415), (('synthesis', 'NN'), 1363), (('structure', 'NN'), 1341), (('role', 'NN'), 1331), (('anhydrase', 'NN'), 1313), (('evaluation', 'NN'), 1312), (('properties', 'NNS'), 1288), (('carbonic', 'JJ'), 1271), (('approach', 'NN'), 1205), (('systems', 'NNS'), 1204), (('disease', 'NN'), 1183), (('system', 'NN'), 1182), (('collisions', 'NNS'), 1171)]
Bari;[('study', 4000), ('effect', 2811), ('patient', 2725), ('di', 2643), ('analysis', 2377), ('italy', 2283), ('collision', 2213), ('use', 2130), ('model', 1987), ('cell', 1973), ('system', 1789), ('tev', 1768), ('measurement', 1763), ('case', 1584), ('search', 1577), ('new', 1547), ('decay', 1452), ('disease', 1390), ('production', 1384), ('italian', 1359), ('treatment', 1350), ('human', 1263), ('evaluation', 1148), ('structure', 1097), ('approach', 1096), ('activity', 1049), ('clinic', 1028), ('del', 1026), ('characterization', 1007), ('pp', 984)];[(('study', 'NN'), 3347), (('patients', 'NNS'), 2468), (('analysis', 'NN'), 2238), (('collisions', 'NNS'), 2172), (('di', 'NN'), 2059), (('italy', 'NN'), 1591), (('new', 'JJ'), 1544), (('effects', 'NNS'), 1512), (('search', 'NN'), 1434), (('production', 'NN'), 1382), (('using', 'VBG'), 1366), (('italian', 'JJ'), 1345), (('effect', 'NN'), 1299), (('case', 'NN'), 1288), (('treatment', 'NN'), 1266), (('tev', 'NN'), 1147), (('human', 'JJ'), 1145), (('model', 'NN'), 1088), (('measurement', 'NN'), 1069), (('evaluation', 'NN'), 1067), (('system', 'NN'), 1020), (('clinical', 'JJ'), 998), (('characterization', 'NN'), 993), (('role', 'NN'), 956), (('cells', 'NNS'), 948), (('southern', 'JJ'), 946), (('approach', 'NN'), 946), (('activity', 'NN'), 907), (('della', 'NN'), 845), (('disease', 'NN'), 841)]
Foggia;[('patient', 939), ('study', 865), ('effect', 551), ('cell', 497), ('italy', 408), ('italian', 378), ('disease', 370), ('case', 362), ('use', 353), ('analysis', 350), ('treatment', 313), ('di', 292), ('clinic', 258), ('heart', 248), ('model', 229), ('quality', 229), ('syndrome', 228), ('role', 225), ('cancer', 217), ('human', 208), ('carcinoma', 201), ('new', 201), ('factor', 198), ('approach', 196), ('evaluation', 193), ('system', 190), ('different', 189), ('expression', 189), ('chronic', 186), ('risk', 184)];[(('patients', 'NNS'), 858), (('study', 'NN'), 793), (('italian', 'JJ'), 373), (('analysis', 'NN'), 333), (('effects', 'NNS'), 318), (('case', 'NN'), 317), (('treatment', 'NN'), 289), (('italy', 'NN'), 265), (('clinical', 'JJ'), 249), (('effect', 'NN'), 233), (('cell', 'NN'), 232), (('disease', 'NN'), 222), (('role', 'NN'), 221), (('di', 'NN'), 218), (('quality', 'NN'), 210), (('cells', 'NNS'), 209), (('cancer', 'NN'), 201), (('new', 'JJ'), 201), (('different', 'JJ'), 185), (('evaluation', 'NN'), 184), (('expression', 'NN'), 180), (('human', 'JJ'), 179), (('using', 'VBG'), 177), (('chronic', 'JJ'), 172), (('approach', 'NN'), 168), (('risk', 'NN'), 165), (('carcinoma', 'NN'), 163), (('activity', 'NN'), 162), (('report', 'NN'), 156), (('production', 'NN'), 156)]
San Domenico di Fiesole;[('european', 378), ('policy', 237), ('europe', 226), ('law', 189), ('eu', 179), ('political', 167), ('market', 164), ('social', 162), ('economy', 154), ('state', 154), ('international', 149), ('case', 149), ('union', 139), ('model', 137), ('evidence', 119), ('trade', 119), ('right', 119), ('crisis', 116), ('party', 109), ('analysis', 108), ('new', 107), ('role', 107), ('effect', 105), ('de', 105), ('politics', 101), ('system', 99), ('governance', 95), ('finance', 94), ('italy', 93), ('education', 93)];[(('european', 'JJ'), 354), (('policy', 'NN'), 186), (('law', 'NN'), 183), (('political', 'JJ'), 167), (('social', 'JJ'), 161), (('international', 'JJ'), 149), (('case', 'NN'), 133), (('europe', 'NN'), 132), (('evidence', 'NN'), 118), (('union', 'NN'), 117), (('economic', 'JJ'), 110), (('new', 'JJ'), 107), (('analysis', 'NN'), 103), (('role', 'NN'), 101), (('politics', 'NNS'), 101), (('market', 'NN'), 100), (('crisis', 'NN'), 100), (('trade', 'NN'), 98), (('governance', 'NN'), 95), (('public', 'JJ'), 85), (('rights', 'NNS'), 84), (('state', 'NN'), 83), (('migration', 'NN'), 77), (('italian', 'JJ'), 77), (('global', 'JJ'), 75), (('integration', 'NN'), 75), (('legal', 'JJ'), 71), (('states', 'NNS'), 69), (('effects', 'NNS'), 65), (('human', 'JJ'), 65)]
Lecce;[('atlas', 1061), ('detector', 1021), ('model', 800), ('collision', 799), ('study', 784), ('tev', 774), ('use', 753), ('analysis', 729), ('effect', 709), ('measurement', 645), ('search', 644), ('cell', 619), ('system', 616), ('pp', 544), ('√s', 525), ('italy', 521), ('property', 508), ('production', 488), ('structure', 464), ('film', 449), ('new', 436), ('laser', 434), ('mediterranean', 413), ('base', 404), ('application', 395), ('characterization', 388), ('approach', 385), ('experiment', 363), ('decay', 355), ('high', 342)];[(('detector', 'NN'), 969), (('atlas', 'NNS'), 824), (('collisions', 'NNS'), 729), (('analysis', 'NN'), 674), (('using', 'VBG'), 618), (('search', 'NN'), 589), (('study', 'NN'), 578), (('production', 'NN'), 488), (('properties', 'NNS'), 487), (('new', 'JJ'), 436), (('model', 'NN'), 411), (('effects', 'NNS'), 400), (('films', 'NNS'), 395), (('based', 'VBN'), 380), (('characterization', 'NN'), 378), (('italy', 'NN'), 374), (('tev', 'JJ'), 374), (('√s', 'VBP'), 372), (('cells', 'NNS'), 351), (('measurement', 'NN'), 345), (('system', 'NN'), 340), (('approach', 'NN'), 330), (('data', 'NNS'), 325), (('effect', 'NN'), 309), (('energy', 'NN'), 296), (('sea', 'NN'), 291), (('pp', 'NN'), 289), (('laser', 'NN'), 282), (('systems', 'NNS'), 276), (('synthesis', 'NN'), 260)]
Vicenza;[('study', 2684), ('cell', 1904), ('patient', 1630), ('effect', 1503), ('human', 1297), ('analysis', 1269), ('di', 1154), ('italy', 1116), ('receptor', 1057), ('measurement', 1023), ('model', 981), ('decay', 974), ('new', 970), ('use', 961), ('synthesis', 951), ('activity', 850), ('case', 833), ('system', 832), ('structure', 799), ('disease', 770), ('treatment', 719), ('cancer', 672), ('factor', 667), ('complex', 641), ('italian', 625), ('characterization', 614), ('evaluation', 601), ('clinic', 577), ('result', 573), ('acid', 573)];[(('study', 'NN'), 2152), (('patients', 'NNS'), 1493), (('human', 'JJ'), 1206), (('analysis', 'NN'), 1163), (('cells', 'NNS'), 1071), (('new', 'JJ'), 970), (('di', 'NN'), 896), (('effects', 'NNS'), 859), (('synthesis', 'NN'), 846), (('italy', 'NN'), 779), (('activity', 'NN'), 766), (('receptor', 'NN'), 741), (('case', 'NN'), 699), (('treatment', 'NN'), 686), (('effect', 'NN'), 644), (('measurement', 'NN'), 615), (('italian', 'JJ'), 612), (('using', 'VBG'), 599), (('characterization', 'NN'), 597), (('evaluation', 'NN'), 572), (('clinical', 'JJ'), 563), (('cell', 'NN'), 563), (('results', 'NNS'), 556), (('cancer', 'NN'), 538), (('disease', 'NN'), 520), (('model', 'NN'), 489), (('role', 'NN'), 487), (('system', 'NN'), 481), (('approach', 'NN'), 478), (('expression', 'NN'), 462)]
Genova;[('study', 4350), ('patient', 3534), ('cell', 3392), ('di', 2802), ('effect', 2678), ('analysis', 2344), ('model', 2203), ('use', 2162), ('system', 2086), ('measurement', 1865), ('human', 1780), ('disease', 1774), ('collision', 1701), ('treatment', 1690), ('new', 1682), ('search', 1582), ('case', 1542), ('tev', 1515), ('decay', 1459), ('structure', 1457), ('clinic', 1411), ('italy', 1353), ('activity', 1333), ('cancer', 1293), ('italian', 1272), ('production', 1260), ('approach', 1179), ('detector', 1165), ('evaluation', 1100), ('experiment', 1086)];[(('study', 'NN'), 3631), (('patients', 'NNS'), 3225), (('di', 'NN'), 2214), (('analysis', 'NN'), 2172), (('cells', 'NNS'), 1707), (('new', 'JJ'), 1682), (('treatment', 'NN'), 1625), (('collisions', 'NNS'), 1613), (('human', 'JJ'), 1588), (('effects', 'NNS'), 1466), (('using', 'VBG'), 1455), (('search', 'NN'), 1426), (('clinical', 'JJ'), 1373), (('system', 'NN'), 1299), (('cell', 'NN'), 1277), (('production', 'NN'), 1257), (('italian', 'JJ'), 1257), (('case', 'NN'), 1228), (('effect', 'NN'), 1212), (('cancer', 'NN'), 1191), (('model', 'NN'), 1148), (('activity', 'NN'), 1106), (('disease', 'NN'), 1074), (('detector', 'NN'), 1061), (('measurement', 'NN'), 1048), (('evaluation', 'NN'), 1045), (('approach', 'NN'), 1022), (('della', 'NN'), 982), (('properties', 'NNS'), 960), (('role', 'NN'), 923)]
Udine;[('study', 1444), ('atlas', 1009), ('patient', 986), ('effect', 946), ('detector', 925), ('use', 916), ('analysis', 903), ('collision', 844), ('model', 830), ('cell', 787), ('tev', 782), ('search', 746), ('measurement', 708), ('system', 667), ('production', 587), ('italian', 561), ('di', 543), ('pp', 538), ('√s', 525), ('cancer', 511), ('italy', 468), ('decay', 432), ('new', 423), ('structure', 423), ('treatment', 418), ('approach', 411), ('boson', 376), ('high', 371), ('case', 361), ('method', 358)];[(('study', 'NN'), 1232), (('patients', 'NNS'), 910), (('detector', 'NN'), 898), (('analysis', 'NN'), 845), (('atlas', 'NNS'), 786), (('collisions', 'NNS'), 778), (('using', 'VBG'), 677), (('search', 'NN'), 671), (('production', 'NN'), 586), (('italian', 'JJ'), 556), (('effect', 'NN'), 477), (('cancer', 'NN'), 475), (('effects', 'NNS'), 469), (('new', 'JJ'), 422), (('measurement', 'NN'), 421), (('model', 'NN'), 397), (('di', 'NN'), 396), (('√s', 'VBP'), 388), (('treatment', 'NN'), 378), (('cells', 'NNS'), 371), (('approach', 'NN'), 365), (('tev', 'JJ'), 363), (('data', 'NNS'), 344), (('cell', 'NN'), 337), (('system', 'NN'), 334), (('systems', 'NNS'), 333), (('case', 'NN'), 319), (('italy', 'NN'), 313), (('clinical', 'JJ'), 311), (('high', 'JJ'), 295)]
Macerata;[('effect', 817), ('study', 799), ('italy', 680), ('structure', 641), ('synthesis', 579), ('activity', 552), ('model', 524), ('new', 506), ('receptor', 496), ('rat', 495), ('di', 490), ('analysis', 473), ('system', 434), ('cell', 433), ('use', 418), ('complex', 390), ('characterization', 376), ('central', 348), ('property', 328), ('human', 308), ('italian', 296), ('derivative', 291), ('oil', 263), ('evaluation', 256), ('approach', 255), ('ligand', 247), ('quantum', 245), ('case', 235), ('acid', 225), ('la', 221)];[(('study', 'NN'), 562), (('new', 'JJ'), 505), (('synthesis', 'NN'), 496), (('activity', 'NN'), 474), (('italy', 'NN'), 447), (('analysis', 'NN'), 441), (('effects', 'NNS'), 434), (('effect', 'NN'), 383), (('di', 'NN'), 377), (('characterization', 'NN'), 372), (('receptor', 'NN'), 351), (('central', 'JJ'), 348), (('properties', 'NNS'), 322), (('model', 'NN'), 305), (('structure', 'NN'), 298), (('italian', 'JJ'), 295), (('human', 'JJ'), 284), (('using', 'VBG'), 280), (('rats', 'NNS'), 268), (('complexes', 'NNS'), 262), (('derivatives', 'NNS'), 255), (('evaluation', 'NN'), 238), (('structural', 'JJ'), 232), (('approach', 'NN'), 228), (('system', 'NN'), 225), (('essential', 'JJ'), 217), (('cells', 'NNS'), 214), (('case', 'NN'), 213), (('systems', 'NNS'), 209), (('different', 'JJ'), 203)]
Bologna;[('study', 8164), ('effect', 5506), ('patient', 5072), ('analysis', 4915), ('model', 4411), ('cell', 4301), ('di', 3856), ('use', 3794), ('system', 3249), ('new', 3045), ('case', 2984), ('italy', 2862), ('treatment', 2780), ('measurement', 2656), ('structure', 2644), ('collision', 2594), ('disease', 2564), ('human', 2521), ('italian', 2343), ('clinic', 2142), ('approach', 2112), ('acid', 2111), ('production', 2082), ('search', 2058), ('synthesis', 1973), ('tev', 1960), ('activity', 1939), ('evaluation', 1884), ('property', 1857), ('molecule', 1852)];[(('study', 'NN'), 6678), (('patients', 'NNS'), 4595), (('analysis', 'NN'), 4586), (('new', 'JJ'), 3041), (('di', 'NN'), 2958), (('effects', 'NNS'), 2814), (('effect', 'NN'), 2692), (('treatment', 'NN'), 2613), (('using', 'VBG'), 2526), (('collisions', 'NNS'), 2499), (('italian', 'JJ'), 2316), (('human', 'JJ'), 2304), (('case', 'NN'), 2292), (('model', 'NN'), 2238), (('clinical', 'JJ'), 2100), (('production', 'NN'), 2079), (('cells', 'NNS'), 2020), (('italy', 'NN'), 1901), (('search', 'NN'), 1861), (('approach', 'NN'), 1819), (('properties', 'NNS'), 1803), (('evaluation', 'NN'), 1789), (('system', 'NN'), 1777), (('synthesis', 'NN'), 1746), (('cell', 'NN'), 1739), (('disease', 'NN'), 1727), (('activity', 'NN'), 1714), (('role', 'NN'), 1635), (('characterization', 'NN'), 1593), (('different', 'JJ'), 1559)]
Pisa;[('study', 5367), ('effect', 3969), ('collision', 3698), ('patient', 3567), ('model', 3544), ('measurement', 3436), ('analysis', 3219), ('search', 3174), ('use', 3092), ('decay', 2992), ('system', 2925), ('tev', 2833), ('new', 2737), ('cell', 2655), ('di', 2380), ('italy', 2200), ('structure', 2135), ('production', 2084), ('human', 1892), ('cancer', 1689), ('treatment', 1654), ('case', 1651), ('disease', 1624), ('√s', 1616), ('pp', 1615), ('approach', 1614), ('state', 1609), ('activity', 1584), ('property', 1533), ('molecule', 1487)];[(('study', 'NN'), 4298), (('collisions', 'NNS'), 3594), (('patients', 'NNS'), 3329), (('analysis', 'NN'), 2926), (('search', 'NN'), 2894), (('new', 'JJ'), 2736), (('effects', 'NNS'), 2374), (('using', 'VBG'), 2254), (('measurement', 'NN'), 2219), (('production', 'NN'), 2081), (('model', 'NN'), 1986), (('di', 'NN'), 1807), (('human', 'JJ'), 1671), (('effect', 'NN'), 1595), (('treatment', 'NN'), 1559), (('cancer', 'NN'), 1519), (('tev', 'NN'), 1517), (('systems', 'NNS'), 1496), (('properties', 'NNS'), 1471), (('italy', 'NN'), 1448), (('system', 'NN'), 1429), (('approach', 'NN'), 1413), (('activity', 'NN'), 1404), (('italian', 'JJ'), 1402), (('√s', 'VBP'), 1402), (('clinical', 'JJ'), 1394), (('case', 'NN'), 1388), (('evaluation', 'NN'), 1340), (('detector', 'NN'), 1253), (('cells', 'NNS'), 1230)]
Ancona;[('study', 2075), ('patient', 1621), ('analysis', 1267), ('effect', 1238), ('cell', 1183), ('model', 1022), ('system', 886), ('use', 798), ('di', 753), ('human', 753), ('italian', 743), ('case', 719), ('treatment', 706), ('disease', 681), ('cancer', 675), ('italy', 658), ('clinic', 653), ('approach', 618), ('new', 607), ('activity', 536), ('structure', 526), ('role', 504), ('assessment', 471), ('evaluation', 454), ('sea', 443), ('control', 438), ('result', 427), ('carcinoma', 422), ('factor', 421), ('method', 407)];[(('study', 'NN'), 1796), (('patients', 'NNS'), 1491), (('analysis', 'NN'), 1171), (('italian', 'JJ'), 737), (('human', 'JJ'), 700), (('treatment', 'NN'), 652), (('clinical', 'JJ'), 634), (('effects', 'NNS'), 633), (('cancer', 'NN'), 627), (('new', 'JJ'), 606), (('effect', 'NN'), 604), (('case', 'NN'), 593), (('model', 'NN'), 572), (('cell', 'NN'), 569), (('di', 'NN'), 566), (('approach', 'NN'), 546), (('role', 'NN'), 491), (('using', 'VBG'), 484), (('system', 'NN'), 464), (('disease', 'NN'), 462), (('cells', 'NNS'), 449), (('evaluation', 'NN'), 431), (('italy', 'NN'), 429), (('activity', 'NN'), 428), (('sea', 'NN'), 426), (('systems', 'NNS'), 422), (('results', 'NNS'), 407), (('growth', 'NN'), 403), (('different', 'JJ'), 386), (('expression', 'NN'), 381)]
Pesaro E Urbino;[('cell', 614), ('study', 503), ('italy', 502), ('effect', 401), ('new', 399), ('analysis', 370), ('decay', 340), ('model', 338), ('synthesis', 329), ('activity', 320), ('use', 310), ('measurement', 294), ('human', 290), ('structure', 239), ('di', 237), ('system', 214), ('search', 213), ('italian', 208), ('→', 208), ('acid', 190), ('characterization', 185), ('role', 180), ('rat', 175), ('central', 174), ('observation', 173), ('de', 166), ('patient', 159), ('cancer', 155), ('sea', 149), ('complex', 149)];[(('new', 'JJ'), 399), (('study', 'NN'), 370), (('analysis', 'NN'), 338), (('italy', 'NN'), 332), (('cells', 'NNS'), 300), (('synthesis', 'NN'), 294), (('activity', 'NN'), 280), (('human', 'JJ'), 273), (('effects', 'NNS'), 231), (('cell', 'NN'), 222), (('using', 'VBG'), 213), (('italian', 'JJ'), 205), (('measurement', 'NN'), 198), (('model', 'NN'), 187), (('characterization', 'NN'), 182), (('search', 'NN'), 181), (('di', 'NN'), 180), (('→', 'NNP'), 176), (('central', 'JJ'), 174), (('role', 'NN'), 172), (('effect', 'NN'), 170), (('decays', 'NNS'), 152), (('sea', 'NN'), 143), (('patients', 'NNS'), 142), (('properties', 'NNS'), 138), (('production', 'NN'), 137), (('data', 'NNS'), 136), (('evidence', 'NN'), 133), (('case', 'NN'), 133), (('system', 'NN'), 132)]
Verona;[('patient', 2748), ('study', 2652), ('cell', 1646), ('analysis', 1196), ('disease', 1195), ('effect', 1153), ('treatment', 1077), ('cancer', 1031), ('italian', 973), ('clinic', 949), ('human', 896), ('case', 835), ('di', 821), ('use', 744), ('pancreas', 730), ('child', 673), ('surgery', 665), ('protein', 661), ('risk', 650), ('chronic', 615), ('factor', 602), ('model', 598), ('role', 588), ('gene', 574), ('italy', 556), ('new', 552), ('expression', 545), ('associate', 534), ('outcome', 531), ('result', 512)];[(('patients', 'NNS'), 2482), (('study', 'NN'), 2336), (('analysis', 'NN'), 1119), (('treatment', 'NN'), 1041), (('cancer', 'NN'), 965), (('italian', 'JJ'), 963), (('clinical', 'JJ'), 928), (('disease', 'NN'), 841), (('human', 'JJ'), 761), (('cell', 'NN'), 754), (('cells', 'NNS'), 694), (('effects', 'NNS'), 668), (('di', 'NN'), 645), (('case', 'NN'), 620), (('children', 'NNS'), 610), (('pancreatic', 'JJ'), 605), (('risk', 'NN'), 570), (('role', 'NN'), 565), (('new', 'JJ'), 550), (('chronic', 'JJ'), 544), (('expression', 'NN'), 532), (('results', 'NNS'), 497), (('effect', 'NN'), 485), (('associated', 'VBN'), 465), (('gene', 'NN'), 460), (('activity', 'NN'), 437), (('evaluation', 'NN'), 435), (('approach', 'NN'), 402), (('protein', 'NN'), 398), (('using', 'VBG'), 396)]
Cagliari;[('study', 2458), ('effect', 1430), ('patient', 1357), ('di', 1227), ('rat', 1126), ('analysis', 1100), ('model', 1056), ('sardinia', 1012), ('italy', 955), ('system', 924), ('activity', 894), ('use', 869), ('structure', 839), ('new', 824), ('cell', 803), ('treatment', 785), ('receptor', 773), ('human', 747), ('case', 737), ('disease', 729), ('synthesis', 673), ('italian', 645), ('property', 623), ('approach', 558), ('role', 534), ('measurement', 529), ('complex', 527), ('clinic', 522), ('acid', 512), ('cancer', 508)];[(('study', 'NN'), 1956), (('patients', 'NNS'), 1219), (('analysis', 'NN'), 1040), (('di', 'NN'), 931), (('new', 'JJ'), 824), (('activity', 'NN'), 790), (('effect', 'NN'), 767), (('treatment', 'NN'), 745), (('sardinia', 'NN'), 735), (('human', 'JJ'), 691), (('italy', 'NN'), 672), (('effects', 'NNS'), 663), (('italian', 'JJ'), 637), (('properties', 'NNS'), 617), (('case', 'NN'), 610), (('synthesis', 'NN'), 588), (('rats', 'NNS'), 572), (('using', 'VBG'), 541), (('model', 'NN'), 526), (('role', 'NN'), 521), (('clinical', 'JJ'), 511), (('system', 'NN'), 511), (('approach', 'NN'), 496), (('characterization', 'NN'), 493), (('evaluation', 'NN'), 461), (('disease', 'NN'), 447), (('cancer', 'NN'), 447), (('receptor', 'NN'), 431), (('sardinian', 'JJ'), 430), (('structure', 'NN'), 418)]
Viterbo;[('italy', 535), ('effect', 497), ('analysis', 473), ('study', 440), ('forest', 405), ('model', 396), ('specie', 385), ('use', 380), ('new', 356), ('cell', 347), ('mediterranean', 311), ('wheat', 311), ('soil', 301), ('system', 290), ('production', 265), ('italian', 257), ('plant', 253), ('characterization', 250), ('structure', 249), ('central', 236), ('gene', 236), ('activity', 233), ('protein', 232), ('approach', 223), ('water', 220), ('different', 216), ('carbon', 214), ('molecule', 209), ('environment', 207), ('assessment', 204)];[(('analysis', 'NN'), 435), (('species', 'NNS'), 380), (('italy', 'NN'), 369), (('new', 'JJ'), 356), (('study', 'NN'), 307), (('wheat', 'NN'), 267), (('production', 'NN'), 263), (('effects', 'NNS'), 262), (('italian', 'JJ'), 253), (('characterization', 'NN'), 248), (('central', 'JJ'), 236), (('effect', 'NN'), 235), (('using', 'VBG'), 231), (('soil', 'NN'), 230), (('different', 'JJ'), 211), (('forest', 'JJS'), 211), (('model', 'NN'), 197), (('carbon', 'NN'), 197), (('approach', 'NN'), 189), (('quality', 'NN'), 189), (('activity', 'NN'), 186), (('growth', 'NN'), 185), (('european', 'JJ'), 185), (('mediterranean', 'JJ'), 174), (('case', 'NN'), 174), (('water', 'NN'), 173), (('system', 'NN'), 171), (('cells', 'NNS'), 171), (('molecular', 'JJ'), 168), (('data', 'NNS'), 164)]
Catanzaro;[('patient', 1187), ('study', 951), ('cell', 691), ('disease', 597), ('cancer', 548), ('effect', 507), ('treatment', 424), ('clinic', 376), ('italian', 361), ('analysis', 360), ('human', 325), ('case', 311), ('syndrome', 271), ('gene', 266), ('italy', 264), ('use', 263), ('role', 261), ('surgery', 261), ('associate', 242), ('receptor', 236), ('heart', 232), ('activity', 231), ('therapy', 229), ('risk', 225), ('new', 224), ('evaluation', 220), ('expression', 220), ('factor', 219), ('multiple', 216), ('model', 216)];[(('patients', 'NNS'), 1054), (('study', 'NN'), 840), (('cancer', 'NN'), 469), (('disease', 'NN'), 428), (('treatment', 'NN'), 416), (('cells', 'NNS'), 399), (('clinical', 'JJ'), 364), (('italian', 'JJ'), 358), (('analysis', 'NN'), 344), (('effects', 'NNS'), 323), (('human', 'JJ'), 305), (('case', 'NN'), 270), (('role', 'NN'), 261), (('gene', 'NN'), 232), (('new', 'JJ'), 223), (('cell', 'NN'), 219), (('expression', 'NN'), 217), (('associated', 'VBN'), 216), (('evaluation', 'NN'), 212), (('activity', 'NN'), 208), (('therapy', 'NN'), 202), (('risk', 'NN'), 200), (('receptor', 'NN'), 199), (('results', 'NNS'), 187), (('effect', 'NN'), 184), (('chronic', 'JJ'), 183), (('multiple', 'JJ'), 179), (('syndrome', 'NN'), 172), (('surgery', 'NN'), 171), (('report', 'NN'), 169)]
Enna;[('study', 201), ('analysis', 144), ('effect', 109), ('model', 108), ('role', 98), ('use', 97), ('italian', 93), ('energy', 83), ('approach', 82), ('patient', 82), ('network', 75), ('reaction', 75), ('system', 72), ('covid', 70), ('heart', 65), ('new', 64), ('risk', 62), ('management', 57), ('method', 57), ('failure', 57), ('adolescent', 56), ('evaluation', 55), ('performance', 55), ('behavior', 55), ('case', 54), ('relationship', 52), ('experiment', 52), ('base', 52), ('among', 51), ('cognition', 51)];[(('study', 'NN'), 167), (('analysis', 'NN'), 136), (('role', 'NN'), 96), (('italian', 'JJ'), 92), (('approach', 'NN'), 75), (('patients', 'NNS'), 72), (('new', 'JJ'), 62), (('energy', 'NN'), 61), (('effects', 'NNS'), 60), (('model', 'NN'), 57), (('management', 'NN'), 56), (('failure', 'NN'), 56), (('using', 'VBG'), 54), (('heart', 'NN'), 54), (('evaluation', 'NN'), 53), (('risk', 'NN'), 53), (('case', 'NN'), 51), (('among', 'IN'), 51), (('reaction', 'NN'), 50), (('based', 'VBN'), 49), (('effect', 'NN'), 49), (('performance', 'NN'), 47), (('method', 'NN'), 47), (('social', 'JJ'), 45), (('cognitive', 'JJ'), 44), (('relationship', 'NN'), 43), (('system', 'NN'), 42), (('adolescents', 'NNS'), 41), (('data', 'NNS'), 40), (('psychological', 'JJ'), 40)]
Aosta;[('italian', 22), ('di', 20), ('role', 16), ('school', 14), ('evidence', 13), ('effect', 13), ('study', 13), ('italy', 11), ('adolescent', 10), ('market', 10), ('il', 9), ('social', 9), ('new', 8), ('use', 8), ('university', 8), ('city', 7), ('airline', 7), ('assessment', 7), ('price', 7), ('course', 7), ('factor', 7), ('covid', 7), ('global', 6), ('analysis', 6), ('design', 6), ('research', 6), ('development', 6), ('case', 6), ('model', 6), ('technological', 6)];[(('italian', 'JJ'), 22), (('di', 'NN'), 17), (('role', 'NN'), 16), (('evidence', 'NN'), 13), (('school', 'NN'), 12), (('study', 'NN'), 12), (('effects', 'NNS'), 9), (('social', 'JJ'), 9), (('new', 'JJ'), 8), (('il', 'NN'), 8), (('university', 'NN'), 8), (('adolescents', 'NNS'), 7), (('global', 'JJ'), 6), (('analysis', 'NN'), 6), (('design', 'NN'), 6), (('research', 'NN'), 6), (('airline', 'NN'), 6), (('case', 'NN'), 6), (('italy', 'NN'), 6), (('technological', 'JJ'), 6), (('european', 'JJ'), 6), (('empirical', 'JJ'), 6), (('factors', 'NNS'), 6), (('life', 'NN'), 6), (('competition', 'NN'), 6), (('approach', 'NN'), 5), (('blended', 'VBD'), 5), (('among', 'IN'), 5), (('change', 'NN'), 5), (('infants', 'NNS'), 5)]
Pieve Emanuele;[('patient', 611), ('study', 495), ('cancer', 323), ('disease', 274), ('treatment', 220), ('clinic', 217), ('covid', 214), ('surgery', 206), ('outcome', 186), ('cell', 182), ('therapy', 169), ('analysis', 153), ('trial', 148), ('carcinoma', 141), ('italian', 129), ('result', 127), ('colon', 119), ('risk', 114), ('impact', 114), ('multicenter', 111), ('metastasis', 107), ('management', 102), ('liver', 101), ('tumor', 100), ('use', 100), ('versus', 97), ('review', 93), ('safety', 92), ('phase', 89), ('diagnosis', 87)];[(('patients', 'NNS'), 565), (('study', 'NN'), 465), (('cancer', 'NN'), 302), (('disease', 'NN'), 225), (('clinical', 'JJ'), 211), (('treatment', 'NN'), 202), (('therapy', 'NN'), 151), (('analysis', 'NN'), 146), (('surgery', 'NN'), 134), (('italian', 'JJ'), 127), (('results', 'NNS'), 126), (('carcinoma', 'NN'), 126), (('covid', 'NN'), 117), (('trial', 'NN'), 113), (('risk', 'NN'), 104), (('management', 'NN'), 102), (('impact', 'NN'), 98), (('cell', 'NN'), 96), (('safety', 'NN'), 92), (('review', 'NN'), 85), (('outcomes', 'NNS'), 81), (('systematic', 'JJ'), 80), (('prospective', 'JJ'), 80), (('phase', 'NN'), 79), (('multicenter', 'NN'), 77), (('hepatocellular', 'JJ'), 76), (('efficacy', 'NN'), 76), (('severe', 'JJ'), 74), (('case', 'NN'), 74), (('role', 'NN'), 73)]
Novedrate;[('study', 73), ('effect', 70), ('model', 46), ('patient', 46), ('analysis', 41), ('performance', 36), ('player', 34), ('italian', 31), ('exercise', 29), ('test', 29), ('cognition', 29), ('young', 28), ('train', 28), ('system', 25), ('approach', 24), ('use', 23), ('response', 23), ('disease', 23), ('assessment', 22), ('covid', 22), ('experiment', 22), ('disorder', 19), ('motor', 19), ('therapy', 19), ('new', 18), ('age', 18), ('physical', 18), ('muscle', 17), ('structure', 17), ('different', 16)];[(('study', 'NN'), 69), (('patients', 'NNS'), 43), (('effects', 'NNS'), 42), (('analysis', 'NN'), 39), (('players', 'NNS'), 32), (('italian', 'JJ'), 31), (('performance', 'NN'), 31), (('model', 'NN'), 30), (('effect', 'NN'), 28), (('young', 'JJ'), 28), (('cognitive', 'JJ'), 27), (('exercise', 'NN'), 24), (('approach', 'NN'), 22), (('experimental', 'JJ'), 21), (('therapy', 'NN'), 19), (('new', 'JJ'), 18), (('using', 'VBG'), 18), (('motor', 'NN'), 18), (('physical', 'JJ'), 17), (('training', 'NN'), 17), (('assessment', 'NN'), 16), (('different', 'JJ'), 16), (('psychological', 'JJ'), 16), (('body', 'NN'), 16), (('disease', 'VBP'), 16), (('reliability', 'NN'), 16), (('system', 'NN'), 16), (('soccer', 'NN'), 15), (('disorder', 'NN'), 14), (('trial', 'NN'), 14)]
